unit_short,subject_ID,sex,age,years_of_education,group,country,unit,subject_ID of the matched participant,wais3,wais4,waisvocabulary,raven,digit_span,spatial_span,melody_span,nback,PROMSMELODYSCORE,PROMSTUNINGSCORE,PROMSBEATSCORE,PROMSSPEEDSCORE,PROMSTOTALSCORE,PROMSTOTALSCORENOMELODY,eBMRQ_MusicSeeking,eBMRQ_EmotionEvocation,eBMRQ_MoodRegulation,eBMRQ_SensoryMotor,eBMRQ_SocialReward,eBMRQ_MusicalAbsorption,eBMRQ_TOT,BMRQ_TOT,gold_msi_active_engagement,gold_msi_perceptual_abilities,gold_msi_musical_training,gold_msi_emotions,gold_msi_singing_abilities,gold_msi_general_sophistication,bfi_extraversion,bfi_agreeableness,bfi_conscientiousness,bfi_negative_emotionality,bfi_open_mindedness,ses_nuclear_family,AddMusicTraining[years],lastMusicActivity[years],training[years],MT05,melody_span_score,to_keep
AR_BuenosAires,1m21c29,female,29,18,musician,Argentina,Palermo University - Centro de Investigación en Neurociencia y Neuropsicología,1n3g29,NA,40,0.7017543859649122,19,10,7.5,28,13,7.5,3.5,6.5,7,24.5,17,15,20,20,20,20,20,115,95,50,58,43,41,43,112,45,52,49,31,55,8,NA,NA,13,10 or more,block12,TRUE
AR_BuenosAires,2m20j21,female,21,16,musician,Argentina,Palermo University - Centro de Investigación en Neurociencia y Neuropsicología,2n8l22,NA,47,0.8245614035087719,19,8.5,7,31,23,5,4,2.5,2.5,14,9,14,18,18,20,17,16,103,87,39,48,32,35,34,83,38,52,33,38,56,64.5,NA,NA,11,10 or more,block12,TRUE
AR_BuenosAires,3m7g23,male,23,16,musician,Argentina,Palermo University - Centro de Investigación en Neurociencia y Neuropsicología,3n29n24,NA,42,0.7368421052631579,22,10,10.5,40.5,16,9,5,8,7,29,20,19,17,20,17,19,18,110,92,55,61,48,39,49,121,45,59,53,21,51,22,NA,NA,12,10 or more,block12,TRUE
AR_BuenosAires,4m3c30,female,30,15,musician,Argentina,Palermo University - Centro de Investigación en Neurociencia y Neuropsicología,4n26g29,NA,33,0.5789473684210527,21,10,8.5,32.5,23,6.5,5,6,4,21.5,15,11,20,20,15,18,17,101,84,34,57,39,41,44,106,48,49,51,28,50,20.5,NA,NA,10,3-5,block12,FALSE
AR_BuenosAires,5m23l26,male,26,17,musician,Argentina,Palermo University - Centro de Investigación en Neurociencia y Neuropsicología,5n22L26,NA,43,0.7543859649122807,11,10.5,3.5,29,21,6.5,6,6,6,24.5,18,17,20,19,16,18,18,108,90,54,55,43,42,39,111,33,46,51,29,55,38,NA,NA,12,10 or more,block12,TRUE
AR_BuenosAires,6m6m26,male,26,15,musician,Argentina,Palermo University - Centro de Investigación en Neurociencia y Neuropsicología,6n26e26,NA,38,0.6666666666666666,17,6.5,8.5,23.5,21,6,7,7,5,25,19,17,17,17,12,19,19,101,82,52,55,41,37,44,113,39,49,27,22,57,50,NA,NA,14,6-9,block12,FALSE
AR_BuenosAires,7m14l26,male,26,15,musician,Argentina,Palermo University - Centro de Investigación en Neurociencia y Neuropsicología,7n4l25,NA,44,0.7719298245614035,22,8,11.5,18.5,22,7.5,5,5,5.5,23,15.5,17,18,18,20,19,16,108,92,57,59,49,38,38,116,40,50,30,27,36,47,NA,NA,18,10 or more,block12,TRUE
AR_BuenosAires,8m24j30,female,30,18,musician,Argentina,Palermo University - Centro de Investigación en Neurociencia y Neuropsicología,8n29o30,NA,41,0.7192982456140351,25,8.5,7.5,29.5,27,7.5,3.5,6.5,7,24.5,17,8,20,17,19,18,14,96,82,32,51,42,35,36,93,34,49,18,49,54,63,NA,NA,12,6-9,block12,FALSE
AR_BuenosAires,9m16l21,female,21,13,musician,Argentina,Palermo University - Centro de Investigación en Neurociencia y Neuropsicología,9n12m20,NA,45,0.7894736842105263,9,12,7,22.5,22,5.5,7,5.5,6,24,18.5,17,20,16,20,20,18,111,93,54,57,42,40,39,110,50,50,45,42,55,30,NA,NA,17,10 or more,block12,TRUE
AR_BuenosAires,10m25r24,female,24,14,musician,Argentina,Palermo University - Centro de Investigación en Neurociencia y Neuropsicología,10n5a23,NA,35,0.6140350877192983,21,7,8,19.5,16,8,4,5,6,23,15,15,18,16,20,16,18,103,85,54,57,47,38,41,111,43,44,38,42,51,31,NA,NA,15,10 or more,block12,TRUE
AR_BuenosAires,11m15c22,female,22,15,musician,Argentina,Palermo University - Centro de Investigación en Neurociencia y Neuropsicología,NA,NA,42,0.7368421052631579,20,9.5,8.5,NA,12,7,5.5,5,6,23.5,16.5,12,20,20,16,19,14,101,87,48,58,42,31,38,101,40,50,43,37,57,47.5,NA,NA,16,10 or more,NA,TRUE
AR_BuenosAires,12m23l22,female,22,16,musician,Argentina,Palermo University - Centro de Investigación en Neurociencia y Neuropsicología,12n10Z22,NA,46,0.8070175438596491,26,11.5,8,29,20,7,5,5.5,5.5,23,16,17,12,14,18,19,7,87,80,51,62,40,30,42,107,40,47,36,39,44,63,NA,NA,10,10 or more,block12,TRUE
AR_BuenosAires,13m22a26,female,26,13,musician,Argentina,Palermo University - Centro de Investigación en Neurociencia y Neuropsicología,13n30c27,NA,38,0.6666666666666666,9,9.5,6.5,30.5,-13,6,3.5,4,7,20.5,14.5,20,20,20,20,20,20,120,100,49,52,43,37,38,106,54,51,40,33,55,20,NA,NA,10,10 or more,block12,TRUE
AR_BuenosAires,14m8a22,female,22,16,musician,Argentina,Palermo University - Centro de Investigación en Neurociencia y Neuropsicología,14n22m22,NA,45,0.7894736842105263,18,9.5,7.5,24.5,27,7,7.5,9,7.5,31,24,17,19,20,19,20,19,114,95,52,58,43,41,49,119,47,47,35,19,58,53,NA,NA,12,10 or more,block12,TRUE
AR_BuenosAires,15m30j27,male,27,18,musician,Argentina,Palermo University - Centro de Investigación en Neurociencia y Neuropsicología,15n14l27,NA,38,0.6666666666666666,7,12,7.5,30,14,7.5,5.5,8.5,8,29.5,22,14,19,18,17,16,18,102,84,45,57,35,39,41,101,39,42,43,35,51,63,NA,NA,17,3-5,block12,FALSE
AR_BuenosAires,16m9c25,female,25,16,musician,Argentina,Palermo University - Centro de Investigación en Neurociencia y Neuropsicología,16n16m24,NA,35,0.6140350877192983,15,6,8.5,17,16,5,5,4.5,4.5,19,14,16,20,20,20,19,17,112,95,50,58,41,42,36,107,53,42,33,46,59,32,NA,NA,11,3-5,block12,FALSE
AR_BuenosAires,17m18m27,male,27,15,musician,Argentina,Palermo University - Centro de Investigación en Neurociencia y Neuropsicología,17n16d28,NA,38,0.6666666666666666,17,9.5,9,19.5,17,5.5,5,4.5,7,22,16.5,19,19,19,14,18,12,101,89,56,49,42,30,37,109,35,45,29,34,52,23,NA,NA,10,6-9,block12,FALSE
AR_BuenosAires,18m17n30,male,30,18,musician,Argentina,Palermo University - Centro de Investigación en Neurociencia y Neuropsicología,18n19n30,NA,40,0.7017543859649122,23,11,10,24.5,26,8.5,4.5,5.5,7,25.5,17,13,18,16,18,18,16,99,83,50,52,38,34,31,98,37,50,33,29,55,19,NA,NA,10,6-9,block12,FALSE
AR_BuenosAires,19m28m19,male,19,13,musician,Argentina,Palermo University - Centro de Investigación en Neurociencia y Neuropsicología,19n5d18,NA,36,0.631578947368421,7,7.5,8.5,22.5,15,8.5,8,6,6.5,29,20.5,19,20,18,20,18,9,104,95,56,56,42,41,41,115,56,45,51,24,49,35,NA,NA,10,10 or more,block12,TRUE
AR_BuenosAires,20m8i24,male,24,17,musician,Argentina,Palermo University - Centro de Investigación en Neurociencia y Neuropsicología,20n2s23,NA,39,0.6842105263157895,17,11.5,14,27.5,13,8.5,5,5.5,8,27,18.5,18,20,15,19,14,14,100,86,47,53,42,30,44,105,38,33,32,40,54,66,NA,NA,14,10 or more,block12,TRUE
AR_BuenosAires,21m14m23,male,23,15,musician,Argentina,Palermo University - Centro de Investigación en Neurociencia y Neuropsicología,21n2f24,NA,34,0.5964912280701754,9,6.5,8.5,21,17,5,4.5,5,3.5,18,13,17,15,19,15,15,12,93,81,45,49,42,29,31,89,40,46,46,29,49,22,NA,NA,11,6-9,block12,FALSE
AR_BuenosAires,1n3g29,female,29,17,nonmusician,Argentina,Palermo University - Centro de Investigación en Neurociencia y Neuropsicología,1m21c29,NA,38,0.6666666666666666,11,7,5,14.5,17,4.5,6.5,3.5,7,21.5,17,16,17,17,17,17,16,100,84,40,46,11,34,31,66,43,44,49,34,45,8,NA,NA,NA,0,block12,TRUE
AR_BuenosAires,2n8l22,female,22,16,nonmusician,Argentina,Palermo University - Centro de Investigación en Neurociencia y Neuropsicología,2m20j21,NA,40,0.7017543859649122,24,12.5,13.5,18.5,26,2.5,4,6.5,5.5,18.5,16,10,16,15,19,16,8,84,76,24,49,16,35,31,63,40,55,28,42,41,58,1,5,NA,1,block12,TRUE
AR_BuenosAires,3n29n24,male,24,15,nonmusician,Argentina,Palermo University - Centro de Investigación en Neurociencia y Neuropsicología,3m7g23,NA,34,0.5964912280701754,14,9,8,12.5,20,5.5,4,4,6.5,20,14.5,6,18,13,12,13,13,75,62,17,51,11,38,28,62,34,38,36,48,40,53,NA,NA,NA,0,block12,TRUE
AR_BuenosAires,4n26g29,female,29,16,nonmusician,Argentina,Palermo University - Centro de Investigación en Neurociencia y Neuropsicología,4m3c30,NA,41,0.7192982456140351,19,8.5,8,17,22,6,2,5.5,4.5,18,12,14,16,16,19,17,9,91,82,30,40,15,34,32,65,29,45,32,36,52,58,1,5,NA,0.5,block12,FALSE
AR_BuenosAires,5n22L26,male,26,16,nonmusician,Argentina,Palermo University - Centro de Investigación en Neurociencia y Neuropsicología,5m23l26,NA,37,0.6491228070175439,17,7.5,7,9,14,3.5,5,9,6,23.5,20,12,19,16,13,11,8,79,71,23,39,11,34,21,53,26,43,29,48,47,20,NA,NA,NA,0,block12,TRUE
AR_BuenosAires,6n26e26,male,26,15,nonmusician,Argentina,Palermo University - Centro de Investigación en Neurociencia y Neuropsicología,6m6m26,NA,40,0.7017543859649122,15,8.5,6.5,15.5,18,6,6,4.5,4.5,21,15,8,13,13,15,7,6,62,56,15,42,7,30,22,42,31,53,36,40,47,53,NA,NA,NA,0,block12,FALSE
AR_BuenosAires,7n4l25,male,25,15,nonmusician,Argentina,Palermo University - Centro de Investigación en Neurociencia y Neuropsicología,7m14l26,NA,34,0.5964912280701754,27,7,6.5,20.5,23,3,5.5,6,5,19.5,16.5,11,16,20,18,13,16,94,78,43,25,8,31,24,57,38,52,31,38,50,35,NA,NA,NA,0.5,block12,TRUE
AR_BuenosAires,8n29o30,female,30,17,nonmusician,Argentina,Palermo University - Centro de Investigación en Neurociencia y Neuropsicología,8m24j30,NA,37,0.6491228070175439,20,7,6.5,14.5,10,3,3.5,4,7.5,18,15,12,15,19,20,13,11,90,79,28,23,7,36,15,37,40,53,45,36,50,8,NA,NA,NA,0,block12,FALSE
AR_BuenosAires,9n12m20,female,20,12,nonmusician,Argentina,Palermo University - Centro de Investigación en Neurociencia y Neuropsicología,9m16l21,NA,23,0.40350877192982454,13,6,8,21.5,15,3.5,2.5,2.5,4.5,13,9.5,13,18,15,14,16,9,85,76,36,45,12,28,35,70,44,47,36,33,42,16,NA,NA,NA,0,block12,TRUE
AR_BuenosAires,10n5a23,female,23,14,nonmusician,Argentina,Palermo University - Centro de Investigación en Neurociencia y Neuropsicología,10m25r24,NA,35,0.6140350877192983,25,11,11.5,17,24,6,5,6,5,22,16,14,20,14,17,17,11,93,82,40,50,11,38,28,63,40,41,21,30,46,37,1,5,NA,0,block12,TRUE
AR_BuenosAires,11n6f22,female,22,14,nonmusician,Argentina,Palermo University - Centro de Investigación en Neurociencia y Neuropsicología,NA,NA,38,0.6666666666666666,20,10,8.5,14.5,21,2.5,5,5,4.5,17,14.5,11,19,14,15,7,7,73,66,22,34,7,25,23,36,35,36,46,42,46,58,NA,NA,NA,0,block12,TRUE
AR_BuenosAires,12n10Z22,female,22,16,nonmusician,Argentina,Palermo University - Centro de Investigación en Neurociencia y Neuropsicología,12m23l22,NA,40,0.7017543859649122,23,8.5,8,28,13,5,5.5,5.5,4,20,15,17,19,20,18,15,18,107,89,38,44,12,40,18,55,38,44,45,49,56,63,1,5,NA,1,block12,TRUE
AR_BuenosAires,13n30c27,female,27,14,nonmusician,Argentina,Palermo University - Centro de Investigación en Neurociencia y Neuropsicología,13m22a26,NA,37,0.6491228070175439,8,7.5,9,15.5,-6,2.5,3.5,3,3.5,12.5,10,17,20,20,20,18,19,114,95,46,45,13,38,32,72,38,42,31,44,52,22,NA,NA,NA,0,block12,TRUE
AR_BuenosAires,14n22m22,female,22,16,nonmusician,Argentina,Palermo University - Centro de Investigación en Neurociencia y Neuropsicología,14m8a22,NA,36,0.631578947368421,17,8.5,8.5,19,26,4.5,5,7,7,23.5,19,7,18,17,17,12,11,82,71,18,44,7,32,30,50,41,46,43,30,31,44.5,NA,NA,NA,0,block12,TRUE
AR_BuenosAires,15n14l27,male,27,18,nonmusician,Argentina,Palermo University - Centro de Investigación en Neurociencia y Neuropsicología,15m30j27,NA,36,0.631578947368421,7,12,8,18,-1,5,6,5,5.5,21.5,16.5,16,20,20,18,16,16,106,90,57,44,7,38,26,69,52,57,53,24,57,17,NA,NA,NA,0,block12,FALSE
AR_BuenosAires,16n16m24,female,24,15,nonmusician,Argentina,Palermo University - Centro de Investigación en Neurociencia y Neuropsicología,16m9c25,NA,37,0.6491228070175439,15,11.5,7.5,23,10,4.5,4,4,7,19.5,15,16,18,20,19,15,18,106,88,39,37,12,34,30,64,43,52,39,43,48,34,NA,NA,NA,0,block12,FALSE
AR_BuenosAires,17n16d28,male,28,15,nonmusician,Argentina,Palermo University - Centro de Investigación en Neurociencia y Neuropsicología,17m18m27,NA,35,0.6140350877192983,15,10,7.5,22.5,23,3.5,3,3.5,6,16,12.5,10,19,17,19,14,13,92,79,31,27,7,31,16,37,50,50,37,26,47,63.5,NA,NA,NA,0,block12,FALSE
AR_BuenosAires,18n19n30,male,30,19,nonmusician,Argentina,Palermo University - Centro de Investigación en Neurociencia y Neuropsicología,18m17n30,NA,40,0.7017543859649122,25,11,8,19,19,5.5,4,3.5,6,19,13.5,16,20,20,20,17,15,108,93,36,63,7,39,37,66,41,56,48,18,58,45.5,NA,NA,NA,0,block12,FALSE
AR_BuenosAires,19n5d18,male,18,12,nonmusician,Argentina,Palermo University - Centro de Investigación en Neurociencia y Neuropsicología,19m28m19,NA,29,0.5087719298245614,13,8.5,6,18,-2,5.5,5,3,3,16.5,11,14,17,17,19,9,16,92,76,35,41,9,34,28,58,30,44,39,43,45,66,NA,NA,NA,0,block12,TRUE
AR_BuenosAires,20n2s23,male,23,17,nonmusician,Argentina,Palermo University - Centro de Investigación en Neurociencia y Neuropsicología,20m8i24,NA,36,0.631578947368421,16,12.5,8.5,18,25,7,3,7,5,22,15,12,17,16,17,10,15,87,72,26,47,10,39,25,61,40,34,52,32,54,63,2,5,NA,1,block12,TRUE
AR_BuenosAires,21n2f24,male,24,15,nonmusician,Argentina,Palermo University - Centro de Investigación en Neurociencia y Neuropsicología,21m14m23,NA,31,0.543859649122807,19,12.5,12.5,24.5,18,6,6,5,5.5,22.5,16.5,13,19,19,12,15,12,90,78,38,52,18,34,24,70,40,46,44,37,45,49,1,5,NA,0,block12,FALSE
AT_Innsbruck,13n1221,male,21,15,nonmusician,Austria,Innsbruck University – Department of Psychology,10m1121,NA,45,0.7894736842105263,19,9,11,31,23,6.5,5,8,7.5,27,20.5,12,14,15,15,14,14,84,70,27,33,7,32,16,39,55,47,54,17,51,57,NA,NA,NA,0,block12,FALSE
AT_Innsbruck,5m2416,female,24,15,musician,Austria,Innsbruck University – Department of Psychology,10n2824,NA,49,0.8596491228070176,14,9.5,7,24.5,22,7,7.5,6,5,25.5,18.5,17,20,19,18,20,19,113,94,43,61,47,39,28,98,47,53,39,53,57,46.5,NA,NA,15,10 or more,block12,FALSE
AT_Innsbruck,4n2821,female,21,14,nonmusician,Austria,Innsbruck University – Department of Psychology,11m0621,NA,48,0.8421052631578947,29,10,10,21,21,7.5,6,7,7,27.5,20,14,19,19,19,18,11,100,89,27,45,11,37,31,63,56,43,48,23,52,55.5,NA,NA,NA,0,block12,TRUE
AT_Innsbruck,16m2820,female,20,14,musician,Austria,Innsbruck University – Department of Psychology,11n2820,NA,36,0.631578947368421,11,10,10,22,-7,6,8,6,6.5,26.5,20.5,17,16,17,13,17,12,92,80,42,52,39,26,35,91,30,48,44,28,44,44,NA,NA,13,10 or more,block12,FALSE
AT_Innsbruck,5n0422,male,22,15,nonmusician,Austria,Innsbruck University – Department of Psychology,12m1821,NA,48,0.8421052631578947,15,8,7,16.5,10,5.5,3.5,5,5,19,13.5,12,20,20,10,20,19,101,82,32,49,7,37,32,65,58,58,46,20,57,60,NA,NA,NA,0,block12,TRUE
AT_Innsbruck,14m0124,male,24,17,musician,Austria,Innsbruck University – Department of Psychology,12n2424,NA,41,0.7192982456140351,24,9,8.5,16.5,21,6,4,6,3,19,13,18,20,20,12,18,19,107,88,49,54,40,38,39,101,42,52,45,35,41,31,NA,NA,12,10 or more,block12,TRUE
AT_Innsbruck,2n2325,female,25,17,nonmusician,Austria,Innsbruck University – Department of Psychology,13m0925,NA,49,0.8596491228070176,24,9,10,27.5,16,4.5,3.5,6,6,20,15.5,9,10,10,16,11,13,69,56,17,43,12,22,30,59,40,54,42,27,33,26,NA,NA,NA,0,block12,TRUE
AT_Innsbruck,10m1121,male,21,14,musician,Austria,Innsbruck University – Department of Psychology,13n1221,NA,51,0.8947368421052632,19,9,6.5,23.5,29,8.5,6.5,5.5,7,27.5,19,12,19,17,10,12,14,84,70,29,46,30,28,31,76,15,48,45,45,42,63,NA,NA,5,10 or more,block12,FALSE
AT_Innsbruck,12n2424,male,24,17,nonmusician,Austria,Innsbruck University – Department of Psychology,14m0124,NA,49,0.8596491228070176,32,11.5,12.5,16,23,3.5,4.5,4,6,18,14.5,9,15,12,10,10,10,66,56,17,45,10,29,31,56,34,41,40,25,40,47,NA,NA,NA,0,block12,TRUE
AT_Innsbruck,20m1328,female,28,19,musician,Austria,Innsbruck University – Department of Psychology,14n0327,NA,49,0.8596491228070176,25,9.5,8.5,29.5,23,6,7,8.5,6.5,28,22,17,15,18,9,18,20,97,77,47,63,44,33,32,103,48,41,53,24,46,8,NA,NA,10,10 or more,block12,TRUE
AT_Innsbruck,7m0424,female,24,17,musician,Austria,Innsbruck University – Department of Psychology,15n1124,NA,53,0.9298245614035088,21,10.5,6,33,21,7.5,4.5,6,5.5,23.5,16,14,19,20,20,18,20,111,91,43,61,33,39,39,97,47,53,47,34,50,64.5,NA,NA,5,10 or more,block12,FALSE
AT_Innsbruck,11n2820,female,20,13,nonmusician,Austria,Innsbruck University – Department of Psychology,16m2820,NA,30,0.5263157894736842,15,9,7.5,19,-2,5.5,3,4.5,4.5,17.5,12,8,13,13,13,9,4,60,56,16,40,11,23,19,37,38,52,49,26,46,33.5,NA,NA,NA,3-5,block12,FALSE
AT_Innsbruck,18m1122,female,22,16,musician,Austria,Innsbruck University – Department of Psychology,16n1722,NA,45,0.7894736842105263,28,9,11.5,24,26,8,6,7,4,25,17,20,11,12,16,18,17,94,77,44,51,43,30,30,94,37,47,33,28,49,43,NA,NA,16,10 or more,block12,TRUE
AT_Innsbruck,18n2723,female,23,17,nonmusician,Austria,Innsbruck University – Department of Psychology,17m2422,NA,52,0.9122807017543859,23,8.5,10,23,20,3.5,5,5.5,4.5,18.5,15,12,20,16,16,15,14,93,79,26,41,22,35,18,55,33,55,32,45,51,50,5,5,NA,6-9,block12,FALSE
AT_Innsbruck,21m1321,male,21,16,musician,Austria,Innsbruck University – Department of Psychology,17n1922,NA,41,0.7192982456140351,27,10.5,9.5,28.5,25,9,5,4,8,26,17,18,12,17,13,19,14,93,79,44,54,41,33,34,97,43,46,38,39,27,55,NA,NA,15,10 or more,block12,TRUE
AT_Innsbruck,16n1722,female,22,16,nonmusician,Austria,Innsbruck University – Department of Psychology,18m1122,NA,35,0.6140350877192983,19,7.5,9.5,10,22,6,5,1.5,3.5,16,10,17,20,20,20,18,19,114,95,38,32,7,37,22,51,37,37,34,46,54,30.5,NA,NA,NA,0,block12,TRUE
AT_Innsbruck,17m2422,female,22,17,musician,Austria,Innsbruck University – Department of Psychology,18n2723,NA,46,0.8070175438596491,18,10.5,9.5,37,22,9,7.5,5.5,5,27,18,20,19,19,19,19,20,116,96,49,59,49,41,36,110,51,54,42,29,51,21,NA,NA,12,10 or more,block12,FALSE
AT_Innsbruck,19n0519,female,19,13,nonmusician,Austria,Innsbruck University – Department of Psychology,19m1718,NA,47,0.8245614035087719,20,10,10,20.5,22,6,3.5,4,5.5,19,13,15,14,16,15,17,14,91,77,32,42,10,34,23,51,43,48,50,21,50,63,NA,NA,NA,0,block12,TRUE
AT_Innsbruck,19m1718,female,18,12,musician,Austria,Innsbruck University – Department of Psychology,19n0519,NA,49,0.8596491228070176,25,6,12,29,26,7,8,5.5,5.5,26,19,20,18,19,17,16,16,106,90,51,55,42,30,31,99,32,48,46,51,57,58,NA,NA,10,10 or more,block12,TRUE
AT_Innsbruck,20n0926,male,26,19,nonmusician,Austria,Innsbruck University – Department of Psychology,1m0426,NA,52,0.9122807017543859,28,10.5,10,21,25,2.5,5,5.5,6.5,19.5,17,4,6,8,4,5,4,31,27,9,44,7,10,13,33,46,51,50,32,41,26.5,NA,NA,NA,0,block12,FALSE
AT_Innsbruck,6m2723,female,23,17,musician,Austria,Innsbruck University – Department of Psychology,1n2623,NA,46,0.8070175438596491,20,10.5,6.5,24.5,21,8.5,7.5,6.5,7,29.5,21,17,16,20,15,15,17,100,83,46,59,41,37,39,103,49,56,52,23,50,40,NA,NA,4,10 or more,block12,FALSE
AT_Innsbruck,14n0327,female,27,18,nonmusician,Austria,Innsbruck University – Department of Psychology,20m1328,NA,41,0.7192982456140351,28,6.5,4.5,18.5,24,8,5,6,5.5,24.5,16.5,12,12,13,4,11,8,60,52,29,33,7,24,20,46,30,45,35,44,40,52,NA,NA,NA,0,block12,TRUE
AT_Innsbruck,1m0426,male,26,17,musician,Austria,Innsbruck University – Department of Psychology,20n0926,NA,56,0.9824561403508771,29,9.5,7.5,29,20,10,5,6,7,28,18,12,18,15,18,16,19,98,79,38,56,41,32,34,92,37,53,46,23,48,53,NA,NA,9,10 or more,block12,FALSE
AT_Innsbruck,17n1922,male,22,16,nonmusician,Austria,Innsbruck University – Department of Psychology,21m1321,NA,51,0.8947368421052632,20,6,7.5,20.5,16,2.5,3.5,3,2,11,8.5,12,11,14,10,12,9,68,59,20,35,8,25,19,41,25,44,42,29,38,35,NA,NA,NA,0,block12,TRUE
AT_Innsbruck,3n2020,female,20,14,nonmusician,Austria,Innsbruck University – Department of Psychology,2m1720,NA,40,0.7017543859649122,18,8,7,20,23,3,5,3.5,4,15.5,12.5,14,20,17,14,16,11,92,81,25,36,20,30,25,54,33,45,49,38,44,56,2,5,NA,2,block12,TRUE
AT_Innsbruck,13m0925,female,25,17,musician,Austria,Innsbruck University – Department of Psychology,2n2325,NA,48,0.8421052631578947,23,8,10.5,20,23,6.5,4,5,4,19.5,13,13,18,19,19,18,17,104,87,40,51,38,36,34,98,51,49,23,21,56,59.5,NA,NA,12,10 or more,block12,TRUE
AT_Innsbruck,6n1420,female,20,13,nonmusician,Austria,Innsbruck University – Department of Psychology,3m1619,NA,38,0.6666666666666666,19,10.5,8,19.5,25,3.5,5.5,7,6,22,18.5,14,14,15,13,16,14,86,72,29,48,12,38,18,55,52,53,45,30,52,35,NA,NA,NA,0,block12,TRUE
AT_Innsbruck,2m1720,female,20,15,musician,Austria,Innsbruck University – Department of Psychology,3n2020,NA,32,0.5614035087719298,25,12.5,9,26.5,18,8,7.5,8.5,7.5,31.5,23.5,19,18,18,20,19,20,114,94,50,61,45,38,39,110,42,34,49,37,55,29,NA,NA,12,10 or more,block12,TRUE
AT_Innsbruck,7n0220,female,20,14,nonmusician,Austria,Innsbruck University – Department of Psychology,4m2020,NA,33,0.5789473684210527,27,7.5,11,21,25,4.5,3.5,7,6.5,21.5,17,13,14,18,11,8,4,68,64,27,38,17,29,20,52,33,52,34,35,38,27.5,2,5,NA,3-5,block12,FALSE
AT_Innsbruck,11m0621,female,21,14,musician,Austria,Innsbruck University – Department of Psychology,4n2821,NA,41,0.7192982456140351,31,12,11,19.5,27,7,6,7,7,27,20,15,20,20,19,17,15,106,91,39,42,34,36,35,85,26,54,45,42,36,60.5,NA,NA,15,10 or more,block12,TRUE
AT_Innsbruck,10n2824,female,24,14,nonmusician,Austria,Innsbruck University – Department of Psychology,5m2416,NA,53,0.9298245614035088,18,11,8,16,22,3.5,5,3,6.5,18,14.5,16,20,17,14,16,16,99,83,37,48,18,34,23,67,25,46,44,46,45,58,5,3,NA,3-5,block12,FALSE
AT_Innsbruck,12m1821,male,21,15,musician,Austria,Innsbruck University – Department of Psychology,5n0422,NA,42,0.7368421052631579,6,6,5,23,0,7,5,7.5,5.5,25,18,9,20,19,13,12,10,83,73,23,52,36,31,36,80,42,45,35,38,42,8,NA,NA,11,10 or more,block12,TRUE
AT_Innsbruck,1n2623,female,23,17,nonmusician,Austria,Innsbruck University – Department of Psychology,6m2723,NA,46,0.8070175438596491,26,8,8,15.5,14,6,5.5,4.5,6.5,22.5,16.5,12,14,13,17,13,8,77,69,26,44,22,31,25,63,50,52,48,27,47,62,5,5,NA,6-9,block12,FALSE
AT_Innsbruck,3m1619,female,19,13,musician,Austria,Innsbruck University – Department of Psychology,6n1420,NA,41,0.7192982456140351,11,8,10,30,17,6.5,5.5,7,8,27,20.5,12,20,19,17,20,20,108,88,35,51,43,34,26,86,47,56,48,26,49,47.5,NA,NA,11,10 or more,block12,TRUE
AT_Innsbruck,15n1124,female,24,17,nonmusician,Austria,Innsbruck University – Department of Psychology,7m0424,NA,44,0.7719298245614035,24,10,11,24,23,4.5,6,5,6.5,22,17.5,16,17,20,18,13,9,93,84,29,35,7,34,21,49,28,37,27,58,33,43.5,NA,NA,NA,0,block12,FALSE
AT_Innsbruck,4m2020,female,20,13,musician,Austria,Innsbruck University – Department of Psychology,7n0220,NA,49,0.8596491228070176,17,8.5,8,46,24,9,8,9,7.5,33.5,24.5,15,13,20,18,19,9,94,85,43,59,43,35,38,103,38,51,41,25,53,8,NA,NA,12,10 or more,block12,FALSE
AT_Innsbruck,8n2328,female,28,18,nonmusician,Austria,Innsbruck University – Department of Psychology,8m3128,NA,40,0.7017543859649122,24,9,10.5,25.5,19,6,4,8,6,24,18,8,14,15,12,7,8,64,56,15,47,12,28,16,41,29,49,53,46,57,8,NA,NA,NA,0,block12,FALSE
AT_Innsbruck,8m3128,female,28,18,musician,Austria,Innsbruck University – Department of Psychology,8n2328,NA,53,0.9298245614035088,21,9.5,7.5,21.5,19,5.5,5.5,5.5,6,22.5,17,15,18,19,9,15,7,83,76,36,48,36,33,26,80,40,52,50,22,41,36,NA,NA,7,10 or more,block12,FALSE
AT_Innsbruck,9n2122,female,22,14,nonmusician,Austria,Innsbruck University – Department of Psychology,9m1722,NA,39,0.6842105263157895,14,9.5,8,16,19,5,6,6.5,4,21.5,16.5,15,20,20,19,17,18,109,91,35,36,16,36,24,63,39,51,37,35,43,34,NA,NA,NA,0.5,block12,TRUE
AT_Innsbruck,9m1722,female,22,14,musician,Austria,Innsbruck University – Department of Psychology,9n2122,NA,53,0.9298245614035088,16,10.5,7.5,35.5,22,7.5,6,8.5,7,29,21.5,16,18,20,11,15,15,95,80,41,60,37,39,36,97,41,39,54,43,50,50.5,NA,NA,12,10 or more,block12,TRUE
AT_Innsbruck,15m0529,male,29,16,musician,Austria,Innsbruck University – Department of Psychology,NA,NA,49,0.8596491228070176,21,10.5,7.5,21,15,7.5,7,7,6.5,28,20.5,15,17,19,13,19,17,100,83,44,59,44,40,41,109,51,48,31,34,52,48.5,NA,NA,11,10 or more,block12,TRUE
AU_Sydney,13m22n18,female,18,13,musician,Australia,"Western Sydney University - MARCS Institute for Brain, Behaviour and Development",9n15m18,NA,45,0.7894736842105263,18,6.5,8.5,33.5,21,7,6.5,4,5.5,23,16,19,18,19,15,19,18,108,90,45,57,42,39,43,108,44,54,41,21,40,49.5,NA,NA,12,10 or more,block12,TRUE
AU_Sydney,25n9a22,female,22,17,nonmusician,Australia,"Western Sydney University - MARCS Institute for Brain, Behaviour and Development",9m25v21,NA,44,0.7719298245614035,28,12,9.5,20.5,28,5.5,7,9,7,28.5,23,12,14,15,17,14,15,87,72,28,43,15,27,28,59,33,43,27,41,42,58,1,5,NA,1,block12,TRUE
AU_Sydney,16m21e18,male,18,15,musician,Australia,"Western Sydney University - MARCS Institute for Brain, Behaviour and Development",8n11c19,NA,52,0.9122807017543859,23,13,12.5,29.5,25,7.5,7.5,6,7,28,20.5,18,19,20,18,19,19,113,94,55,57,40,42,28,99,38,43,43,48,50,63.5,NA,NA,13,10 or more,block12,TRUE
AU_Sydney,3m24w20,male,20,16,musician,Australia,"Western Sydney University - MARCS Institute for Brain, Behaviour and Development",7n6t20,NA,48,0.8421052631578947,25,12.5,8,32.5,28,10,8,7,6.5,31.5,21.5,16,19,17,12,17,15,96,81,51,56,43,31,41,105,33,40,30,50,48,58,NA,NA,13,10 or more,block12,TRUE
AU_Sydney,25m25c18,female,18,13,musician,Australia,"Western Sydney University - MARCS Institute for Brain, Behaviour and Development",6n3e18,NA,41,0.7192982456140351,20,11.5,8,26.5,15,5,6.5,6,7.5,25,20,18,20,20,18,20,20,116,96,56,62,40,42,45,115,52,42,53,52,55,54,NA,NA,10,10 or more,block12,TRUE
AU_Sydney,4m9j19,female,19,15,musician,Australia,"Western Sydney University - MARCS Institute for Brain, Behaviour and Development",4n21a19,NA,37,0.6491228070175439,29,8.5,10,22,19,7,4.5,6,7,24.5,17.5,19,15,18,16,16,15,99,84,50,63,46,41,39,113,28,51,49,27,47,58,NA,NA,10,10 or more,block12,FALSE
AU_Sydney,4n21a19,female,19,14,nonmusician,Australia,"Western Sydney University - MARCS Institute for Brain, Behaviour and Development",4m9j19,NA,44,0.7719298245614035,25,8.5,7.5,16.5,25,3.5,2.5,5,5,16,12.5,19,20,20,20,17,20,116,96,39,40,16,37,26,62,30,30,25,45,52,24,1,4,NA,0,block12,FALSE
AU_Sydney,7n6t20,male,20,15,nonmusician,Australia,"Western Sydney University - MARCS Institute for Brain, Behaviour and Development",3m24w20,NA,38,0.6666666666666666,13,10,8,19.5,12,3.5,1.5,3.5,6,14.5,11,17,16,16,15,14,13,91,78,32,36,9,26,17,46,37,47,35,33,38,42,NA,NA,NA,0.5,block12,TRUE
AU_Sydney,28m8e29,male,29,17,musician,Australia,"Western Sydney University - MARCS Institute for Brain, Behaviour and Development",28n28s29,NA,48,0.8421052631578947,15,10,8.5,31,17,7,7,7,5,26,19,16,20,20,16,15,20,107,87,39,63,44,42,43,103,38,38,40,27,46,62,NA,NA,23,10 or more,block12,TRUE
AU_Sydney,28n28s29,male,29,16,nonmusician,Australia,"Western Sydney University - MARCS Institute for Brain, Behaviour and Development",28m8e29,NA,34,0.5964912280701754,24,8.5,8,17.5,23,2,4.5,4.5,6,17,15,8,11,15,17,10,7,68,61,20,33,7,24,15,34,37,48,41,27,43,51.5,NA,NA,NA,0,block12,TRUE
AU_Sydney,1m7j30,male,30,18,musician,Australia,"Western Sydney University - MARCS Institute for Brain, Behaviour and Development",27n10a30,NA,46,0.8070175438596491,17,8,4,19.5,8,7,5,4.5,6.5,23,16,18,19,20,11,17,15,100,85,47,59,48,40,38,108,36,44,23,55,53,52,NA,NA,8,10 or more,block12,FALSE
AU_Sydney,17n3d19,female,19,15,nonmusician,Australia,"Western Sydney University - MARCS Institute for Brain, Behaviour and Development",27m16i19,NA,15,0.2631578947368421,5,9.5,5.5,21,-17,6,4.5,3,3.5,17,11,14,17,13,15,15,13,87,74,37,38,14,28,28,60,39,35,38,36,34,53.5,1,5,NA,0.5,block12,TRUE
AU_Sydney,10m7c22,female,22,16,musician,Australia,"Western Sydney University - MARCS Institute for Brain, Behaviour and Development",26n18e21,NA,40,0.7017543859649122,27,10,9,31,20,7,8,9,8,32,25,17,18,20,20,18,19,112,93,49,55,38,36,27,91,28,39,26,48,54,31,NA,NA,8,6-9,block12,FALSE
AU_Sydney,20n11f18,female,18,13,nonmusician,Australia,"Western Sydney University - MARCS Institute for Brain, Behaviour and Development",26m4j18,NA,29,0.5087719298245614,13,12,10.5,27.5,-2,4,5.5,8,7,24.5,20.5,15,19,19,18,20,18,109,91,35,47,10,40,31,71,39,43,44,41,52,38,NA,NA,NA,0,block12,TRUE
AU_Sydney,9m25v21,female,21,16,musician,Australia,"Western Sydney University - MARCS Institute for Brain, Behaviour and Development",25n9a22,NA,49,0.8596491228070176,29,19,12,42,26,8.5,5,7.5,5,26,17.5,16,19,17,14,17,19,102,83,43,54,41,38,25,89,33,43,37,41,48,59.5,NA,NA,11,10 or more,block12,TRUE
AU_Sydney,6n3e18,female,18,13,nonmusician,Australia,"Western Sydney University - MARCS Institute for Brain, Behaviour and Development",25m25c18,NA,39,0.6842105263157895,11,11.5,8.5,21.5,17,6.5,4,5.5,7.5,23.5,17,13,12,16,16,12,14,83,69,32,40,12,30,23,60,32,42,34,41,45,58,NA,NA,NA,0,block12,TRUE
AU_Sydney,23m6j22,female,22,18,musician,Australia,"Western Sydney University - MARCS Institute for Brain, Behaviour and Development",24n30k22,NA,51,0.8947368421052632,18,11.5,12.5,35,-17,8.5,7.5,7,4.5,27.5,19,15,14,10,13,17,15,84,69,45,52,41,33,32,94,34,38,45,41,46,44,NA,NA,16,10 or more,block12,TRUE
AU_Sydney,21n7o20,male,20,15,nonmusician,Australia,"Western Sydney University - MARCS Institute for Brain, Behaviour and Development",24m29j20,NA,26,0.45614035087719296,19,15.5,12.5,17.5,-22,2,3,2.5,3.5,11,9,14,14,16,13,14,13,84,71,35,41,23,25,26,66,41,41,44,28,39,58,NA,NA,NA,2,block12,TRUE
AU_Sydney,17m14l25,female,25,19,musician,Australia,"Western Sydney University - MARCS Institute for Brain, Behaviour and Development",23n15k26,NA,55,0.9649122807017544,32,18,11.5,40,30,8,8,8,8,32,24,17,18,16,19,16,14,100,86,49,61,47,37,37,111,38,50,40,34,53,55.5,NA,NA,11,10 or more,block12,TRUE
AU_Sydney,24n30k22,female,22,17,nonmusician,Australia,"Western Sydney University - MARCS Institute for Brain, Behaviour and Development",23m6j22,NA,30,0.5263157894736842,18,11,9,27.5,-5,6,6,7,7,26,20,13,14,16,19,17,14,93,79,43,36,12,34,30,63,31,44,26,37,41,38,NA,NA,NA,0,block12,TRUE
AU_Sydney,21m14r18,male,18,13,musician,Australia,"Western Sydney University - MARCS Institute for Brain, Behaviour and Development",22n6j19,NA,38,0.6666666666666666,26,9.5,10,26,20,8,7,4.5,7,26.5,18.5,17,20,19,12,18,20,106,86,41,46,35,41,21,77,33,50,44,55,46,50.5,NA,NA,13,10 or more,block12,TRUE
AU_Sydney,11n28m18,female,18,12,nonmusician,Australia,"Western Sydney University - MARCS Institute for Brain, Behaviour and Development",22m16a18,NA,19,0.3333333333333333,9,6,6,8,11,3,4.5,4,1,12.5,9.5,12,7,14,8,13,12,66,54,32,44,20,26,29,71,34,38,35,34,33,48,NA,NA,NA,2,block12,TRUE
AU_Sydney,24m29j20,male,20,15,musician,Australia,"Western Sydney University - MARCS Institute for Brain, Behaviour and Development",21n7o20,NA,43,0.7543859649122807,16,12,7,26,20,7.5,5.5,5.5,7,25.5,18,14,15,16,14,14,17,90,73,35,58,44,33,41,97,33,52,43,28,41,43,NA,NA,15,10 or more,block12,TRUE
AU_Sydney,22n6j19,male,19,14,nonmusician,Australia,"Western Sydney University - MARCS Institute for Brain, Behaviour and Development",21m14r18,NA,33,0.5789473684210527,9,8.5,7,18,26,4,2,3,6,15,11,12,14,16,10,11,14,77,63,32,47,7,31,31,62,50,46,45,23,50,19,NA,NA,NA,0,block12,TRUE
AU_Sydney,26m4j18,female,18,13,musician,Australia,"Western Sydney University - MARCS Institute for Brain, Behaviour and Development",20n11f18,NA,37,0.6491228070175439,17,9,9.5,31.5,4,7.5,2,5.5,5.5,20.5,13,12,12,17,13,12,12,78,66,28,50,40,23,34,82,38,39,24,35,31,38.5,NA,NA,10,10 or more,block12,TRUE
AU_Sydney,15n11a18,male,18,13,nonmusician,Australia,"Western Sydney University - MARCS Institute for Brain, Behaviour and Development",20m8t18,NA,42,0.7368421052631579,14,12.5,10,24.5,0,6,6,5,5.5,22.5,16.5,15,17,20,13,13,18,96,78,32,33,7,37,21,49,31,38,43,41,48,40,NA,NA,NA,0,block12,FALSE
AU_Sydney,27n10a30,male,30,18,nonmusician,Australia,"Western Sydney University - MARCS Institute for Brain, Behaviour and Development",1m7j30,NA,51,0.8947368421052632,15,12,10,23,22,6.5,2.5,5,6,20,13.5,10,9,14,13,10,5,61,56,28,36,7,28,21,44,29,35,27,47,27,35,NA,NA,NA,0,block12,FALSE
AU_Sydney,14n17j18,male,18,13,nonmusician,Australia,"Western Sydney University - MARCS Institute for Brain, Behaviour and Development",19m6n18,NA,44,0.7719298245614035,22,10,9,20.5,28,3.5,3,4.5,5.5,16.5,13,14,17,17,16,12,12,88,76,41,53,7,37,21,59,33,43,25,52,40,44,NA,NA,NA,0,block12,FALSE
AU_Sydney,14m29a22,female,22,17,musician,Australia,"Western Sydney University - MARCS Institute for Brain, Behaviour and Development",18n28e23,NA,49,0.8596491228070176,20,10,9,22.5,22,6,6,5,7,24,18,17,20,20,19,19,18,113,95,56,53,41,41,35,103,45,38,36,45,58,58,NA,NA,8,10 or more,block12,FALSE
AU_Sydney,10n16m18,female,18,13,nonmusician,Australia,"Western Sydney University - MARCS Institute for Brain, Behaviour and Development",18m27e18,NA,14,0.24561403508771928,11,7,11,14.5,-12,3,4,4,6.5,17.5,14.5,17,16,15,17,16,16,97,81,27,38,18,27,39,71,44,50,53,36,46,27,NA,NA,NA,0,block12,TRUE
AU_Sydney,27m16i19,female,19,15,musician,Australia,"Western Sydney University - MARCS Institute for Brain, Behaviour and Development",17n3d19,NA,38,0.6666666666666666,22,8.5,9.5,23,24,9,7,6,7,29,20,18,16,14,16,18,16,98,82,55,56,41,36,37,106,56,47,49,31,54,66,NA,NA,14,10 or more,block12,TRUE
AU_Sydney,23n15k26,female,26,20,nonmusician,Australia,"Western Sydney University - MARCS Institute for Brain, Behaviour and Development",17m14l25,NA,48,0.8421052631578947,20,12,8,20.5,24,5,6.5,7,8,26.5,21.5,12,20,19,20,12,20,103,83,31,50,29,36,41,93,41,39,52,41,57,63,2,5,NA,2,block12,TRUE
AU_Sydney,8n11c19,male,19,14,nonmusician,Australia,"Western Sydney University - MARCS Institute for Brain, Behaviour and Development",16m21e18,NA,30,0.5263157894736842,25,7.5,8.5,19.5,20,3.5,1.5,5,6,16,12.5,16,6,17,20,14,8,81,73,31,39,7,23,36,51,54,37,40,28,42,53,NA,NA,NA,0,block12,TRUE
AU_Sydney,20m8t18,male,18,14,musician,Australia,"Western Sydney University - MARCS Institute for Brain, Behaviour and Development",15n11a18,NA,50,0.8771929824561403,29,15.5,11.5,30,29,9,6.5,7.5,4,27,18,20,17,19,15,19,20,110,90,52,43,38,37,33,96,40,42,30,40,51,51,NA,NA,4,6-9,block12,FALSE
AU_Sydney,13n30a19,female,19,14,nonmusician,Australia,"Western Sydney University - MARCS Institute for Brain, Behaviour and Development",15m29s19,NA,15,0.2631578947368421,7,10.5,6.5,18,-4,4.5,5,4.5,6.5,20.5,16,19,20,16,20,10,13,98,85,29,42,7,26,24,45,32,54,48,22,43,21,NA,NA,NA,0,block12,TRUE
AU_Sydney,19m6n18,male,18,13,musician,Australia,"Western Sydney University - MARCS Institute for Brain, Behaviour and Development",14n17j18,NA,45,0.7894736842105263,27,12,7,32,16,7.5,7,5,6,25.5,18,19,16,20,11,16,17,99,82,51,59,39,35,39,101,36,45,23,31,51,61,NA,NA,13,3-5,block12,FALSE
AU_Sydney,18n28e23,female,23,18,nonmusician,Australia,"Western Sydney University - MARCS Institute for Brain, Behaviour and Development",14m29a22,NA,32,0.5614035087719298,10,10,11,19.5,17,6,3,3.5,4.5,17,11,14,13,15,15,15,14,86,72,26,45,10,28,10,39,35,46,41,33,41,42,NA,NA,NA,0,block12,FALSE
AU_Sydney,15m29s19,female,19,14,musician,Australia,"Western Sydney University - MARCS Institute for Brain, Behaviour and Development",13n30a19,NA,39,0.6842105263157895,20,8.5,9,26.5,-8,6.5,3,5,5,19.5,13,10,17,17,16,16,9,85,76,31,50,33,30,39,95,25,47,30,42,48,8,NA,NA,13,10 or more,block12,TRUE
AU_Sydney,9n15m18,female,18,13,nonmusician,Australia,"Western Sydney University - MARCS Institute for Brain, Behaviour and Development",13m22n18,NA,38,0.6666666666666666,8,11,7.5,16,-9,4.5,3.5,4,7,19,14.5,16,17,17,15,13,17,95,78,30,39,15,34,33,66,46,37,33,32,39,66,NA,NA,NA,0,block12,TRUE
AU_Sydney,22m16a18,female,18,13,musician,Australia,"Western Sydney University - MARCS Institute for Brain, Behaviour and Development",11n28m18,NA,47,0.8245614035087719,21,9,9,31,23,7.5,6.5,7.5,7,28.5,21,13,18,16,17,19,14,97,83,39,56,42,35,25,89,37,45,38,52,53,53,NA,NA,10,10 or more,block12,TRUE
AU_Sydney,18m27e18,female,18,13,musician,Australia,"Western Sydney University - MARCS Institute for Brain, Behaviour and Development",10n16m18,NA,47,0.8245614035087719,25,12.5,7.5,23,26,9,7,6,6.5,28.5,19.5,19,17,20,20,19,19,114,95,54,58,42,37,42,110,56,53,40,24,51,51,NA,NA,10,10 or more,block12,TRUE
AU_Sydney,26n18e21,female,21,16,nonmusician,Australia,"Western Sydney University - MARCS Institute for Brain, Behaviour and Development",10m7c22,NA,51,0.8947368421052632,19,4,10.5,23.5,24,6,4,5.5,6.5,22,16,14,16,17,18,15,15,95,80,38,40,15,29,33,68,25,51,27,40,46,48,NA,NA,NA,0,block12,FALSE
AU_Sydney,1n5p18,female,18,14,nonmusician,Australia,"Western Sydney University - MARCS Institute for Brain, Behaviour and Development",NA,NA,32,0.5614035087719298,17,NA,7,22,2,6,2,6,8,22,16,11,10,19,17,15,11,83,72,26,47,7,27,28,55,40,47,45,42,41,29.5,NA,NA,NA,0,block12,TRUE
AU_Sydney,5n11s26,male,26,22,nonmusician,Australia,"Western Sydney University - MARCS Institute for Brain, Behaviour and Development",NA,NA,49,0.8596491228070176,17,NA,7,29,22,7.5,3,6.5,7.5,24.5,17,17,17,19,16,14,20,103,83,47,55,19,37,25,76,27,47,25,44,50,66,NA,NA,NA,0,block12,TRUE
AU_Sydney,2n5g19,female,19,13,nonmusician,Australia,"Western Sydney University - MARCS Institute for Brain, Behaviour and Development",NA,NA,38,0.6666666666666666,26,10.5,7.5,31.5,19,8.5,4,9,8,29.5,21,8,19,15,16,14,14,86,72,26,45,12,33,36,67,35,39,28,56,47,38.5,NA,NA,NA,0,block12,TRUE
AU_Sydney,3n19e20,female,20,13,nonmusician,Australia,"Western Sydney University - MARCS Institute for Brain, Behaviour and Development",NA,NA,40,0.7017543859649122,21,10,9.5,33,20,7,6.5,4.5,6,24,17,14,10,13,13,11,7,68,61,22,48,30,24,20,54,24,46,43,50,28,63.5,5,2,NA,10 or more,block12,FALSE
AU_Sydney,12n29k21,male,21,15,nonmusician,Australia,"Western Sydney University - MARCS Institute for Brain, Behaviour and Development",NA,NA,43,0.7543859649122807,17,10.5,8.5,21.5,24,5.5,6,6.5,7,25,19.5,12,13,17,14,4,11,71,60,25,32,7,31,10,34,48,44,44,48,42,57,NA,NA,NA,0,block12,TRUE
AU_Sydney,2m26k25,female,25,17,musician,Australia,"Western Sydney University - MARCS Institute for Brain, Behaviour and Development",NA,NA,52,0.9122807017543859,22,12,10,34,-17,8,5,8,8,29,21,12,16,16,13,15,14,86,72,41,58,45,34,42,106,38,45,48,29,48,63,NA,NA,18,10 or more,block12,TRUE
AU_Sydney,5m30e29,female,29,17,musician,Australia,"Western Sydney University - MARCS Institute for Brain, Behaviour and Development",NA,NA,46,0.8070175438596491,16,12,9,27.5,21,6.5,5.5,7.5,5,24.5,18,14,13,16,15,18,18,94,76,40,52,36,32,43,103,38,50,42,43,42,54,NA,NA,10,10 or more,block12,TRUE
AU_Sydney,6m2g26,male,26,20,musician,Australia,"Western Sydney University - MARCS Institute for Brain, Behaviour and Development",NA,NA,41,0.7192982456140351,30,9.5,10.5,29,10,7.5,4,7,6.5,25,17.5,13,15,12,10,11,11,72,61,38,54,40,29,31,90,36,39,46,46,41,8,NA,NA,13,10 or more,block12,TRUE
AU_Sydney,7m18d28,female,28,23,musician,Australia,"Western Sydney University - MARCS Institute for Brain, Behaviour and Development",NA,NA,50,0.8771929824561403,25,10,8.5,29,12,6,6,4,5,21,15,17,16,20,15,16,12,96,84,53,63,44,39,43,115,48,58,58,24,58,54.5,NA,NA,22,10 or more,block12,TRUE
AU_Sydney,8m22m29,male,29,22,musician,Australia,"Western Sydney University - MARCS Institute for Brain, Behaviour and Development",NA,NA,44,0.7719298245614035,23,11,11,18,-10,7.5,6,6.5,7,27,19.5,17,16,18,11,17,16,95,79,50,55,47,39,42,109,40,25,28,41,56,57,NA,NA,16,10 or more,block12,TRUE
AU_Sydney,16n24a20,male,20,13,nonmusician,Australia,"Western Sydney University - MARCS Institute for Brain, Behaviour and Development",NA,NA,39,0.6842105263157895,15,10,8.5,19,19,2,2,2,5,11,9,13,16,16,14,13,16,88,72,25,39,10,26,25,48,39,40,41,33,41,48,NA,NA,NA,0,block12,TRUE
AU_Sydney,19n21b20,female,20,13,nonmusician,Australia,"Western Sydney University - MARCS Institute for Brain, Behaviour and Development",NA,NA,34,0.5964912280701754,15,10,9,22,1,3,1.5,5,6.5,16,13,12,17,20,18,17,11,95,84,27,41,14,38,26,50,35,41,34,46,45,63,NA,NA,NA,1,block12,TRUE
AU_Sydney,11m16r27,male,27,16,musician,Australia,"Western Sydney University - MARCS Institute for Brain, Behaviour and Development",NA,NA,52,0.9122807017543859,30,11.5,12,26,20,8,6,9,7,30,22,20,20,20,20,19,20,119,99,58,56,49,42,48,124,40,58,36,20,59,56,NA,NA,3,10 or more,block12,FALSE
AU_Sydney,12m13l27,male,27,16,musician,Australia,"Western Sydney University - MARCS Institute for Brain, Behaviour and Development",NA,NA,38,0.6666666666666666,13,8.5,12,24,17,5.5,5,6.5,6.5,23.5,18,19,17,17,13,18,17,101,84,49,63,42,40,36,99,38,51,54,15,51,57.5,NA,NA,10,10 or more,block12,TRUE
BE_Bruxelles,1m14p24,male,24,17,musician,Belgium,Bruxelles - Université Libre,1n7s24,NA,34,0.5964912280701754,19,8,8.5,29.5,20,7.5,7,3.5,7,25,17.5,18,19,16,15,15,16,99,83,54,51,43,36,41,109,48,42,51,31,56,66,NA,NA,10,10 or more,block12,TRUE
BE_Bruxelles,2m29c25,male,25,18,musician,Belgium,Bruxelles - Université Libre,12n18s26,NA,38,0.6666666666666666,21,11.5,11,27,29,8.5,5,7,7.5,28,19.5,18,20,20,20,20,20,118,98,40,47,33,36,31,82,40,48,31,39,52,66,NA,NA,13,6-9,block12,FALSE
BE_Bruxelles,3m18a29,female,29,18,musician,Belgium,Bruxelles - Université Libre,8n4s28,NA,42,0.7368421052631579,17,14,7.5,27.5,27,7,5,3.5,5.5,21,14,18,20,20,17,17,16,108,92,49,46,40,36,36,94,34,38,47,38,49,52,NA,NA,22,10 or more,block12,TRUE
BE_Bruxelles,4m24t28,male,28,17,musician,Belgium,Bruxelles - Université Libre,10n12m29,NA,42,0.7368421052631579,21,9.5,9,20,28,6,4.5,6.5,4,21,15,16,15,17,14,15,10,87,77,37,56,39,34,17,76,37,38,43,32,52,66,NA,NA,15,10 or more,block12,TRUE
BE_Bruxelles,5m30e22,female,22,16,musician,Belgium,Bruxelles - Université Libre,5n7w22,NA,41,0.7192982456140351,12,6,7.5,31,13,8,7,3.5,6,24.5,16.5,17,20,20,12,18,18,105,87,46,62,42,41,36,101,37,56,50,39,57,54.5,NA,NA,16,10 or more,block12,TRUE
BE_Bruxelles,6m17m23,female,23,17,musician,Belgium,Bruxelles - Université Libre,3n17z24,NA,49,0.8596491228070176,28,9.5,9,33,27,7.5,8,8,8,31.5,24,15,17,18,17,17,17,101,84,52,55,45,40,37,108,36,54,34,37,56,66,NA,NA,13,10 or more,block12,TRUE
BE_Bruxelles,7m8a22,female,22,17,musician,Belgium,Bruxelles - Université Libre,4n28e23,NA,40,0.7017543859649122,20,6.5,7,28,19,7.5,4,8,8,27.5,20,12,17,17,18,14,16,94,78,35,46,35,32,29,75,46,49,50,29,44,61,NA,NA,16,10 or more,block12,FALSE
BE_Bruxelles,8m4p24,male,24,17,musician,Belgium,Bruxelles - Université Libre,2n6u25,NA,49,0.8596491228070176,30,10.5,10.5,34,25,10,6,7,6,29,19,16,20,18,16,17,20,107,87,53,59,49,41,39,112,48,46,36,37,52,62,NA,NA,19,10 or more,block12,TRUE
BE_Bruxelles,9m6l29,male,29,14,musician,Belgium,Bruxelles - Université Libre,17n12r30,NA,45,0.7894736842105263,16,10,7.5,25.5,12,7,6.5,6.5,8,28,21,18,18,16,8,17,12,89,77,57,53,46,40,31,102,31,38,31,31,53,59.5,NA,NA,15,10 or more,block12,TRUE
BE_Bruxelles,10m17r19,male,19,12,musician,Belgium,Bruxelles - Université Libre,20n6d18,NA,42,0.7368421052631579,25,13.5,9.5,23.5,28,6,4,6.5,6.5,23,17,15,13,16,9,14,8,75,67,36,50,37,31,16,66,32,47,31,37,49,55.5,NA,NA,10,10 or more,block12,TRUE
BE_Bruxelles,11m9z24,male,24,16,musician,Belgium,Bruxelles - Université Libre,14n29k25,NA,41,0.7192982456140351,23,9,7.5,33,25,10,7.5,7.5,6.5,31.5,21.5,18,18,18,16,16,18,104,86,52,57,40,36,38,103,28,47,31,41,49,46,NA,NA,8,10 or more,block12,FALSE
BE_Bruxelles,12m14f28,female,28,22,musician,Belgium,Bruxelles - Université Libre,13n3e27,NA,53,0.9298245614035088,27,9.5,8.5,30.5,27,9,6,8.5,7,30.5,21.5,8,19,14,15,14,18,88,70,42,57,35,37,39,100,36,52,51,41,51,66,NA,NA,22,10 or more,block12,TRUE
BE_Bruxelles,13m20e21,female,21,15,musician,Belgium,Bruxelles - Université Libre,7n10n22,NA,44,0.7719298245614035,19,14.5,5.5,43.5,25,9.5,5,9.5,4.5,28.5,19,15,20,16,18,16,15,100,85,43,53,39,39,38,95,36,53,48,37,52,57.5,NA,NA,8,6-9,block12,FALSE
BE_Bruxelles,14m24j21,male,21,15,musician,Belgium,Bruxelles - Université Libre,19n12m22,NA,51,0.8947368421052632,33,13.5,10,38.5,23,9.5,8,10,7.5,35,25.5,19,19,19,18,19,20,114,94,54,59,49,42,41,115,45,48,37,47,60,48,NA,NA,16,10 or more,block12,TRUE
BE_Bruxelles,15m15m20,female,20,13,musician,Belgium,Bruxelles - Université Libre,15n31p20,NA,51,0.8947368421052632,22,11.5,10,38,21,10,8,9,8,35,25,14,20,19,19,17,20,109,89,50,57,43,38,36,102,35,45,32,46,56,44.5,NA,NA,7,10 or more,block12,FALSE
BE_Bruxelles,16m1s19,male,19,13,musician,Belgium,Bruxelles - Université Libre,22n20r20,NA,38,0.6666666666666666,23,10.5,9,25,18,7,4,4.5,6,21.5,14.5,14,19,18,16,16,11,94,83,44,44,39,30,32,90,34,51,39,29,49,46,NA,NA,7,10 or more,block12,FALSE
BE_Bruxelles,17m7m30,male,30,21,musician,Belgium,Bruxelles - Université Libre,21n30y29,NA,41,0.7192982456140351,22,8,9,29.5,27,7.5,6.5,4,6.5,24.5,17,14,13,18,20,20,18,103,85,48,49,44,36,39,102,52,44,48,34,55,36,NA,NA,10,10 or more,block12,TRUE
BE_Bruxelles,18m16s24,female,24,18,musician,Belgium,Bruxelles - Université Libre,11n15e25,NA,42,0.7368421052631579,8,15.5,9.5,30.5,25,6.5,6,7.5,6.5,26.5,20,16,14,17,16,12,13,88,75,50,59,43,30,35,103,33,45,41,44,56,14,NA,NA,13,10 or more,block12,FALSE
BE_Bruxelles,19m18s21,female,21,14,musician,Belgium,Bruxelles - Université Libre,9n26w22,NA,45,0.7894736842105263,21,8.5,8,27.5,22,8,6,6,5.5,25.5,17.5,16,20,19,17,17,15,104,89,41,56,42,37,39,99,42,46,50,32,47,53.5,NA,NA,14,10 or more,block12,TRUE
BE_Bruxelles,20m13b20,male,20,14,musician,Belgium,Bruxelles - Université Libre,6n4l21,NA,39,0.6842105263157895,30,9.5,9.5,30,28,8,5.5,8,7.5,29,21,17,19,18,11,12,16,93,77,45,60,36,38,36,98,41,49,32,24,57,56,NA,NA,10,10 or more,block12,TRUE
BE_Bruxelles,21m13j20,female,20,13,musician,Belgium,Bruxelles - Université Libre,18n20y19,NA,43,0.7543859649122807,29,9.5,10.5,29,23,8,6,8,7.5,29.5,21.5,18,19,20,19,19,18,113,95,52,56,36,40,34,96,38,45,40,43,55,53.5,NA,NA,10,6-9,block12,FALSE
BE_Bruxelles,1n7s24,male,24,18,nonmusician,Belgium,Bruxelles - Université Libre,1m14p24,NA,37,0.6491228070175439,12,11.5,8,19,15,5.5,1.5,4.5,4.5,16,10.5,15,11,16,14,12,12,80,68,36,38,10,33,23,54,44,45,51,32,41,49,NA,NA,NA,2,block12,TRUE
BE_Bruxelles,2n6u25,male,25,18,nonmusician,Belgium,Bruxelles - Université Libre,8m4p24,NA,44,0.7719298245614035,26,11,7,23,11,4,2.5,5.5,5,17,13,15,17,19,7,13,14,85,71,28,32,15,28,17,40,45,43,32,32,42,53.5,1,5,NA,1,block12,TRUE
BE_Bruxelles,3n17z24,female,24,17,nonmusician,Belgium,Bruxelles - Université Libre,6m17m23,NA,48,0.8421052631578947,25,10.5,8,22.5,19,5,3.5,5.5,7,21,16,13,20,18,20,18,20,109,89,29,57,17,35,31,70,45,49,51,44,49,63.5,2,5,NA,2,block12,TRUE
BE_Bruxelles,4n28e23,female,23,16,nonmusician,Belgium,Bruxelles - Université Libre,7m8a22,NA,35,0.6140350877192983,21,7,10,21.5,24,6,4,5.5,4.5,20,14,15,16,20,13,7,20,91,71,47,41,14,40,14,53,22,48,29,43,52,8,1,4,NA,1,block12,FALSE
BE_Bruxelles,5n7w22,female,22,16,nonmusician,Belgium,Bruxelles - Université Libre,5m30e22,NA,32,0.5614035087719298,18,7.5,9.5,21,16,4,4.5,5,6,19.5,15.5,13,16,15,17,16,8,85,77,33,45,7,31,14,49,36,52,36,55,44,27,NA,NA,NA,0,block12,TRUE
BE_Bruxelles,6n4l21,male,21,15,nonmusician,Belgium,Bruxelles - Université Libre,20m13b20,NA,49,0.8596491228070176,16,9.5,6.5,15,16,3,2.5,6.5,7,19,16,12,9,16,10,15,7,69,62,25,43,8,31,25,51,35,44,43,31,41,66,NA,NA,NA,0,block12,TRUE
BE_Bruxelles,7n10n22,female,22,15,nonmusician,Belgium,Bruxelles - Université Libre,13m20e21,NA,39,0.6842105263157895,16,9.5,9,18,9,5,5.5,5.5,6.5,22.5,17.5,7,10,11,6,5,11,50,39,20,41,7,19,18,39,47,46,56,46,55,35,NA,NA,NA,0,block12,FALSE
BE_Bruxelles,8n4s28,female,28,17,nonmusician,Belgium,Bruxelles - Université Libre,3m18a29,NA,53,0.9298245614035088,21,8,5,25,27,4.5,1.5,5,5.5,16.5,12,9,14,17,18,12,8,78,70,30,44,11,31,26,58,48,45,44,36,42,51,NA,NA,NA,0,block12,TRUE
BE_Bruxelles,9n26w22,female,22,15,nonmusician,Belgium,Bruxelles - Université Libre,19m18s21,NA,38,0.6666666666666666,18,10.5,7,14.5,20,5.5,5,6,3,19.5,14,12,14,15,16,15,14,86,72,34,36,11,33,25,61,41,39,44,30,45,34,NA,NA,NA,0,block12,TRUE
BE_Bruxelles,10n12m29,male,29,17,nonmusician,Belgium,Bruxelles - Université Libre,4m24t28,NA,55,0.9649122807017544,22,9.5,8,23.5,19,6,1,3,3.5,13.5,7.5,10,15,16,12,9,11,73,62,37,45,17,29,26,67,38,54,48,17,53,33.5,2,5,NA,0.5,block12,TRUE
BE_Bruxelles,11n15e25,female,25,17,nonmusician,Belgium,Bruxelles - Université Libre,18m16s24,NA,46,0.8070175438596491,25,12.5,10.5,32,23,6.5,6,6,7,25.5,19,10,14,20,14,9,10,77,67,33,38,15,29,16,54,37,46,58,35,48,56,1,3,NA,0.5,block12,FALSE
BE_Bruxelles,12n18s26,male,26,19,nonmusician,Belgium,Bruxelles - Université Libre,2m29c25,NA,34,0.5964912280701754,17,10.5,10,11,-6,2.5,5.5,3.5,5.5,17,14.5,12,13,15,6,10,15,71,56,31,31,10,32,16,46,45,42,53,42,28,53.5,1,5,NA,0,block12,FALSE
BE_Bruxelles,13n3e27,female,27,21,nonmusician,Belgium,Bruxelles - Université Libre,12m14f28,NA,45,0.7894736842105263,26,7.5,9,27,21,6,3.5,4.5,6,20,14,11,17,12,15,13,12,80,68,32,37,7,39,22,48,49,50,44,34,53,63.5,NA,NA,NA,0,block12,TRUE
BE_Bruxelles,14n29k25,male,25,17,nonmusician,Belgium,Bruxelles - Université Libre,11m9z24,NA,40,0.7017543859649122,25,12.5,8.5,24,23,5.5,5,6.5,6.5,23.5,18,17,18,17,19,16,16,103,87,40,51,9,38,29,61,47,50,41,42,46,45.5,NA,NA,NA,0,block12,FALSE
BE_Bruxelles,15n31p20,female,20,13,nonmusician,Belgium,Bruxelles - Université Libre,15m15m20,NA,39,0.6842105263157895,26,9,8,28,22,4,4.5,4.5,4.5,17.5,13.5,11,14,16,17,8,5,71,66,26,41,7,27,23,41,41,37,52,53,47,37,NA,NA,NA,0,block12,FALSE
BE_Bruxelles,17n12r30,male,30,14,nonmusician,Belgium,Bruxelles - Université Libre,9m6l29,NA,39,0.6842105263157895,20,8.5,6.5,21.5,18,5,6,8,8,27,22,4,8,7,8,6,6,39,33,13,23,7,17,10,21,40,39,54,27,36,40,NA,NA,NA,0,block12,TRUE
BE_Bruxelles,18n20y19,female,19,12,nonmusician,Belgium,Bruxelles - Université Libre,21m13j20,NA,40,0.7017543859649122,14,7,6,25,12,5,2,4,3.5,14.5,9.5,18,17,18,17,16,20,106,86,36,39,12,34,11,45,43,40,28,47,51,63,1,2,NA,0,block12,FALSE
BE_Bruxelles,19n12m22,male,22,15,nonmusician,Belgium,Bruxelles - Université Libre,14m24j21,NA,44,0.7719298245614035,8,8,8,23.5,18,5,5.5,5,8,23.5,18.5,14,13,16,10,10,8,71,63,36,54,15,32,34,75,29,40,43,30,44,33,NA,NA,NA,0,block12,TRUE
BE_Bruxelles,20n6d18,male,18,12,nonmusician,Belgium,Bruxelles - Université Libre,10m17r19,NA,39,0.6842105263157895,25,12.5,9.5,22,26,4,2,4.5,2.5,13,9,14,14,16,18,12,17,91,74,40,45,12,33,28,65,32,44,34,29,44,51,NA,NA,NA,0,block12,TRUE
BE_Bruxelles,21n30y29,male,29,20,nonmusician,Belgium,Bruxelles - Université Libre,17m7m30,NA,41,0.7192982456140351,26,10,8,29,21,6.5,2,7,5.5,21,14.5,10,13,15,16,16,12,82,70,21,49,7,35,28,54,33,47,40,30,44,21,NA,NA,NA,0,block12,TRUE
BE_Bruxelles,22n20r20,male,20,14,nonmusician,Belgium,Bruxelles - Université Libre,16m1s19,NA,44,0.7719298245614035,16,10.5,8.5,18,22,6.5,3.5,5.5,5,20.5,14,10,20,20,11,12,9,82,73,26,45,7,31,19,39,38,54,34,32,54,61,NA,NA,NA,0,block12,FALSE
BR_SaoPaulo,1m19s25,female,25,14,musician,Brazil,Sao Paolo State University - Unesp,NA,NA,NA,NA,15,15.5,10,32.5,16,6,3,5.5,3.5,18,12,15,20,20,19,16,20,110,90,43,50,39,37,37,96,42,45,34,32,50,51,NA,NA,3,3-5,block12,FALSE
BR_SaoPaulo,2m20p18,male,18,12,musician,Brazil,Sao Paolo State University - Unesp,19n30p19,37,NA,0.5606060606060606,27,11,11,30,15,8,4.5,7,3.5,23,15,12,9,15,15,18,14,83,69,43,52,37,28,32,90,40,44,26,41,43,48,NA,NA,8,10 or more,block12,FALSE
BR_SaoPaulo,1n3c25,male,25,15,nonmusician,Brazil,Sao Paolo State University - Unesp,20m30s23,41,NA,0.6212121212121212,22,11,9,28.5,1,5,4.5,10,4.5,24,19,15,15,16,15,14,14,89,75,40,41,10,33,33,66,31,45,36,30,33,15,NA,NA,NA,0,block12,FALSE
BR_SaoPaulo,3m8m29,female,29,17,musician,Brazil,Sao Paolo State University - Unesp,5n7c29,48,NA,0.7272727272727273,17,16.5,6.5,28.5,0,9,4,7.5,7.5,28,19,11,14,9,17,16,6,73,67,49,54,44,36,41,104,33,39,48,58,46,13,NA,NA,16,10 or more,block12,TRUE
BR_SaoPaulo,4m2i26,female,26,18,musician,Brazil,Sao Paolo State University - Unesp,10n21r25,39,NA,0.5909090909090909,13,10.5,10,36.5,11,7.5,6,8,7,28.5,21,16,18,17,17,17,17,102,85,50,63,36,40,42,103,29,40,39,39,58,27,NA,NA,8,2,block12,FALSE
BR_SaoPaulo,6m6f28,male,28,22,musician,Brazil,Sao Paolo State University - Unesp,8n15l28,51,NA,0.7727272727272727,24,10.5,7.5,28,10,9,6.5,7,8,30.5,21.5,15,14,10,16,15,14,84,70,49,45,43,36,34,92,45,42,41,37,49,26,NA,NA,10,10 or more,block12,TRUE
BR_SaoPaulo,2n20s18,female,18,12,nonmusician,Brazil,Sao Paolo State University - Unesp,5m21a19,54,NA,0.8181818181818182,22,7.5,8,19.5,9,6.5,6,5,6,23.5,17,11,8,16,11,17,16,79,63,24,41,15,29,20,48,27,36,30,48,47,8,2,5,NA,2,block12,TRUE
BR_SaoPaulo,9m8k27,male,27,20,musician,Brazil,Sao Paolo State University - Unesp,3n12m26,49,NA,0.7424242424242424,19,9,11,29,14,7.5,7,8,8,30.5,23,17,17,16,14,16,14,94,80,34,42,43,27,14,68,27,46,34,47,51,8,NA,NA,11,10 or more,block12,FALSE
BR_SaoPaulo,10m30g29,male,29,17,musician,Brazil,Sao Paolo State University - Unesp,3n27a30,45,NA,0.6818181818181818,12,9.5,7.5,27,18,7,6,7,8,28,21,15,16,19,17,18,19,104,85,48,63,43,42,47,117,43,40,37,26,59,25,NA,NA,18,3-5,block12,FALSE
BR_SaoPaulo,11m6b27,male,27,17,musician,Brazil,Sao Paolo State University - Unesp,NA,46,NA,0.696969696969697,27,12.5,13,26.5,29,7.5,5,7.5,7.5,27.5,20,15,18,17,18,15,14,97,83,52,59,39,39,38,106,53,38,46,27,60,14,NA,NA,7,3-5,block12,FALSE
BR_SaoPaulo,12m22l19,male,19,13,musician,Brazil,Sao Paolo State University - Unesp,32n21r20,53,NA,0.803030303030303,21,12,11.5,30,26,8,7.5,7.5,4,27,19,18,17,15,14,15,15,94,79,52,57,40,38,34,101,37,44,40,18,53,26,NA,NA,8,6-9,block12,FALSE
BR_SaoPaulo,13m8j20,female,20,15,musician,Brazil,Sao Paolo State University - Unesp,6n22c21,45,NA,0.6818181818181818,15,11.5,11,28.5,14,7,6,6,8,27,20,19,20,20,18,17,20,114,94,54,51,46,39,36,105,46,47,46,32,57,43,NA,NA,12,10 or more,block12,TRUE
BR_SaoPaulo,14m11p25,male,25,19,musician,Brazil,Sao Paolo State University - Unesp,NA,51,NA,0.7727272727272727,23,9.5,7.5,31.5,-6,6.5,7,8,6.5,28,21.5,14,15,13,10,16,10,78,68,44,59,35,35,39,93,36,35,30,36,52,44.5,NA,NA,7,0.5,block12,FALSE
BR_SaoPaulo,7m12j20,female,20,13,musician,Brazil,Sao Paolo State University - Unesp,30n19w20,39,NA,0.5909090909090909,18,12,11,28.5,22,6.5,7.5,9,7.5,30.5,24,13,18,18,15,17,17,98,81,46,49,44,35,29,93,33,40,41,42,48,58,NA,NA,13,10 or more,block12,TRUE
BR_SaoPaulo,5m21a19,female,19,12,musician,Brazil,Sao Paolo State University - Unesp,2n20s18,52,NA,0.7878787878787878,28,7.5,9.5,24,21,9,7.5,6.5,7.5,30.5,21.5,15,20,19,19,19,20,112,92,47,53,42,39,45,108,50,56,45,40,56,49.5,NA,NA,12,10 or more,block12,TRUE
BR_SaoPaulo,8m20j27,female,27,22,musician,Brazil,Sao Paolo State University - Unesp,31n10a26,54,NA,0.8181818181818182,24,8.5,12,24,20,8,7,5.5,7.5,28,20,17,17,17,16,19,16,102,86,38,63,45,38,33,97,44,37,39,38,56,35,NA,NA,21,10 or more,block12,TRUE
BR_SaoPaulo,15m22f21,male,21,16,musician,Brazil,Sao Paolo State University - Unesp,22n28l21,50,NA,0.7575757575757576,23,7.5,7.5,32.5,29,7.5,7,6.5,6.5,27.5,20,17,20,20,16,19,19,111,92,50,55,38,38,38,100,43,44,43,35,55,59.5,NA,NA,11,10 or more,block12,TRUE
BR_SaoPaulo,16m02p20,male,20,15,musician,Brazil,Sao Paolo State University - Unesp,33n28j21,40,NA,0.6060606060606061,14,7.5,9,19,12,7.5,5.5,3.5,4,20.5,13,16,17,20,8,14,18,93,75,47,53,38,35,29,93,37,30,35,47,55,29,NA,NA,10,6-9,block12,FALSE
BR_SaoPaulo,17m12l25,male,25,20,musician,Brazil,Sao Paolo State University - Unesp,9n30k24,39,NA,0.5909090909090909,8,6.5,8,23.5,0,5.5,4,4.5,2,16,10.5,14,10,12,13,11,8,68,60,40,38,41,24,30,82,29,33,21,49,46,8,NA,NA,8,6-9,block12,FALSE
BR_SaoPaulo,18m9k26,male,26,19,musician,Brazil,Sao Paolo State University - Unesp,7n7g27,43,NA,0.6515151515151515,12,9,8,29,-6,8.5,5,6,6,25.5,17,16,19,19,16,17,18,105,87,47,47,39,36,29,88,34,36,29,46,46,22,NA,NA,9,6-9,block12,FALSE
BR_SaoPaulo,19m15v24,male,24,19,musician,Brazil,Sao Paolo State University - Unesp,NA,43,NA,0.6515151515151515,24,9,10,44.5,6,9,5,8,7.5,29.5,20.5,15,13,11,10,14,14,77,63,30,52,48,29,33,88,48,50,43,31,38,50,NA,NA,13,10 or more,block12,TRUE
BR_SaoPaulo,20m30s23,male,23,15,musician,Brazil,Sao Paolo State University - Unesp,1n3c25,55,NA,0.8333333333333334,15,9,10.5,29,20,7,7,5,7,26,19,15,16,14,15,16,15,91,76,45,45,38,30,34,89,46,44,38,38,48,28.5,NA,NA,14,3-5,block12,FALSE
BR_SaoPaulo,21m8a25,female,25,18,musician,Brazil,Sao Paolo State University - Unesp,15n04g24,36,NA,0.5454545454545454,16,7.5,10.5,28,14,4.5,8,7,6.5,26,21.5,12,16,16,11,14,11,80,69,31,37,40,22,17,74,25,38,52,58,27,20,NA,NA,15,10 or more,block12,FALSE
BR_SaoPaulo,3n27a30,male,30,17,nonmusician,Brazil,Sao Paolo State University - Unesp,10m30g29,49,NA,0.7424242424242424,8,8,8,20.5,14,2.5,5,4.5,5.5,17.5,15,10,16,16,14,10,13,79,66,15,27,9,30,12,29,29,44,39,26,41,8,NA,NA,NA,0,block12,FALSE
BR_SaoPaulo,22n28l21,male,21,16,nonmusician,Brazil,Sao Paolo State University - Unesp,15m22f21,54,NA,0.8181818181818182,26,7.5,7,16.5,14,2.5,4.5,3,5,15,12.5,13,14,15,15,15,14,86,72,34,38,7,31,20,50,29,48,47,38,47,32.5,NA,NA,NA,0,block12,TRUE
BR_SaoPaulo,6n22c21,female,21,16,nonmusician,Brazil,Sao Paolo State University - Unesp,13m8j20,54,NA,0.8181818181818182,20,12.5,5,20,22,6.5,5,3.5,6,21,14.5,19,19,20,19,19,19,115,96,58,51,15,37,37,87,45,53,37,43,58,44.5,NA,NA,NA,0,block12,TRUE
BR_SaoPaulo,7n7g27,male,27,20,nonmusician,Brazil,Sao Paolo State University - Unesp,18m9k26,54,NA,0.8181818181818182,28,9.5,8,17,11,3,6.5,5.5,6,21,18,5,9,11,10,8,5,48,43,16,22,7,11,9,21,40,44,50,29,32,35,NA,NA,NA,0,block12,FALSE
BR_SaoPaulo,8n15l28,male,28,23,nonmusician,Brazil,Sao Paolo State University - Unesp,6m6f28,59,NA,0.8939393939393939,22,10.5,11,28,22,5,4,4,6.5,19.5,14.5,11,15,16,5,9,7,63,56,25,39,7,34,26,52,21,39,30,44,37,47,NA,NA,NA,0,block12,TRUE
BR_SaoPaulo,9n30k24,male,24,19,nonmusician,Brazil,Sao Paolo State University - Unesp,17m12l25,41,NA,0.6212121212121212,16,10.5,11,28,7,6,5.5,5,7,23.5,17.5,16,18,19,16,13,14,96,82,29,45,12,35,12,41,31,44,42,28,48,21,1,5,NA,0.5,block12,FALSE
BR_SaoPaulo,10n21r25,female,25,17,nonmusician,Brazil,Sao Paolo State University - Unesp,4m2i26,49,NA,0.7424242424242424,15,11,9,32.5,16,6.5,3.5,7,5.5,22.5,16,10,18,14,18,16,11,87,76,23,37,14,31,27,60,42,45,46,29,51,21,NA,NA,NA,0,block12,FALSE
BR_SaoPaulo,30n19w20,female,20,12,nonmusician,Brazil,Sao Paolo State University - Unesp,7m12j20,48,NA,0.7272727272727273,23,7.5,7.5,21.5,17,2.5,1.5,2,2,8,5.5,12,19,20,16,13,19,99,80,25,38,8,37,27,50,31,30,31,51,51,22,NA,NA,NA,0,block12,TRUE
BR_SaoPaulo,31n10a26,female,26,21,nonmusician,Brazil,Sao Paolo State University - Unesp,8m20j27,55,NA,0.8333333333333334,16,10,7,19.5,-19,5,2,4.5,2.5,14,9,17,20,17,19,16,19,108,89,34,24,7,37,22,46,41,44,37,50,50,32,NA,NA,NA,0,block12,TRUE
BR_SaoPaulo,32n21r20,male,20,14,nonmusician,Brazil,Sao Paolo State University - Unesp,12m22l19,49,NA,0.7424242424242424,8,7,10,14.5,6,2.5,2.5,4,4.5,13.5,11,16,20,20,20,19,20,115,95,30,46,7,37,30,48,47,43,47,42,56,17,NA,NA,NA,0,block12,FALSE
BR_SaoPaulo,33n28j21,male,21,16,nonmusician,Brazil,Sao Paolo State University - Unesp,16m02p20,38,NA,0.5757575757575758,15,10,7.5,21.5,3,6,4,4.5,7,21.5,15.5,16,16,17,18,17,11,95,84,44,41,16,29,29,68,46,44,45,39,54,34,NA,NA,1,1,block12,FALSE
BR_SaoPaulo,14n25s21,male,21,15,nonmusician,Brazil,Sao Paolo State University - Unesp,23m7d21,54,NA,0.8181818181818182,26,10.5,8,28,21,7,5,3.5,6,21.5,14.5,9,19,17,15,16,8,84,76,30,37,16,30,23,50,26,39,35,41,45,64.5,3,1,NA,2,block12,FALSE
BR_SaoPaulo,15n04g24,female,24,19,nonmusician,Brazil,Sao Paolo State University - Unesp,21m8a25,44,NA,0.6666666666666666,20,8,7,16.5,21,5.5,5,4.5,5,20,14.5,7,18,19,8,11,13,76,63,21,32,11,34,11,30,35,51,41,51,40,48,NA,NA,NA,3-5,block12,FALSE
BR_SaoPaulo,22m5a21,female,21,15,musician,Brazil,Sao Paolo State University - Unesp,35n1b21,39,NA,0.5909090909090909,14,6,4,18,-9,7,6,9,5.5,27.5,20.5,14,16,16,14,16,16,92,76,41,51,43,31,35,96,42,50,30,42,45,33,NA,NA,9,10 or more,block12,FALSE
BR_SaoPaulo,23m7d21,male,20,15,musician,Brazil,Sao Paolo State University - Unesp,14n25s21,51,NA,0.7727272727272727,23,10,9.5,28.5,21,6,6.5,6,7,25.5,19.5,20,16,20,12,15,19,102,83,54,61,42,39,42,112,43,39,41,29,54,35,NA,NA,13,10 or more,block12,FALSE
BR_SaoPaulo,24m26m20,female,20,15,musician,Brazil,Sao Paolo State University - Unesp,34n16h21,46,NA,0.696969696969697,23,8,9,32,19,9,6,6.5,3.5,25,16,19,19,16,19,17,18,108,90,53,50,33,39,40,106,48,48,45,32,53,48,NA,NA,5,0.5,block12,FALSE
BR_SaoPaulo,5n7c29,female,29,16,nonmusician,Brazil,Sao Paolo State University - Unesp,3m8m29,49,NA,0.7424242424242424,11,12,7.5,16.5,28,5,4.5,3.5,7.5,20.5,15.5,14,17,16,17,15,10,89,79,29,44,13,33,35,67,38,45,50,28,46,18,NA,NA,NA,0.5,block12,TRUE
BR_SaoPaulo,34n16h21,female,21,16,nonmusician,Brazil,Sao Paolo State University - Unesp,24m26m20,57,NA,0.8636363636363636,22,10.5,8.5,15.5,21,3,3,3.5,2,11.5,8.5,14,15,16,15,11,12,83,71,30,37,8,33,21,44,46,43,44,35,56,27,NA,NA,NA,0,block12,FALSE
BR_SaoPaulo,35n1b21,female,21,15,nonmusician,Brazil,Sao Paolo State University - Unesp,22m5a21,60,NA,0.9090909090909091,20,7.5,7.5,15,-4,3.5,3.5,4,4.5,15.5,12,18,20,19,18,16,20,111,91,49,36,12,37,27,65,31,45,31,59,56,17.5,NA,NA,NA,0.5,block12,FALSE
BR_SaoPaulo,19n30p19,male,19,12,nonmusician,Brazil,Sao Paolo State University - Unesp,2m20p18,45,NA,0.6818181818181818,26,9,7,16,11,3.5,3.5,3.5,4,14.5,11,17,18,20,18,17,18,108,90,42,41,19,37,31,66,47,40,37,52,47,13,1,5,NA,1,block12,FALSE
BR_SaoPaulo,25m28a22,nonbinary,21,16,musician,Brazil,Sao Paolo State University - Unesp,36n1u22,51,NA,0.7727272727272727,7,10,6,28.5,1,7,6,8,6.5,27.5,20.5,20,20,20,20,20,20,120,100,60,50,39,42,27,98,42,59,44,39,57,26,NA,NA,14,10 or more,block12,FALSE
BR_SaoPaulo,36n1u22,nonbinary,22,17,nonmusician,Brazil,Sao Paolo State University - Unesp,25m28a22,59,NA,0.8939393939393939,23,6.5,9.5,15.5,21,3.5,4,5,5,17.5,14,16,20,20,20,19,20,115,95,37,39,21,37,22,61,36,32,41,37,55,8,3,5,NA,3-5,block12,FALSE
BR_SaoPaulo,3n12m26,male,26,19,nonmusician,Brazil,Sao Paolo State University - Unesp,9m8k27,42,NA,0.6363636363636364,10,6.5,8,22,-11,6.5,4.5,5,3.5,19.5,13,16,17,20,12,11,15,91,76,37,48,25,31,23,66,46,39,41,35,52,27,2,3,NA,2,block12,FALSE
CA_McMaster,1n4p18,female,18,13,nonmusician,Canada,McMaster University - Department of Psychology Neuroscience & Behaviour,4m26c18,NA,39,0.6842105263157895,14,7.5,6,15,10,4,5,5.5,6,20.5,16.5,16,11,19,15,14,9,84,75,40,45,10,31,30,64,42,54,37,51,46,58,NA,NA,NA,0,block12,TRUE
CA_McMaster,2n26r21,female,21,16,nonmusician,Canada,McMaster University - Department of Psychology Neuroscience & Behaviour,12m23k22,NA,46,0.8070175438596491,26,9.5,11,19.5,30,8,4,5.5,6.5,24,16,12,18,16,12,13,8,79,71,28,46,12,34,18,54,34,35,34,36,49,61,1,5,NA,0.5,block12,TRUE
CA_McMaster,3n22k18,female,18,13,nonmusician,Canada,McMaster University - Department of Psychology Neuroscience & Behaviour,5m29y18,NA,36,0.631578947368421,13,10,9.5,25,-25,4.5,3,5.5,2,15,10.5,12,11,16,16,13,13,81,68,21,41,11,23,28,53,38,57,50,24,35,55.5,NA,NA,NA,0,block12,FALSE
CA_McMaster,4n30j18,female,18,13,nonmusician,Canada,McMaster University - Department of Psychology Neuroscience & Behaviour,14m13m19,NA,31,0.543859649122807,21,8.5,8,16,19,2,3,6,6,17,15,5,13,8,20,13,6,65,59,11,39,13,31,20,40,57,48,43,42,38,49,NA,NA,NA,0,block12,TRUE
CA_McMaster,5n15h18,male,18,13,nonmusician,Canada,McMaster University - Department of Psychology Neuroscience & Behaviour,2m13a18,NA,42,0.7368421052631579,25,13,14,18.5,27,6.5,4.5,7,5,23,16.5,7,15,10,8,10,7,57,50,14,27,8,22,33,49,23,41,23,52,38,53,NA,NA,NA,0,block12,FALSE
CA_McMaster,6n13m19,female,19,14,nonmusician,Canada,McMaster University - Department of Psychology Neuroscience & Behaviour,11m16t20,NA,30,0.5263157894736842,20,11,9,28,11,6.5,6,8,8,28.5,22,17,16,20,15,14,14,96,82,32,41,8,33,17,44,22,47,39,49,35,45.5,NA,NA,NA,0,block12,FALSE
CA_McMaster,7n30w18,female,18,13,nonmusician,Canada,McMaster University - Department of Psychology Neuroscience & Behaviour,1m11a19,NA,34,0.5964912280701754,22,5.5,9,21.5,20,6,4,6.5,5,21.5,15.5,17,18,19,19,16,14,103,89,43,45,17,35,26,68,51,40,36,43,46,31,1,5,NA,1,block12,TRUE
CA_McMaster,8n28z18,male,18,13,nonmusician,Canada,McMaster University - Department of Psychology Neuroscience & Behaviour,3m24d18,NA,42,0.7368421052631579,25,14,11,29.5,-7,4.5,5,4,4.5,18,13.5,17,16,18,10,15,16,92,76,44,40,22,34,33,78,38,46,42,35,46,53.5,1,5,NA,1,block12,TRUE
CA_McMaster,9n14a19,female,19,14,nonmusician,Canada,McMaster University - Department of Psychology Neuroscience & Behaviour,9m5s20,NA,37,0.6491228070175439,20,10.5,6.5,20.5,19,1.5,3,4,3.5,12,10.5,18,16,20,20,18,12,104,92,40,47,14,35,30,67,46,55,48,34,42,58,NA,NA,NA,0,block12,TRUE
CA_McMaster,10n24s18,female,18,13,nonmusician,Canada,McMaster University - Department of Psychology Neuroscience & Behaviour,6m5t18,NA,34,0.5964912280701754,14,6.5,8,10.5,27,3,4.5,2.5,3,13,10,12,11,14,16,12,11,76,65,25,42,8,27,25,49,39,48,53,39,41,40,NA,NA,NA,0,block12,TRUE
CA_McMaster,11n3j22,female,22,16,nonmusician,Canada,McMaster University - Department of Psychology Neuroscience & Behaviour,10m18s23,NA,36,0.631578947368421,26,9.5,11,20.5,24,4.5,4.5,2.5,4.5,16,11.5,13,14,14,13,12,10,76,66,22,30,10,31,17,38,32,47,43,38,29,37,NA,NA,NA,0,block12,FALSE
CA_McMaster,12n13s18,female,18,13,nonmusician,Canada,McMaster University - Department of Psychology Neuroscience & Behaviour,NA,NA,34,0.5964912280701754,24,8.5,7.5,24.5,5,5,6.5,7.5,6,25,20,14,17,20,19,18,15,103,88,46,58,21,38,45,94,47,53,48,50,45,40,NA,NA,NA,1,block12,TRUE
CA_McMaster,13n7k18,female,18,13,nonmusician,Canada,McMaster University - Department of Psychology Neuroscience & Behaviour,NA,NA,38,0.6666666666666666,12,11,6.5,14.5,-16,5,4.5,5.5,2,17,12,17,11,18,17,15,6,84,78,26,37,12,22,17,42,46,43,54,41,47,8,1,5,NA,0.5,block12,TRUE
CA_McMaster,14n15e18,male,18,13,nonmusician,Canada,McMaster University - Department of Psychology Neuroscience & Behaviour,15m27b19,NA,23,0.40350877192982454,21,10,7.5,29.5,20,5.5,7.5,7.5,8,28.5,23,13,13,18,12,17,16,89,73,45,42,24,34,31,86,33,40,40,33,56,66,NA,NA,1,0,block12,TRUE
CA_McMaster,15n26b19,male,19,14,nonmusician,Canada,McMaster University - Department of Psychology Neuroscience & Behaviour,13m27n20,NA,29,0.5087719298245614,13,13,8.5,28.5,23,5,4,6.5,6,21.5,16.5,16,15,18,15,15,8,87,79,41,51,7,32,26,59,44,36,42,34,42,66,NA,NA,NA,0,block12,TRUE
CA_McMaster,16n5d18,male,18,13,nonmusician,Canada,McMaster University - Department of Psychology Neuroscience & Behaviour,16m27s18,NA,44,0.7719298245614035,29,12.5,10,16,28,4,2.5,6.5,3,16,12,17,16,20,18,16,14,101,87,41,49,8,35,13,48,21,43,22,54,40,66,3,5,NA,0,block12,FALSE
CA_McMaster,17n5a21,male,21,16,nonmusician,Canada,McMaster University - Department of Psychology Neuroscience & Behaviour,17m23a22,NA,24,0.42105263157894735,20,9,9.5,23.5,11,6.5,4,5.5,4.5,20.5,14,14,18,20,11,17,15,95,80,46,48,15,34,26,67,31,50,57,28,45,59.5,NA,NA,NA,0,block12,FALSE
CA_McMaster,18n20a18,male,18,13,nonmusician,Canada,McMaster University - Department of Psychology Neuroscience & Behaviour,NA,NA,35,0.6140350877192983,27,12,10.5,27.5,27,4.5,8,5.5,7,25,20.5,16,12,20,15,17,15,95,80,42,47,22,34,19,76,35,46,32,42,47,56,NA,NA,1,0,block12,TRUE
CA_McMaster,19n1a18,male,18,13,nonmusician,Canada,McMaster University - Department of Psychology Neuroscience & Behaviour,NA,NA,47,0.8245614035087719,27,15,11.5,17.5,28,5,4,3,4,16,11,15,13,17,14,13,12,84,72,30,39,13,31,15,42,44,43,39,38,42,64.5,1,5,NA,0.5,block12,TRUE
CA_McMaster,20n20n20,female,20,15,nonmusician,Canada,McMaster University - Department of Psychology Neuroscience & Behaviour,8m16n20,NA,35,0.6140350877192983,20,8.5,7.5,22,20,3.5,2.5,6.5,4.5,17,13.5,17,18,19,15,15,12,96,84,34,33,17,32,13,47,42,46,29,56,42,63,3,5,NA,2,block12,FALSE
CA_McMaster,1m11a19,female,19,14,musician,Canada,McMaster University - Department of Psychology Neuroscience & Behaviour,7n30w18,NA,40,0.7017543859649122,26,16.5,11.5,43.5,29,10,6.5,6.5,6.5,29.5,19.5,18,17,17,18,19,18,107,89,49,55,47,37,40,112,45,41,46,37,48,64.5,NA,NA,14,10 or more,block12,TRUE
CA_McMaster,2m13a18,male,18,13,musician,Canada,McMaster University - Department of Psychology Neuroscience & Behaviour,5n15h18,NA,44,0.7719298245614035,23,10.5,10,26,27,7,8,5.5,7.5,28,21,17,18,20,14,18,19,106,87,44,60,43,41,37,104,44,38,53,32,54,66,NA,NA,6,10 or more,block12,FALSE
CA_McMaster,3m24d18,male,18,13,musician,Canada,McMaster University - Department of Psychology Neuroscience & Behaviour,8n28z18,NA,42,0.7368421052631579,28,11.5,10,24.5,17,9,7,7,5.5,28.5,19.5,17,19,20,16,19,15,106,91,45,56,43,39,34,98,44,41,58,42,52,66,NA,NA,13,10 or more,block12,TRUE
CA_McMaster,4m26c18,female,18,13,musician,Canada,McMaster University - Department of Psychology Neuroscience & Behaviour,1n4p18,NA,41,0.7192982456140351,19,11,11.5,30,17,8,7,7.5,6.5,29,21,16,13,19,14,17,11,90,79,42,47,38,28,28,87,30,55,53,38,41,66,NA,NA,10,10 or more,block12,TRUE
CA_McMaster,5m29y18,female,18,13,musician,Canada,McMaster University - Department of Psychology Neuroscience & Behaviour,3n22k18,NA,38,0.6666666666666666,21,7.5,8.5,21,11,6.5,6,7,5.5,25,18.5,16,20,20,19,16,18,109,91,37,45,35,39,28,79,37,48,44,37,47,60.5,NA,NA,10,6-9,block12,FALSE
CA_McMaster,6m5t18,female,18,13,musician,Canada,McMaster University - Department of Psychology Neuroscience & Behaviour,10n24s18,NA,35,0.6140350877192983,22,9.5,9,20.5,20,6,7,4.5,7,24.5,18.5,16,20,20,19,18,13,106,93,42,57,47,42,42,116,44,58,40,28,60,52,NA,NA,12,10 or more,block12,TRUE
CA_McMaster,7m23e29,female,29,23,musician,Canada,McMaster University - Department of Psychology Neuroscience & Behaviour,NA,NA,47,0.8245614035087719,26,10.5,10,26.5,17,6,7.5,7,6.5,27,21,19,17,15,19,17,15,102,87,55,58,46,37,37,107,56,48,52,26,54,59.5,NA,NA,13,10 or more,block12,TRUE
CA_McMaster,8m16n20,female,20,14,musician,Canada,McMaster University - Department of Psychology Neuroscience & Behaviour,20n20n20,NA,43,0.7543859649122807,32,11.5,10.5,27.5,27,5.5,6.5,5.5,3,20.5,15,14,17,16,19,19,17,102,85,38,52,40,38,35,97,55,53,32,34,56,63.5,NA,NA,10,10 or more,block12,FALSE
CA_McMaster,9m5s20,female,20,15,musician,Canada,McMaster University - Department of Psychology Neuroscience & Behaviour,9n14a19,NA,40,0.7017543859649122,17,9,7.5,23,6,8,8,2.5,5.5,24,16,14,19,20,19,17,17,106,89,42,57,41,39,40,102,50,52,35,52,56,57,NA,NA,10,10 or more,block12,TRUE
CA_McMaster,10m18s23,female,23,17,musician,Canada,McMaster University - Department of Psychology Neuroscience & Behaviour,11n3j22,NA,42,0.7368421052631579,26,12.5,11,29,22,9.5,8,7,8,32.5,23,18,15,20,17,20,18,108,90,41,60,38,40,26,88,42,51,32,58,49,66,NA,NA,7,10 or more,block12,FALSE
CA_McMaster,11m16t20,female,20,15,musician,Canada,McMaster University - Department of Psychology Neuroscience & Behaviour,6n13m19,NA,32,0.5614035087719298,13,11.5,7,18.5,24,7.5,5.5,6.5,6.5,26,18.5,16,15,16,16,15,16,94,78,45,49,34,33,31,85,42,39,48,42,51,45.5,NA,NA,9,6-9,block12,FALSE
CA_McMaster,12m23k22,female,22,17,musician,Canada,McMaster University - Department of Psychology Neuroscience & Behaviour,2n26r21,NA,47,0.8245614035087719,20,11,11.5,19,17,6,4,7,5.5,22.5,16.5,14,15,17,15,16,9,86,77,37,46,35,34,29,85,36,44,29,29,43,42.5,NA,NA,10,10 or more,block12,TRUE
CA_McMaster,13m27n20,male,20,14,musician,Canada,McMaster University - Department of Psychology Neuroscience & Behaviour,15n26b19,NA,42,0.7368421052631579,29,10,12,21,29,6,3.5,4,5,18.5,12.5,13,17,18,20,16,17,101,84,38,46,42,40,29,86,39,42,40,30,51,53,NA,NA,12,10 or more,block12,TRUE
CA_McMaster,14m13m19,female,19,14,musician,Canada,McMaster University - Department of Psychology Neuroscience & Behaviour,4n30j18,NA,42,0.7368421052631579,28,10.5,12.5,27.5,21,6.5,4.5,5,4,20,13.5,17,18,20,19,19,17,110,93,48,56,41,38,39,100,41,51,43,46,52,61,NA,NA,11,10 or more,block12,TRUE
CA_McMaster,15m27b19,male,19,13,musician,Canada,McMaster University - Department of Psychology Neuroscience & Behaviour,14n15e18,NA,39,0.6842105263157895,18,9,10,26.5,22,5,7,5.5,5.5,23,18,17,18,19,15,17,13,99,86,45,57,43,38,33,98,40,34,33,34,42,8,NA,NA,14,10 or more,block12,TRUE
CA_McMaster,16m27s18,male,18,13,musician,Canada,McMaster University - Department of Psychology Neuroscience & Behaviour,16n5d18,NA,43,0.7543859649122807,26,13,9.5,29,30,9,8,8,7,32,23,18,19,18,13,19,19,106,87,53,57,38,38,39,105,37,57,35,21,58,51.5,NA,NA,8,3-5,block12,FALSE
CA_McMaster,17m23a22,male,22,17,musician,Canada,McMaster University - Department of Psychology Neuroscience & Behaviour,17n5a21,NA,45,0.7894736842105263,28,10.5,11.5,17.5,26,5.5,5,5.5,6,22,16.5,19,20,20,20,19,19,117,98,56,57,41,42,36,103,58,42,42,23,56,63,NA,NA,14,6-9,block12,FALSE
CA_Montreal,1m30l19,female,19,14,musician,Canada,Montreal University - BRAMS,1n27c20,NA,33,0.5789473684210527,16,11.5,8,27,2,7.5,6.5,3,7.5,24.5,17,16,20,20,19,20,20,115,95,44,60,42,41,43,107,48,57,41,42,56,31,NA,NA,13,10 or more,block12,TRUE
CA_Montreal,2n15a25,female,25,17,nonmusician,Canada,Montreal University - BRAMS,2m7m25,NA,18,0.3157894736842105,8,9.5,7,12.5,2,3,2.5,4,5,14.5,11.5,14,20,20,20,19,20,113,93,43,44,20,33,18,62,36,53,53,48,47,66,NA,NA,NA,3-5,block12,FALSE
CA_Montreal,3n3r22,male,22,16,nonmusician,Canada,Montreal University - BRAMS,3m28i22,NA,39,0.6842105263157895,26,13.5,11,19.5,24,7.5,5,7.5,5.5,25.5,18,11,16,18,16,15,9,85,76,28,45,7,29,19,44,37,49,45,31,35,60.5,NA,NA,NA,0,block12,FALSE
CA_Montreal,4m2s18,male,18,12,musician,Canada,Montreal University - BRAMS,4n27a19,NA,30,0.5263157894736842,15,8,8,23,16,7.5,5,4.5,5.5,22.5,15,10,12,15,17,12,10,76,66,33,42,41,27,38,89,39,55,37,23,42,54,NA,NA,11,6-9,block12,FALSE
CA_Montreal,5m11a18,female,18,12,musician,Canada,Montreal University - BRAMS,5n8r18,NA,38,0.6666666666666666,27,11.5,11,30.5,25,8.5,5,6.5,6,26,17.5,19,18,17,19,17,9,99,90,40,56,45,34,38,99,46,42,47,57,47,63.5,NA,NA,11,10 or more,block12,TRUE
CA_Montreal,6m29a26,male,26,19,musician,Canada,Montreal University - BRAMS,6n11a26,NA,39,0.6842105263157895,20,19.5,9,35.5,26,7,6,6,5,24,17,14,20,17,14,16,17,98,81,38,46,36,34,32,87,35,48,43,29,49,32,NA,NA,10,10 or more,block12,TRUE
CA_Montreal,1n27c20,female,20,15,nonmusician,Canada,Montreal University - BRAMS,1m30l19,NA,22,0.38596491228070173,19,10,9,24,11,5,2.5,2.5,5,15,10,15,16,18,6,15,16,86,70,42,44,19,31,30,71,27,44,51,34,43,60.5,1,5,NA,1,block12,TRUE
CA_Montreal,6n11a26,male,26,20,nonmusician,Canada,Montreal University - BRAMS,6m29a26,NA,37,0.6491228070175439,22,11,9,17.5,24,4,4,2.5,1.5,12,8,8,6,11,7,6,4,42,38,23,16,11,13,13,27,38,39,38,32,43,37,NA,NA,NA,1,block12,TRUE
CA_Montreal,7m22i29,female,29,20,musician,Canada,Montreal University - BRAMS,7n9s28,NA,39,0.6842105263157895,16,10.5,9.5,20,20,8.5,4,5.5,6.5,24.5,16,20,20,20,20,20,20,120,100,60,58,40,41,45,111,43,53,45,50,56,58,NA,NA,13,10 or more,block12,TRUE
CA_Montreal,8n21p25,female,25,19,nonmusician,Canada,Montreal University - BRAMS,8m25m24,NA,24,0.42105263157894735,11,8.5,7.5,28,20,5.5,3,3.5,5,17,11.5,14,20,20,20,10,10,94,84,18,33,11,34,15,33,31,40,48,39,48,46,NA,NA,NA,0,block12,TRUE
CA_Montreal,8m25m24,female,24,19,musician,Canada,Montreal University - BRAMS,8n21p25,NA,44,0.7719298245614035,22,9,7.5,25,10,7,3.5,5.5,6.5,22.5,15.5,13,19,20,17,17,17,103,86,47,55,39,37,41,102,44,53,56,35,53,56,NA,NA,12,10 or more,block12,TRUE
CA_Montreal,9n12a23,female,23,17,nonmusician,Canada,Montreal University - BRAMS,9m27k22,NA,26,0.45614035087719296,14,8,8,18,23,3.5,4,5,2,14.5,11,19,20,20,20,18,20,117,97,44,49,11,40,26,65,53,45,53,34,53,41.5,NA,NA,NA,0,block12,TRUE
CA_Montreal,9m27k22,female,22,16,musician,Canada,Montreal University - BRAMS,9n12a23,NA,35,0.6140350877192983,14,11,9,33,25,8,8,7,5,28,20,17,19,15,16,18,14,99,85,45,58,47,41,38,103,39,49,44,30,46,41.5,NA,NA,15,10 or more,block12,TRUE
CA_Montreal,10m15e23,female,23,17,musician,Canada,Montreal University - BRAMS,10n20a24,NA,48,0.8421052631578947,20,11,7,33.5,24,8,7.5,6,4.5,26,18,16,11,20,14,17,7,85,78,44,58,42,33,26,87,31,56,45,45,53,59.5,NA,NA,19,10 or more,block12,TRUE
CA_Montreal,3m28i22,male,22,15,musician,Canada,Montreal University - BRAMS,3n3r22,NA,45,0.7894736842105263,20,14.5,9,30.5,25,8.5,6.5,4.5,6.5,26,17.5,17,19,20,20,19,18,113,95,46,60,43,42,40,103,44,45,33,47,48,59.5,NA,NA,10,6-9,block12,FALSE
CA_Montreal,11m8j27,female,27,21,musician,Canada,Montreal University - BRAMS,11n27m26,NA,43,0.7543859649122807,20,11.5,10,27.5,17,7.5,6.5,5.5,6.5,26,18.5,17,18,20,17,18,16,106,90,46,58,43,39,37,101,35,53,44,33,57,52,NA,NA,20,10 or more,block12,TRUE
CA_Montreal,12m10a21,female,21,15,musician,Canada,Montreal University - BRAMS,12n3f20,NA,37,0.6491228070175439,18,7,8,19.5,5,5.5,7.5,4,6.5,23.5,18,18,18,20,20,20,19,115,96,45,56,43,39,36,97,45,55,54,24,56,57,NA,NA,15,10 or more,block12,TRUE
CA_Montreal,13m26m21,male,21,15,musician,Canada,Montreal University - BRAMS,13n18a20,NA,37,0.6491228070175439,22,12.5,10,37,27,8.5,7.5,7,6,29,20.5,17,20,20,14,18,16,105,89,50,59,46,41,40,110,33,42,32,26,53,61,NA,NA,17,10 or more,block12,TRUE
CA_Montreal,11n27m26,female,26,20,nonmusician,Canada,Montreal University - BRAMS,11m8j27,NA,29,0.5087719298245614,12,9.5,9,27,15,6.5,5.5,6,6,24,17.5,14,20,19,20,16,20,109,89,46,44,7,33,28,58,31,49,51,43,43,27,NA,NA,NA,0,block12,TRUE
CA_Montreal,12n3f20,female,20,14,nonmusician,Canada,Montreal University - BRAMS,12m10a21,NA,32,0.5614035087719298,16,8,8.5,27,26,3.5,3.5,4.5,5.5,17,13.5,7,10,13,17,9,8,64,56,24,33,7,27,19,35,30,51,50,40,32,61.5,NA,NA,NA,0,block12,TRUE
CA_Montreal,13n18a20,male,20,14,nonmusician,Canada,Montreal University - BRAMS,13m26m21,NA,24,0.42105263157894735,22,12,9.5,34.5,20,7.5,6,6.5,3.5,23.5,16,4,17,12,17,13,11,74,63,19,40,14,29,22,45,42,43,44,40,38,61,1,5,NA,0.5,block12,TRUE
CA_Montreal,10n20a24,female,24,18,nonmusician,Canada,Montreal University - BRAMS,10m15e23,NA,42,0.7368421052631579,16,11,9,27,22,6,4,4,6.5,20.5,14.5,18,15,18,20,19,12,102,90,47,59,11,38,31,70,41,58,49,27,53,53,NA,NA,NA,0,block12,TRUE
CA_Montreal,14m15r23,male,23,17,musician,Canada,Montreal University - BRAMS,14n24a23,NA,50,0.8771929824561403,22,10,10.5,24.5,22,6.5,6,8,6,26.5,20,18,20,20,19,20,18,115,97,52,62,46,39,44,113,59,52,52,33,59,59,NA,NA,14,10 or more,block12,TRUE
CA_Montreal,14n24a23,male,23,17,nonmusician,Canada,Montreal University - BRAMS,14m15r23,NA,43,0.7543859649122807,23,12.5,10,18,-11,6,3.5,2.5,4,16,10,16,13,17,19,11,7,83,76,29,41,13,34,19,48,37,33,30,43,57,63.5,1,5,NA,0,block12,TRUE
CA_Montreal,15m9c25,male,25,20,musician,Canada,Montreal University - BRAMS,15n24n25,NA,49,0.8596491228070176,31,13.5,10,27,28,8.5,6,9,7.5,31,22.5,16,20,19,20,17,15,107,92,44,56,44,38,44,105,31,56,51,30,43,59.5,NA,NA,17,10 or more,block12,TRUE
CA_Montreal,16m3l23,male,23,17,musician,Canada,Montreal University - BRAMS,16n4c22,NA,48,0.8421052631578947,26,12,9.5,31,23,8.5,5,7,5.5,26,17.5,7,18,12,7,15,7,66,59,33,54,36,29,12,61,37,27,48,22,51,66,NA,NA,12,10 or more,block12,TRUE
CA_Montreal,2m7m25,female,25,18,musician,Canada,Montreal University - BRAMS,2n15a25,NA,43,0.7543859649122807,22,13.5,10.5,27,26,7.5,5.5,7,6,26,18.5,14,19,19,20,18,11,101,90,43,58,41,40,35,97,45,54,32,46,53,66,NA,NA,16,10 or more,block12,FALSE
CA_Montreal,17m17t23,female,23,17,musician,Canada,Montreal University - BRAMS,17n11m24,NA,36,0.631578947368421,28,11,8.5,31.5,22,5.5,8,8.5,7.5,29.5,24,13,17,20,19,20,15,104,89,44,56,41,32,26,89,35,49,49,36,42,49.5,NA,NA,11,10 or more,block12,TRUE
CA_Montreal,15n24n25,male,25,19,nonmusician,Canada,Montreal University - BRAMS,15m9c25,NA,34,0.5964912280701754,17,9,8.5,21.5,22,3.5,5,6,4.5,19,15.5,15,18,19,16,16,13,97,84,31,32,11,32,24,52,37,43,47,37,48,37,NA,NA,NA,0,block12,TRUE
CA_Montreal,18n11b20,female,20,15,nonmusician,Canada,Montreal University - BRAMS,18m8m21,NA,43,0.7543859649122807,24,7.5,9.5,24.5,20,5.5,6.5,5.5,5,22.5,17,14,16,19,10,13,16,88,72,28,49,18,36,23,60,40,37,49,30,47,58.5,1,5,NA,1,block12,TRUE
CA_Montreal,5n8r18,female,18,12,nonmusician,Canada,Montreal University - BRAMS,5m11a18,NA,35,0.6140350877192983,11,8.5,7,19,6,6,5.5,4.5,7,23,17,15,18,20,20,14,16,103,87,38,40,14,36,27,58,51,54,36,29,55,66,1,5,NA,1,block12,TRUE
CA_Montreal,18m8m21,female,21,15,musician,Canada,Montreal University - BRAMS,18n11b20,NA,42,0.7368421052631579,26,8,14,29.5,27,7,7,7,8,29,22,19,20,20,18,18,19,114,95,52,55,38,38,22,88,28,56,52,43,55,66,NA,NA,13,10 or more,block12,TRUE
CA_Montreal,7n9s28,female,28,21,nonmusician,Canada,Montreal University - BRAMS,7m22i29,NA,47,0.8245614035087719,19,7,6.5,19,17,4,5,4,4,17,13,15,20,20,10,15,16,96,80,38,48,12,36,21,56,25,50,21,44,46,8,2,5,NA,2,block12,TRUE
CA_Montreal,19m20t24,male,24,18,musician,Canada,Montreal University - BRAMS,19n19r24,NA,39,0.6842105263157895,20,11.5,10,30,26,8.5,5,7,7,27.5,19,10,17,14,14,16,14,85,71,52,51,42,34,34,98,37,43,41,34,50,52,NA,NA,13,10 or more,block12,TRUE
CA_Montreal,20m3k20,male,20,14,musician,Canada,Montreal University - BRAMS,20n31a21,NA,40,0.7017543859649122,27,16.5,11.5,35.5,27,8.5,4,6,5.5,24,15.5,13,15,16,11,19,15,89,74,44,55,45,34,35,103,31,48,58,19,43,41.5,NA,NA,15,10 or more,block12,TRUE
CA_Montreal,21m16k19,male,19,14,musician,Canada,Montreal University - BRAMS,21n23j20,NA,48,0.8421052631578947,20,11.5,10.5,33,23,7,6,6,6.5,25.5,18.5,16,17,18,16,17,16,100,84,46,60,42,39,36,101,43,47,49,23,46,51,NA,NA,15,10 or more,block12,TRUE
CA_Montreal,19n19r24,male,24,18,nonmusician,Canada,Montreal University - BRAMS,19m20t24,NA,46,0.8070175438596491,16,10.5,8,25,25,4,4,5.5,7,20.5,16.5,17,17,18,19,20,19,110,91,47,46,11,39,30,70,46,49,48,24,57,53,1,5,NA,0.5,block12,TRUE
CA_Montreal,17n11m24,female,24,16,nonmusician,Canada,Montreal University - BRAMS,17m17t23,NA,27,0.47368421052631576,16,6.5,6,18,6,2.5,3,7,4,16.5,14,15,15,18,16,14,15,93,78,33,43,7,32,24,50,40,42,42,43,51,43,NA,NA,NA,0,block12,TRUE
CA_Montreal,16n4c22,male,22,17,nonmusician,Canada,Montreal University - BRAMS,16m3l23,NA,27,0.47368421052631576,12,5.5,8.5,19,12,2.5,4,6.5,3,16,13.5,14,16,16,11,17,12,86,74,36,47,13,33,27,72,46,46,39,26,38,55,NA,NA,NA,0,block12,TRUE
CA_Montreal,20n31a21,male,21,15,nonmusician,Canada,Montreal University - BRAMS,20m3k20,NA,44,0.7719298245614035,23,9.5,9,16.5,13,5,6,5,6.5,22.5,17.5,14,18,17,20,13,12,94,82,38,28,7,33,18,47,49,43,26,30,52,37.5,1,5,NA,0,block12,TRUE
CA_Montreal,21n23j20,male,20,15,nonmusician,Canada,Montreal University - BRAMS,21m16k19,NA,50,0.8771929824561403,29,8.5,8.5,23.5,20,6.5,5.5,5,5.5,22.5,16,13,11,16,20,11,14,85,71,37,41,7,26,28,57,48,55,24,35,58,66,NA,NA,NA,0,block12,TRUE
CA_Montreal,4n27a19,male,19,12,nonmusician,Canada,Montreal University - BRAMS,4m2s18,NA,35,0.6140350877192983,19,6.5,10,20,-1,1.5,3,3,3,10.5,9,16,16,20,16,8,8,84,76,18,25,19,24,17,46,41,46,47,31,41,52,NA,NA,NA,0,block12,FALSE
CA_NewBrunswick,14n3n20,male,20,14,nonmusician,Canada,New Brunswick University - Department of Psychology,10m19s20,NA,16,0.2807017543859649,15,10,9,21.5,11,3,4.5,5.5,7,20,17,17,20,20,19,15,19,110,91,37,39,15,36,23,60,30,41,51,29,47,66,1,5,NA,0.5,block12,FALSE
CA_NewBrunswick,13m23e22,female,22,17,musician,Canada,New Brunswick University - Department of Psychology,10n21r21,NA,37,0.6491228070175439,18,7,6.5,26.5,18,5,5,4,5,19,14,17,20,20,18,19,17,111,94,49,48,35,41,19,83,39,46,29,53,60,53,NA,NA,8,6-9,block12,FALSE
CA_NewBrunswick,11n20s18,female,18,13,nonmusician,Canada,New Brunswick University - Department of Psychology,11m20m18,NA,13,0.22807017543859648,23,11,10.5,21.5,24,6.5,6.5,5,5.5,23.5,17,15,19,19,10,17,16,96,80,46,51,16,35,43,88,43,51,49,27,42,58,1,4,NA,0.5,block12,FALSE
CA_NewBrunswick,11m20m18,female,18,13,musician,Canada,New Brunswick University - Department of Psychology,11n20s18,NA,36,0.631578947368421,15,6,5.5,28.5,18,7.5,6.5,7.5,8,29.5,22,14,17,17,19,16,12,95,83,36,52,34,35,37,88,48,40,38,36,50,66,NA,NA,10,6-9,block12,FALSE
CA_NewBrunswick,16n6s20,female,20,15,nonmusician,Canada,New Brunswick University - Department of Psychology,12m28m19,NA,41,0.7192982456140351,25,9,6.5,19.5,24,4.5,2,7,4.5,18,13.5,13,12,16,19,11,11,82,71,25,36,11,28,24,48,29,47,44,43,37,42,1,5,NA,0.5,block12,FALSE
CA_NewBrunswick,29m1e23,female,23,17,musician,Canada,New Brunswick University - Department of Psychology,12n10b24,NA,46,0.8070175438596491,18,9.5,7,19.5,18,7,7,6,6,26,19,15,20,20,20,19,16,110,94,45,60,45,42,45,113,45,59,26,60,57,42,NA,NA,17,10 or more,block12,TRUE
CA_NewBrunswick,10n21r21,female,21,18,nonmusician,Canada,New Brunswick University - Department of Psychology,13m23e22,NA,37,0.6491228070175439,15,9,8,10.5,-18,4.5,4,3,4,15.5,11,11,13,12,14,13,11,74,63,27,38,17,23,26,58,29,48,39,47,41,59.5,1,1,NA,0.5,block12,FALSE
CA_NewBrunswick,27n17j27,male,27,21,nonmusician,Canada,New Brunswick University - Department of Psychology,14m18j26,NA,46,0.8070175438596491,27,13,8,16.5,7,5,5.5,7,5,22.5,17.5,16,20,20,18,9,20,103,83,39,45,13,40,9,45,51,49,50,23,59,8,1,1,NA,0.5,block12,FALSE
CA_NewBrunswick,10m19s20,male,20,15,musician,Canada,New Brunswick University - Department of Psychology,14n3n20,NA,39,0.6842105263157895,12,10.5,8.5,32.5,11,6,3,3.5,4,16.5,10.5,13,13,16,16,17,15,90,75,41,47,34,30,33,92,43,37,49,31,39,63.5,NA,NA,5,3-5,block12,FALSE
CA_NewBrunswick,15n18s18,female,18,13,nonmusician,Canada,New Brunswick University - Department of Psychology,15m23n18,NA,19,0.3333333333333333,18,9.5,10,28,17,2,4.5,4.5,3,14,12,14,14,16,17,16,8,85,77,38,46,22,34,30,76,38,45,38,46,41,60.5,NA,NA,NA,0.5,block12,TRUE
CA_NewBrunswick,15m23n18,female,18,13,musician,Canada,New Brunswick University - Department of Psychology,15n18s18,NA,51,0.8947368421052632,30,9.5,7,29.5,11,7,5.5,5.5,6,24,17,16,18,18,19,18,19,108,89,51,59,42,42,44,111,41,46,38,38,55,58,NA,NA,14,10 or more,block12,TRUE
CA_NewBrunswick,12m28m19,female,19,15,musician,Canada,New Brunswick University - Department of Psychology,16n6s20,NA,36,0.631578947368421,25,10,7,31.5,19,6.5,5.5,6.5,5.5,24,17.5,18,20,17,17,19,17,108,91,46,56,31,38,41,96,35,53,43,52,58,24,NA,NA,8,6-9,block12,FALSE
CA_NewBrunswick,2m10w19,male,19,15,musician,Canada,New Brunswick University - Department of Psychology,18n29l19,NA,30,0.5263157894736842,24,14.5,15,23.5,30,6.5,7,8.5,8,30,23.5,16,16,20,15,14,18,99,81,32,49,35,38,27,73,27,35,30,25,39,47,NA,NA,9,6-9,block12,FALSE
CA_NewBrunswick,30m22g24,female,24,14,musician,Canada,New Brunswick University - Department of Psychology,1n20d25,NA,43,0.7543859649122807,25,8,12,27,24,7,5.5,5,6,23.5,16.5,16,18,16,18,17,12,97,85,44,48,37,37,36,92,38,40,40,48,49,43,NA,NA,11,10 or more,block12,TRUE
CA_NewBrunswick,23m17w20,male,20,15,musician,Canada,New Brunswick University - Department of Psychology,22n22s20,NA,39,0.6842105263157895,20,4.5,11.5,16,25,3.5,7,3.5,5.5,19.5,16,19,19,20,20,14,16,108,92,42,45,18,38,19,61,47,52,24,47,59,57,5,3,NA,3-5,block12,FALSE
CA_NewBrunswick,22n22s20,male,20,15,nonmusician,Canada,New Brunswick University - Department of Psychology,23m17w20,NA,40,0.7017543859649122,20,8.5,6.5,19.5,17,2,1,3,2.5,8.5,6.5,12,13,16,13,13,15,82,67,18,37,14,24,24,50,37,37,34,32,41,63,NA,NA,NA,0,block12,FALSE
CA_NewBrunswick,28m20c30,male,30,21,musician,Canada,New Brunswick University - Department of Psychology,26n3b29,NA,40,0.7017543859649122,15,11,12.5,23.5,20,5.5,5.5,5.5,4,20.5,15,12,15,11,14,15,12,79,67,26,60,40,30,31,89,24,37,24,42,39,50.5,NA,NA,20,10 or more,block12,TRUE
CA_NewBrunswick,14m18j26,male,26,20,musician,Canada,New Brunswick University - Department of Psychology,27n17j27,NA,33,0.5789473684210527,13,10.5,4,31.5,-24,4,5,7.5,8,24.5,20.5,14,16,17,14,17,19,97,78,50,37,23,29,33,80,37,37,38,38,33,41.5,NA,NA,3,2,block12,FALSE
CA_NewBrunswick,26n3b29,male,29,20,nonmusician,Canada,New Brunswick University - Department of Psychology,28m20c30,NA,41,0.7192982456140351,27,10.5,10,16,29,6,3,3.5,4,16.5,10.5,15,12,17,9,13,5,71,66,30,45,9,25,28,56,28,51,33,20,42,55.5,NA,NA,NA,0,block12,TRUE
CA_NewBrunswick,12n10b24,female,24,16,nonmusician,Canada,New Brunswick University - Department of Psychology,29m1e23,NA,40,0.7017543859649122,23,8,6.5,20,-4,3,3,6,6.5,18.5,15.5,14,14,17,18,16,9,88,79,28,35,14,27,21,50,28,56,52,44,49,55.5,NA,NA,NA,0,block12,TRUE
CA_NewBrunswick,18n29l19,male,19,15,nonmusician,Canada,New Brunswick University - Department of Psychology,2m10w19,NA,18,0.3157894736842105,15,11.5,8,31,-13,2,5,8,6,21,19,13,9,19,15,15,14,85,71,34,39,10,32,21,51,36,46,35,42,40,43,NA,NA,NA,0,block12,FALSE
CA_NewBrunswick,5m27r18,male,18,13,musician,Canada,New Brunswick University - Department of Psychology,2n15s18,NA,50,0.8771929824561403,27,12,7,22,15,7.5,6.5,6,8,28,20.5,15,18,16,13,14,17,93,76,37,52,36,34,31,81,52,36,52,23,54,53,5,1,NA,10 or more,block12,FALSE
CA_NewBrunswick,1n20d25,female,25,13,nonmusician,Canada,New Brunswick University - Department of Psychology,30m22g24,NA,37,0.6491228070175439,15,12.5,8.5,22,8,6,5,6.5,5,22.5,16.5,17,20,20,20,19,19,115,96,46,49,17,36,36,74,40,55,44,35,53,32,2,5,NA,2,block12,TRUE
CA_NewBrunswick,6m20s20,female,20,16,musician,Canada,New Brunswick University - Department of Psychology,3n8j21,NA,33,0.5789473684210527,21,8.5,10,19,18,8,6.5,5,4.5,24,16,11,13,20,10,12,9,75,66,30,56,32,31,25,68,40,58,48,28,43,43.5,NA,NA,9,6-9,block12,FALSE
CA_NewBrunswick,6n30j20,female,20,15,nonmusician,Canada,New Brunswick University - Department of Psychology,4m17c19,NA,41,0.7192982456140351,27,11,9.5,27,20,6,4.5,7.5,6.5,24.5,18.5,15,17,17,19,14,18,100,82,35,44,10,34,20,53,28,42,43,45,40,52,NA,NA,NA,0,block12,FALSE
CA_NewBrunswick,2n15s18,male,18,13,nonmusician,Canada,New Brunswick University - Department of Psychology,5m27r18,NA,19,0.3333333333333333,16,15,7.5,30.5,23,5.5,4.5,4.5,6,20.5,15,11,9,15,10,10,10,65,55,21,31,20,24,19,50,26,48,32,51,38,59.5,NA,NA,NA,2,block12,FALSE
CA_NewBrunswick,3n8j21,female,21,17,nonmusician,Canada,New Brunswick University - Department of Psychology,6m20s20,NA,19,0.3333333333333333,20,7.5,6.5,20,16,4.5,4,5.5,6,20,15.5,10,9,15,15,12,6,67,61,18,44,9,25,27,49,39,55,55,32,47,30,NA,NA,NA,0,block12,FALSE
CA_NewBrunswick,4m17c19,female,19,14,musician,Canada,New Brunswick University - Department of Psychology,6n30j20,NA,38,0.6666666666666666,7,8,7,21.5,18,5,4.5,3.5,4,17,12,15,13,15,16,12,12,83,71,41,42,32,30,30,79,29,38,42,49,43,62,NA,NA,8,6-9,block12,FALSE
CA_NewBrunswick,3m7m18,female,18,13,musician,Canada,New Brunswick University - Department of Psychology,7n7a18,NA,34,0.5964912280701754,19,5,8,21.5,14,5,5.5,5,6.5,22,17,19,19,20,16,18,14,106,92,57,58,39,39,41,105,44,51,51,31,56,38,NA,NA,3,3-5,block12,FALSE
CA_NewBrunswick,24n18g21,male,21,15,nonmusician,Canada,New Brunswick University - Department of Psychology,8m2b20,NA,39,0.6842105263157895,25,8.5,8,17.5,23,2.5,5.5,7,6,21,18.5,13,14,16,12,7,7,69,62,34,47,7,28,23,56,39,39,51,26,31,42,NA,NA,NA,0,block12,FALSE
CA_NewBrunswick,22m30a19,male,19,14,musician,Canada,New Brunswick University - Department of Psychology,8n24k18,NA,38,0.6666666666666666,20,10,10,21.5,29,4,6.5,6,3.5,20,16,19,12,20,16,15,17,99,82,45,55,32,32,46,99,52,41,42,29,45,53,NA,NA,8,6-9,block12,FALSE
CA_NewBrunswick,5n21c18,male,18,13,nonmusician,Canada,New Brunswick University - Department of Psychology,9m21s18,NA,34,0.5964912280701754,18,8.5,7.5,16.5,19,3.5,1.5,3.5,3.5,12,8.5,9,15,18,17,12,14,85,71,21,43,17,29,29,60,48,45,50,29,45,52,NA,NA,NA,1,block12,FALSE
CA_NewBrunswick,1m31k19,female,19,14,musician,Canada,New Brunswick University - Department of Psychology,9n2a19,NA,35,0.6140350877192983,22,5,5.5,11,-16,4.5,5.5,6,8,24,19.5,16,20,20,19,19,20,114,94,38,44,38,38,39,92,52,52,51,22,57,47,NA,NA,12,3-5,block12,FALSE
CA_NewBrunswick,24m19h23,female,23,18,musician,Canada,New Brunswick University - Department of Psychology,NA,NA,53,0.9298245614035088,21,13,9,15.5,23,5.5,6,4.5,4,20,14.5,20,20,20,14,19,20,113,93,54,43,40,40,23,82,44,47,47,38,47,62,NA,NA,17,10 or more,block12,TRUE
CA_NewBrunswick,25m27l20,female,20,14,musician,Canada,New Brunswick University - Department of Psychology,NA,NA,42,0.7368421052631579,24,8,7,19.5,22,6,5,3.5,5.5,20,14,15,11,16,15,14,8,79,71,28,45,33,30,29,74,50,51,41,28,29,49.5,NA,NA,8,3-5,block12,FALSE
CA_NewBrunswick,26m9j28,female,28,18,musician,Canada,New Brunswick University - Department of Psychology,NA,NA,53,0.9298245614035088,28,10.5,9.5,29.5,21,8.5,5.5,5.5,5.5,25,16.5,18,20,20,20,20,20,118,98,49,63,40,42,45,107,43,49,41,43,60,55.5,NA,NA,12,10 or more,block12,TRUE
CA_NewBrunswick,27m16t26,female,26,18,musician,Canada,New Brunswick University - Department of Psychology,NA,NA,46,0.8070175438596491,19,15.5,11.5,30.5,25,6,6.5,5.5,6,24,18,14,9,16,20,14,7,80,73,23,57,37,23,24,69,42,48,38,15,39,56,NA,NA,12,10 or more,block12,TRUE
CA_NewBrunswick,31m29m20,male,20,14,musician,Canada,New Brunswick University - Department of Psychology,17n15n18,NA,47,0.8245614035087719,27,9,6,27.5,30,8.5,6,6.5,5,26,17.5,18,16,16,12,16,9,87,78,45,57,42,33,41,101,32,50,33,26,51,42.5,NA,NA,11,10 or more,block12,TRUE
CA_NewBrunswick,7m30k19,female,19,15,musician,Canada,New Brunswick University - Department of Psychology,NA,NA,27,0.47368421052631576,13,12,5.5,22.5,-36,3.5,4,6,6,19.5,16,18,20,20,19,16,20,113,93,48,46,34,39,36,94,31,42,45,44,52,57,NA,NA,6,6-9,block12,FALSE
CA_NewBrunswick,17n15n18,male,18,13,nonmusician,Canada,New Brunswick University - Department of Psychology,31m29m20,NA,30,0.5263157894736842,10,11.5,8,23,21,5,4.5,6,6.5,22,17,14,12,16,16,16,13,87,74,32,41,22,31,25,67,51,51,44,23,45,8,NA,NA,1,0,block12,TRUE
CA_NewBrunswick,19n7n21,male,21,17,nonmusician,Canada,New Brunswick University - Department of Psychology,NA,NA,46,0.8070175438596491,20,9.5,9.5,24,21,7,5,8,7,27,20,11,16,16,17,16,10,86,76,33,48,16,31,34,70,54,35,52,21,45,36.5,2,5,NA,2,block12,TRUE
CA_NewBrunswick,20n3l18,male,18,13,nonmusician,Canada,New Brunswick University - Department of Psychology,NA,NA,30,0.5263157894736842,20,10,9,21,21,6,3,6.5,6,21.5,15.5,16,14,17,10,15,11,83,72,35,48,8,32,26,62,43,27,33,48,42,55.5,1,2,NA,0,block12,FALSE
CA_NewBrunswick,21n15s18,male,18,13,nonmusician,Canada,New Brunswick University - Department of Psychology,NA,NA,17,0.2982456140350877,15,14.5,7.5,31,-2,4.5,3,1.5,5,14,9.5,9,10,11,12,10,13,65,52,19,33,20,20,22,52,29,33,32,49,39,48,NA,NA,NA,2,block12,TRUE
CA_NewBrunswick,25n25r19,male,19,17,nonmusician,Canada,New Brunswick University - Department of Psychology,NA,NA,17,0.2982456140350877,17,6.5,11.5,18,21,4,4.5,4.5,4,17,13,19,19,19,16,19,18,110,92,27,38,17,28,31,60,45,36,35,22,38,66,NA,NA,3,0.5,block12,TRUE
CA_NewBrunswick,4n28o24,male,24,21,nonmusician,Canada,New Brunswick University - Department of Psychology,NA,NA,34,0.5964912280701754,18,8.5,8,28,18,4,3.5,2.5,6,16,12,13,13,20,19,14,13,92,79,39,45,27,34,21,70,51,48,44,17,44,66,3,5,NA,3-5,block12,FALSE
CA_NewBrunswick,9n2a19,female,19,14,nonmusician,Canada,New Brunswick University - Department of Psychology,1m31k19,NA,37,0.6491228070175439,23,9,7.5,17,23,5.5,3.5,5.5,7,21.5,16,14,17,17,16,16,15,95,80,36,48,17,33,32,79,36,46,26,46,50,35,NA,NA,NA,0,block12,FALSE
CA_NewBrunswick,8n24k18,male,18,13,nonmusician,Canada,New Brunswick University - Department of Psychology,22m30a19,NA,11,0.19298245614035087,14,9.5,5.5,27,3,4.5,6,5.5,2.5,18.5,14,15,16,18,13,14,16,92,76,43,47,19,26,36,83,36,37,38,36,36,55,NA,NA,NA,0.5,block12,FALSE
CA_NewBrunswick,8m2b20,male,20,15,musician,Canada,New Brunswick University - Department of Psychology,24n18g21,NA,29,0.5087719298245614,12,6,7,17,5,8,7,5,6,26,18,14,17,15,14,15,16,91,75,40,38,31,26,29,75,36,33,36,35,34,58.5,NA,NA,15,2,block12,FALSE
CA_NewBrunswick,7n7a18,female,18,13,nonmusician,Canada,New Brunswick University - Department of Psychology,3m7m18,NA,43,0.7543859649122807,13,13,9,25,11,6,3.5,7.5,5.5,22.5,16.5,9,10,16,14,13,10,72,62,19,47,15,31,30,60,37,52,49,30,40,27,1,2,NA,0.5,block12,FALSE
CA_NewBrunswick,9m21s18,male,18,13,musician,Canada,New Brunswick University - Department of Psychology,5n21c18,NA,30,0.5263157894736842,21,8.5,9.5,18,22,2.5,3,6,5,16.5,14,12,16,15,18,15,10,86,76,35,42,14,30,21,56,43,40,40,40,55,33,1,5,NA,1,block12,FALSE
CA_WesternOntario,1m9a18,male,18,14,musician,Canada,Western Ontario University – Department of Psychology,9n14s19,NA,41,0.7192982456140351,19,11,9,19.5,16,6,4.5,6,7.5,24,18,18,15,19,17,16,17,102,85,47,53,41,39,33,99,49,45,52,23,53,63,NA,NA,12,10 or more,block12,FALSE
CA_WesternOntario,2m6m21,female,21,16,musician,Canada,Western Ontario University – Department of Psychology,16n10a20,NA,48,0.8421052631578947,19,10.5,10.5,31.5,22,9,6,4.5,5.5,25,16,15,13,16,17,17,15,93,78,44,53,43,31,41,104,57,59,56,20,48,58.5,NA,NA,16,10 or more,block12,TRUE
CA_WesternOntario,3n13k18,female,18,13,nonmusician,Canada,Western Ontario University – Department of Psychology,7m29c18,NA,20,0.3508771929824561,12,7.5,9,19,21,2.5,2.5,2.5,4,11.5,9,14,14,16,15,14,15,88,73,30,33,10,28,22,46,33,46,36,33,37,53.5,NA,NA,NA,0,block12,TRUE
CA_WesternOntario,4m1t19,female,19,14,musician,Canada,Western Ontario University – Department of Psychology,5n28r19,NA,36,0.631578947368421,25,11.5,8,36,24,8,6.5,8.5,7,30,22,12,16,17,16,17,15,93,78,40,48,42,32,37,97,41,42,35,37,45,58,NA,NA,14,10 or more,block12,TRUE
CA_WesternOntario,4n22i18,female,18,15,nonmusician,Canada,Western Ontario University – Department of Psychology,9m1r18,NA,38,0.6666666666666666,18,8,9,15.5,-14,5.5,2.5,4.5,5,17.5,12,14,13,20,9,15,15,86,71,33,34,7,20,21,38,43,36,33,32,35,55.5,NA,NA,NA,0,block12,FALSE
CA_WesternOntario,5m27a20,female,20,16,musician,Canada,Western Ontario University – Department of Psychology,15n18k20,NA,53,0.9298245614035088,28,10.5,11,24,24,6,7.5,2,5.5,21,15,11,11,18,13,17,6,76,70,39,52,34,34,29,83,41,53,30,36,48,58,NA,NA,10,10 or more,block12,TRUE
CA_WesternOntario,5n28r19,female,19,15,nonmusician,Canada,Western Ontario University – Department of Psychology,4m1t19,NA,40,0.7017543859649122,19,14,9.5,23,25,5.5,4,5.5,4,19,13.5,11,18,16,19,11,14,89,75,19,43,7,32,24,39,41,37,51,42,44,66,NA,NA,NA,0,block12,TRUE
CA_WesternOntario,6m1h18,female,18,14,musician,Canada,Western Ontario University – Department of Psychology,13n8s18,NA,42,0.7368421052631579,20,9.5,7.5,26,18,6,7,5.5,6,24.5,18.5,18,17,17,16,16,16,100,84,46,56,39,38,41,103,46,57,30,27,48,66,NA,NA,14,10 or more,block12,TRUE
CA_WesternOntario,6n6d22,male,22,17,nonmusician,Canada,Western Ontario University – Department of Psychology,18m29z21,NA,39,0.6842105263157895,18,13,8.5,24.5,23,6,6,6,6.5,24.5,18.5,13,14,14,16,14,14,85,71,26,44,12,34,29,64,38,43,55,27,52,26.5,NA,NA,NA,0,block12,TRUE
CA_WesternOntario,7m29c18,female,18,13,musician,Canada,Western Ontario University – Department of Psychology,3n13k18,NA,42,0.7368421052631579,29,6,9,24.5,25,6,7,4.5,4.5,22,16,16,18,20,20,18,15,107,92,49,57,47,41,38,103,56,41,34,34,56,52,NA,NA,13,10 or more,block12,TRUE
CA_WesternOntario,8m3j18,male,18,13,musician,Canada,Western Ontario University – Department of Psychology,NA,NA,44,0.7719298245614035,20,9.5,9,28,23,8,8,6,6,28,20,13,14,19,10,12,13,81,68,31,55,42,38,25,87,48,40,48,22,42,53,NA,NA,10,10 or more,block12,TRUE
CA_WesternOntario,8n12s18,female,18,15,nonmusician,Canada,Western Ontario University – Department of Psychology,13m22m19,NA,45,0.7894736842105263,16,8.5,8.5,29.5,20,6.5,5,5,8,24.5,18,14,20,20,16,18,17,105,88,32,42,22,29,29,67,45,47,41,38,49,57,NA,NA,NA,3-5,block12,FALSE
CA_WesternOntario,9m1r18,female,18,15,musician,Canada,Western Ontario University – Department of Psychology,4n22i18,NA,28,0.49122807017543857,7,10,8,35,20,9,7,8,5,29,20,19,19,19,16,20,16,109,93,50,55,42,41,36,106,46,51,50,35,51,42,NA,NA,8,3-5,block12,FALSE
CA_WesternOntario,9n14s19,male,19,15,nonmusician,Canada,Western Ontario University – Department of Psychology,1m9a18,NA,37,0.6491228070175439,20,15,7,23.5,19,5.5,3.5,5,1.5,15.5,10,17,19,20,20,15,16,107,91,42,40,27,37,25,70,41,49,50,34,53,44,NA,NA,NA,3-5,block12,FALSE
CA_WesternOntario,10m29m18,male,18,14,musician,Canada,Western Ontario University – Department of Psychology,10n31d19,NA,53,0.9298245614035088,23,12,12.5,31,25,7,5.5,5.5,6.5,24.5,17.5,16,14,16,12,17,14,89,75,37,48,38,32,28,90,47,55,53,26,56,32,NA,NA,10,10 or more,block12,FALSE
CA_WesternOntario,10n31d19,male,19,15,nonmusician,Canada,Western Ontario University – Department of Psychology,10m29m18,NA,45,0.7894736842105263,15,11.5,6.5,17.5,25,5,6,7,7.5,25.5,20.5,11,14,16,16,11,11,79,68,28,38,26,30,21,64,29,42,40,41,39,60.5,2,1,NA,2,block12,FALSE
CA_WesternOntario,11m28k18,female,18,14,musician,Canada,Western Ontario University – Department of Psychology,18n5a19,NA,39,0.6842105263157895,18,10,11,30,23,7,8,7,8,30,23,17,14,17,19,16,17,100,83,43,54,41,36,35,92,34,36,41,28,41,57,NA,NA,10,10 or more,block12,FALSE
CA_WesternOntario,11n20b18,male,18,15,nonmusician,Canada,Western Ontario University – Department of Psychology,12m29n18,NA,51,0.8947368421052632,27,12,8,24,23,6.5,6,6,6,24.5,18,14,8,15,16,12,8,73,65,26,39,12,24,27,49,27,43,31,33,40,59.5,1,5,NA,0.5,block12,FALSE
CA_WesternOntario,12m29n18,male,18,15,musician,Canada,Western Ontario University – Department of Psychology,11n20b18,NA,49,0.8596491228070176,22,7.5,9,20,13,3.5,6.5,4.5,3.5,18,14.5,16,20,18,20,15,16,105,89,44,59,34,42,44,99,47,31,53,50,56,59.5,NA,NA,6,6-9,block12,FALSE
CA_WesternOntario,12n23j19,male,19,15,nonmusician,Canada,Western Ontario University – Department of Psychology,22m11x19,NA,29,0.5087719298245614,10,8,8.5,20,8,5.5,5.5,4.5,6.5,22,16.5,13,13,17,16,11,12,82,70,36,46,19,32,35,77,46,36,34,36,40,63,NA,NA,NA,3-5,block12,FALSE
CA_WesternOntario,13m22m19,female,19,14,musician,Canada,Western Ontario University – Department of Psychology,8n12s18,NA,46,0.8070175438596491,28,10.5,11.5,29,27,7.5,7,8.5,6.5,29.5,22,16,20,20,16,12,19,103,84,45,58,42,38,35,95,38,56,23,44,52,50.5,NA,NA,11,10 or more,block12,FALSE
CA_WesternOntario,13n8s18,female,18,14,nonmusician,Canada,Western Ontario University – Department of Psychology,6m1h18,NA,43,0.7543859649122807,15,8,7.5,23,22,6,6,8,4,24,18,20,19,20,14,17,16,106,90,46,48,8,30,17,53,42,43,45,48,44,26,NA,NA,NA,0,block12,TRUE
CA_WesternOntario,14m10s21,female,21,18,musician,Canada,Western Ontario University – Department of Psychology,17n1c21,NA,49,0.8596491228070176,20,12.5,11,31,24,8.5,5,7.5,7.5,28.5,20,19,20,19,20,19,17,114,97,52,61,43,41,44,110,43,51,39,45,54,53,NA,NA,7,10 or more,block12,FALSE
CA_WesternOntario,14n1t20,male,20,15,nonmusician,Canada,Western Ontario University – Department of Psychology,19m5o20,NA,41,0.7192982456140351,16,10,7,26,20,6.5,3,5,6,20.5,14,20,19,20,18,15,17,109,92,47,48,7,39,16,53,46,52,54,22,57,55.5,NA,NA,NA,0,block12,TRUE
CA_WesternOntario,15m28j21,male,21,16,musician,Canada,Western Ontario University – Department of Psychology,20n16m20,NA,43,0.7543859649122807,22,13.5,10.5,33,23,9,8,8.5,8,33.5,24.5,14,20,20,20,20,20,114,94,49,61,45,41,40,108,47,32,27,54,57,61,NA,NA,8,10 or more,block12,FALSE
CA_WesternOntario,15n18k20,female,20,16,nonmusician,Canada,Western Ontario University – Department of Psychology,5m27a20,NA,38,0.6666666666666666,11,7.5,5.5,14,13,4.5,5.5,4,5,19,14.5,11,8,17,8,13,7,64,57,23,26,7,22,19,36,21,40,34,55,28,56,NA,NA,NA,0,block12,TRUE
CA_WesternOntario,16m9a18,female,18,14,musician,Canada,Western Ontario University – Department of Psychology,21n6j18,NA,49,0.8596491228070176,17,13.5,8,17.5,28,5.5,7.5,6,4.5,23.5,18,13,14,16,14,11,10,78,68,38,54,42,32,40,98,33,56,37,54,46,60.5,NA,NA,12,10 or more,block12,FALSE
CA_WesternOntario,16n10a20,female,20,17,nonmusician,Canada,Western Ontario University – Department of Psychology,2m6m21,NA,49,0.8596491228070176,25,10,8,22,20,4.5,6.5,6.5,6.5,24,19.5,16,18,17,19,18,15,103,88,32,47,21,30,30,68,47,51,53,41,46,57,1,5,NA,1,block12,TRUE
CA_WesternOntario,17m27m18,female,18,15,musician,Canada,Western Ontario University – Department of Psychology,22n29l18,NA,41,0.7192982456140351,15,12.5,11.5,30,23,6.5,6.5,7.5,6.5,27,20.5,14,19,16,13,15,17,94,77,40,60,40,34,46,103,40,50,38,38,38,52.5,NA,NA,15,10 or more,block12,TRUE
CA_WesternOntario,17n1c21,female,21,18,nonmusician,Canada,Western Ontario University – Department of Psychology,14m10s21,NA,42,0.7368421052631579,22,13.5,8,21.5,16,7.5,6,7,5,25.5,18,18,16,18,19,18,12,101,89,43,47,18,31,35,78,47,51,54,23,45,63,NA,NA,NA,1,block12,FALSE
CA_WesternOntario,18m29z21,male,21,18,musician,Canada,Western Ontario University – Department of Psychology,6n6d22,NA,52,0.9122807017543859,17,14,7,28.5,22,8.5,8,7,5.5,29,20.5,17,19,18,14,19,13,100,87,51,57,47,37,38,112,52,50,51,37,52,63.5,NA,NA,18,10 or more,block12,TRUE
CA_WesternOntario,18n5a19,female,19,13,nonmusician,Canada,Western Ontario University – Department of Psychology,11m28k18,NA,41,0.7192982456140351,17,8,12.5,26,25,5,5,6,7,23,18,17,17,20,16,18,19,107,88,39,47,21,35,32,73,33,48,38,37,56,62,3,5,NA,2,block12,FALSE
CA_WesternOntario,19m5o20,male,20,16,musician,Canada,Western Ontario University – Department of Psychology,14n1t20,NA,47,0.8245614035087719,37,11,12,38.5,24,8.5,8,7,7,30.5,22,19,18,20,20,19,17,113,96,51,60,44,38,46,114,36,54,35,22,58,56.5,NA,NA,16,10 or more,block12,TRUE
CA_WesternOntario,19n15k18,male,18,15,nonmusician,Canada,Western Ontario University – Department of Psychology,20m27a18,NA,35,0.6140350877192983,24,13,10,19,23,7,8,6.5,7.5,29,22,10,14,16,12,16,13,81,68,24,38,25,26,28,65,33,52,41,30,24,60.5,NA,NA,NA,3-5,block12,FALSE
CA_WesternOntario,20m27a18,male,18,15,musician,Canada,Western Ontario University – Department of Psychology,19n15k18,NA,49,0.8596491228070176,24,13,11,29,22,8.5,8,8,7,31.5,23,17,18,17,19,17,15,103,88,52,54,45,39,38,104,52,43,46,22,52,66,NA,NA,11,10 or more,block12,FALSE
CA_WesternOntario,20n16m20,male,20,17,nonmusician,Canada,Western Ontario University – Department of Psychology,15m28j21,NA,55,0.9649122807017544,12,9.5,7.5,23.5,18,4.5,7,3.5,6,21,16.5,15,12,17,4,11,9,68,59,31,53,11,27,20,51,28,42,33,25,40,31,NA,NA,NA,0,block12,FALSE
CA_WesternOntario,21m7m21,male,21,17,musician,Canada,Western Ontario University – Department of Psychology,23n18y20,NA,38,0.6666666666666666,18,12,9.5,38,25,7.5,5,7,6,25.5,18,17,19,18,14,18,18,104,86,47,51,41,38,33,103,41,47,31,57,43,42.5,NA,NA,15,10 or more,block12,FALSE
CA_WesternOntario,21n6j18,female,18,14,nonmusician,Canada,Western Ontario University – Department of Psychology,16m9a18,NA,36,0.631578947368421,17,8.5,9.5,27.5,17,6,7,6,5,24,18,16,19,20,18,19,17,109,92,41,37,25,32,18,60,17,46,24,44,51,48,NA,NA,NA,3-5,block12,FALSE
CA_WesternOntario,22m11x19,male,19,16,musician,Canada,Western Ontario University – Department of Psychology,12n23j19,NA,19,0.3333333333333333,19,12.5,8,24.5,15,7.5,7,5,4.5,24,16.5,17,16,17,16,16,15,97,82,42,47,39,31,29,85,42,43,36,38,38,63,NA,NA,10,10 or more,block12,FALSE
CA_WesternOntario,22n29l18,female,18,15,nonmusician,Canada,Western Ontario University – Department of Psychology,17m27m18,NA,38,0.6666666666666666,14,15,11,26,14,7,5.5,8,4,24.5,17.5,13,17,20,19,15,17,101,84,36,56,19,36,25,73,36,46,45,34,42,56,1,5,NA,1,block12,TRUE
CA_WesternOntario,23n18y20,male,20,18,nonmusician,Canada,Western Ontario University – Department of Psychology,21m7m21,NA,23,0.40350877192982454,11,10.5,6,19,8,4,4,3,1.5,12.5,8.5,11,9,16,14,11,16,77,61,29,34,22,25,25,59,36,39,31,39,38,45.5,NA,NA,NA,3-5,block12,FALSE
DE_Frankfurt,10m13c25,female,25,17,musician,Germany,Max Planck Frankfurt/M. - Institute for Empirical Aesthetics,10n10d26,NA,51,0.8947368421052632,12,8.5,8.5,40,25,9,6,5,5,25,16,16,20,20,17,19,20,112,92,47,60,44,40,33,100,47,48,39,40,54,51,NA,NA,17,10 or more,block12,TRUE
DE_Frankfurt,11m21r22,male,22,17,musician,Germany,Max Planck Frankfurt/M. - Institute for Empirical Aesthetics,5n21j23,NA,50,0.8771929824561403,15,9,7.5,21.5,22,5.5,6,7.5,8,27,21.5,17,18,17,16,17,12,97,85,46,55,43,36,42,103,45,44,43,42,46,38.5,NA,NA,15,10 or more,block12,TRUE
DE_Frankfurt,12m13a22,female,22,17,musician,Germany,Max Planck Frankfurt/M. - Institute for Empirical Aesthetics,4n10g22,NA,50,0.8771929824561403,26,10.5,7.5,25.5,21,8.5,6,4,6,24.5,16,17,17,17,16,20,15,102,87,46,60,36,38,39,99,46,54,55,32,55,49.5,NA,NA,13,10 or more,block12,TRUE
DE_Frankfurt,13m21l23,female,23,16,musician,Germany,Max Planck Frankfurt/M. - Institute for Empirical Aesthetics,9n1h24,NA,53,0.9298245614035088,20,8,9,17.5,24,7.5,4.5,7.5,6.5,26,18.5,16,19,18,19,19,17,108,91,39,58,37,39,43,100,59,53,44,28,55,38,NA,NA,10,10 or more,block12,TRUE
DE_Frankfurt,14m15s23,male,23,16,musician,Germany,Max Planck Frankfurt/M. - Institute for Empirical Aesthetics,18n15m23,NA,41,0.7192982456140351,23,10.5,11,22,21,6,5.5,6.5,5.5,23.5,17.5,14,15,17,13,12,13,84,71,33,49,32,32,24,75,42,39,35,41,37,63,NA,NA,13,10 or more,block12,TRUE
DE_Frankfurt,15m4j25,male,25,18,musician,Germany,Max Planck Frankfurt/M. - Institute for Empirical Aesthetics,19n16a26,NA,48,0.8421052631578947,12,8.5,9.5,25.5,15,8,8,6.5,6.5,29,21,17,20,13,11,19,15,95,80,48,60,46,28,37,106,38,43,41,20,43,58,NA,NA,13,10 or more,block12,TRUE
DE_Frankfurt,16m25j20,male,20,15,musician,Germany,Max Planck Frankfurt/M. - Institute for Empirical Aesthetics,21n7a20,NA,38,0.6666666666666666,29,9.5,9.5,28.5,22,9.5,7.5,7.5,6,30.5,21,17,18,19,18,16,13,101,88,50,55,44,38,33,102,38,47,45,29,50,58,NA,NA,11,10 or more,block12,TRUE
DE_Frankfurt,17m06s21,male,21,15,musician,Germany,Max Planck Frankfurt/M. - Institute for Empirical Aesthetics,14n17t22,NA,52,0.9122807017543859,32,9,9,23.5,26,7.5,6,8,5.5,27,19.5,17,14,17,9,16,11,84,73,44,57,48,26,27,101,40,42,46,31,55,49,NA,NA,13,10 or more,block12,TRUE
DE_Frankfurt,18m12v24,male,24,18,musician,Germany,Max Planck Frankfurt/M. - Institute for Empirical Aesthetics,1n9a24,NA,53,0.9298245614035088,25,9,10.5,22,19,6.5,7,7,7,27.5,21,20,17,20,18,17,16,108,92,53,57,39,38,36,104,57,41,52,22,58,66,NA,NA,14,10 or more,block12,TRUE
DE_Frankfurt,19m14t24,male,24,14,musician,Germany,Max Planck Frankfurt/M. - Institute for Empirical Aesthetics,20n6v23,NA,49,0.8596491228070176,16,7,11.5,26.5,24,7,4.5,10,6,27.5,20.5,20,20,20,20,19,20,119,99,54,50,43,41,28,99,52,58,40,16,57,56.5,NA,NA,13,10 or more,block12,TRUE
DE_Frankfurt,1m20a23,female,23,18,musician,Germany,Max Planck Frankfurt/M. - Institute for Empirical Aesthetics,2n24e24,NA,55,0.9649122807017544,16,9.5,10,28,20,8.5,6.5,7,6,28,19.5,10,18,12,16,18,19,93,74,28,62,44,30,36,94,44,35,27,45,46,48.5,NA,NA,11,10 or more,block1,TRUE
DE_Frankfurt,20m9j22,female,22,16,musician,Germany,Max Planck Frankfurt/M. - Institute for Empirical Aesthetics,16n25j23,NA,39,0.6842105263157895,24,9,9,29.5,25,9,6,6,7,28,19,14,18,19,20,14,13,98,85,45,59,39,34,41,102,38,44,41,35,47,50.5,NA,NA,13,10 or more,block12,TRUE
DE_Frankfurt,21m24f25,male,25,15,musician,Germany,Max Planck Frankfurt/M. - Institute for Empirical Aesthetics,17n3l24,NA,42,0.7368421052631579,21,9.5,6.5,27,21,7,8,6.5,6.5,28,21,16,17,16,16,18,19,102,83,51,55,32,33,32,88,40,53,37,25,51,34,NA,NA,14,6-9,block12,FALSE
DE_Frankfurt,2m1m26,female,26,18,musician,Germany,Max Planck Frankfurt/M. - Institute for Empirical Aesthetics,7n25a25,NA,51,0.8947368421052632,31,7.5,9.5,22,25,9,7,6,6.5,28.5,19.5,18,20,19,17,18,20,112,92,42,54,45,41,35,103,41,53,34,45,53,46,NA,NA,20,10 or more,block1,TRUE
DE_Frankfurt,3m23c27,female,27,18,musician,Germany,Max Planck Frankfurt/M. - Institute for Empirical Aesthetics,3n16k26,NA,53,0.9298245614035088,22,10,9.5,24,24,9.5,6.5,9.5,7,32.5,23,11,14,14,20,20,16,95,79,39,55,43,32,42,110,56,29,30,35,55,27,NA,NA,11,10 or more,block1,TRUE
DE_Frankfurt,4m28l20,female,20,13,musician,Germany,Max Planck Frankfurt/M. - Institute for Empirical Aesthetics,8n31v21,NA,41,0.7192982456140351,24,7.5,11.5,23,22,6.5,6,7,6,25.5,19,20,20,20,17,18,16,111,95,41,57,36,42,34,100,50,52,57,34,40,54,NA,NA,13,10 or more,block1,TRUE
DE_Frankfurt,5m18v21,male,21,14,musician,Germany,Max Planck Frankfurt/M. - Institute for Empirical Aesthetics,12n28p21,NA,46,0.8070175438596491,23,8.5,9.5,29,-9,8,5.5,7,6,26.5,18.5,18,20,20,10,18,17,103,86,44,54,41,38,34,95,38,52,34,29,52,62,NA,NA,8,10 or more,block12,FALSE
DE_Frankfurt,6m2l20,female,20,13,musician,Germany,Max Planck Frankfurt/M. - Institute for Empirical Aesthetics,11n28n20,NA,41,0.7192982456140351,26,8.5,7,25,16,7.5,8,8,7.5,31,23.5,16,19,15,15,18,16,99,83,44,59,36,32,38,95,54,34,56,46,46,52,NA,NA,11,6-9,block12,FALSE
DE_Frankfurt,7m1l24,male,24,16,musician,Germany,Max Planck Frankfurt/M. - Institute for Empirical Aesthetics,15n15r23,NA,52,0.9122807017543859,17,8.5,8,28,19,8,6,6,7,27,19,19,15,20,16,19,17,106,89,55,60,44,38,40,109,45,51,42,27,52,55,NA,NA,13,10 or more,block12,TRUE
DE_Frankfurt,8m2l24,female,24,17,musician,Germany,Max Planck Frankfurt/M. - Institute for Empirical Aesthetics,13n10s25,NA,54,0.9473684210526315,14,9,8,26,22,7.5,6.5,5.5,7,26.5,19,17,19,19,16,19,20,110,90,49,62,42,34,37,103,51,53,39,43,57,52,NA,NA,18,10 or more,block12,TRUE
DE_Frankfurt,9m15l21,female,21,15,musician,Germany,Max Planck Frankfurt/M. - Institute for Empirical Aesthetics,6n21g21,NA,55,0.9649122807017544,25,7.5,10,28,26,9,7,5.5,7,28.5,19.5,16,19,20,18,19,17,109,92,41,53,41,38,36,91,33,54,55,32,54,50.5,NA,NA,15,10 or more,block12,TRUE
DE_Frankfurt,10n10d26,female,26,17,nonmusician,Germany,Max Planck Frankfurt/M. - Institute for Empirical Aesthetics,10m13c25,NA,45,0.7894736842105263,7,8,8,18.5,17,7.5,4,5.5,6.5,23.5,16,17,17,18,17,16,16,101,85,39,35,9,36,27,55,51,41,39,33,45,43,NA,NA,NA,0.5,block12,TRUE
DE_Frankfurt,11n28n20,female,20,14,nonmusician,Germany,Max Planck Frankfurt/M. - Institute for Empirical Aesthetics,6m2l20,NA,45,0.7894736842105263,29,10,7,20,18,3.5,6.5,6,5,21,17.5,14,14,16,16,16,6,82,76,32,40,9,32,19,46,50,47,29,32,50,45,1,5,NA,0,block12,FALSE
DE_Frankfurt,12n28p21,male,21,13,nonmusician,Germany,Max Planck Frankfurt/M. - Institute for Empirical Aesthetics,5m18v21,NA,41,0.7192982456140351,16,7.5,6,18,19,3.5,3,2,5,13.5,10,8,7,12,12,11,5,55,50,17,27,14,15,20,43,59,51,48,22,31,40,NA,NA,NA,0.5,block12,FALSE
DE_Frankfurt,13n10s25,female,25,17,nonmusician,Germany,Max Planck Frankfurt/M. - Institute for Empirical Aesthetics,8m2l24,NA,51,0.8947368421052632,22,8,8,25,20,4.5,3.5,4,3,15,10.5,8,13,17,16,12,11,77,66,22,39,13,31,22,50,33,49,41,41,46,40.5,NA,NA,NA,1,block12,TRUE
DE_Frankfurt,14n17t22,male,22,16,nonmusician,Germany,Max Planck Frankfurt/M. - Institute for Empirical Aesthetics,17m06s21,NA,45,0.7894736842105263,19,9.5,8.5,20.5,23,4,4.5,4.5,6,19,15,13,19,17,16,13,16,94,78,31,43,14,32,28,62,42,50,33,31,46,37,NA,NA,NA,0,block12,TRUE
DE_Frankfurt,15n15r23,male,23,17,nonmusician,Germany,Max Planck Frankfurt/M. - Institute for Empirical Aesthetics,7m1l24,NA,50,0.8771929824561403,31,13.5,13.5,24,28,6.5,6,7.5,7,27,20.5,17,16,18,9,15,10,85,75,22,52,7,29,16,45,28,50,51,18,51,35.5,NA,NA,NA,0,block12,TRUE
DE_Frankfurt,16n25j23,female,23,16,nonmusician,Germany,Max Planck Frankfurt/M. - Institute for Empirical Aesthetics,20m9j22,NA,50,0.8771929824561403,19,13,8,20,24,4.5,2.5,4,3,14,9.5,12,16,16,17,13,14,88,74,35,32,10,30,23,55,38,50,42,33,50,58,NA,NA,NA,0,block12,TRUE
DE_Frankfurt,17n3l24,male,24,16,nonmusician,Germany,Max Planck Frankfurt/M. - Institute for Empirical Aesthetics,21m24f25,NA,48,0.8421052631578947,24,8,10.5,41,22,9.5,5.5,6.5,8,29.5,20,11,16,15,17,15,17,91,74,24,39,16,26,25,60,41,48,36,20,43,63,NA,NA,NA,0,block12,FALSE
DE_Frankfurt,18n15m23,male,23,16,nonmusician,Germany,Max Planck Frankfurt/M. - Institute for Empirical Aesthetics,14m15s23,NA,52,0.9122807017543859,22,11,8,19,29,4,4,9,8,25,21,16,13,12,17,17,19,94,75,39,48,21,34,30,75,57,44,23,23,59,58,1,5,NA,1,block12,TRUE
DE_Frankfurt,19n16a26,male,26,18,nonmusician,Germany,Max Planck Frankfurt/M. - Institute for Empirical Aesthetics,15m4j25,NA,53,0.9298245614035088,21,7.5,8,19,27,7.5,2.5,4.5,6,20.5,13,13,14,13,9,10,10,69,59,23,37,13,23,14,41,37,37,45,46,43,66,2,5,NA,2,block12,TRUE
DE_Frankfurt,1n9a24,male,24,17,nonmusician,Germany,Max Planck Frankfurt/M. - Institute for Empirical Aesthetics,18m12v24,NA,39,0.6842105263157895,18,9,7.5,19,24,6,5,7.5,6.5,25,19,13,16,16,7,11,7,70,63,24,27,7,30,16,39,36,24,53,31,27,8,NA,NA,NA,0,block12,TRUE
DE_Frankfurt,20n6v23,male,23,15,nonmusician,Germany,Max Planck Frankfurt/M. - Institute for Empirical Aesthetics,19m14t24,NA,52,0.9122807017543859,17,9,5,22.5,17,4.5,7,6,4,21.5,17,13,14,15,12,11,16,81,65,36,41,16,27,30,58,39,44,25,41,44,58,2,5,NA,2,block12,TRUE
DE_Frankfurt,21n7a20,male,20,14,nonmusician,Germany,Max Planck Frankfurt/M. - Institute for Empirical Aesthetics,16m25j20,NA,43,0.7543859649122807,25,9,8,13.5,19,2,5,3,3.5,13.5,11.5,5,13,13,16,15,12,74,62,11,25,7,23,21,39,43,53,55,35,35,63,NA,NA,NA,0,block12,TRUE
DE_Frankfurt,2n24e24,female,24,17,nonmusician,Germany,Max Planck Frankfurt/M. - Institute for Empirical Aesthetics,1m20a23,NA,48,0.8421052631578947,18,8,7,29,10,7,6,7,8,28,21,17,15,17,20,19,18,106,88,48,57,20,33,39,93,39,50,28,22,43,26,NA,NA,NA,2,block12,TRUE
DE_Frankfurt,3n16k26,female,26,18,nonmusician,Germany,Max Planck Frankfurt/M. - Institute for Empirical Aesthetics,3m23c27,NA,51,0.8947368421052632,24,11,10,22,20,5.5,4.5,3,4.5,17.5,12,9,15,19,10,13,7,73,66,19,48,8,28,20,47,35,46,29,37,34,63,NA,NA,NA,0,block12,TRUE
DE_Frankfurt,4n10g22,female,22,16,nonmusician,Germany,Max Planck Frankfurt/M. - Institute for Empirical Aesthetics,12m13a22,NA,46,0.8070175438596491,21,11,9.5,19.5,22,1.5,2.5,2,3.5,9.5,8,13,11,15,7,12,9,67,58,18,28,7,23,14,36,30,38,28,48,37,50,NA,NA,NA,0,block12,TRUE
DE_Frankfurt,5n21j23,male,23,17,nonmusician,Germany,Max Planck Frankfurt/M. - Institute for Empirical Aesthetics,11m21r22,NA,45,0.7894736842105263,15,10,8,11.5,17,1.5,3,8,6.5,19,17.5,15,20,20,16,16,14,101,87,33,28,7,34,16,37,47,55,34,30,48,41,NA,NA,NA,0,block12,TRUE
DE_Frankfurt,6n21g21,female,21,15,nonmusician,Germany,Max Planck Frankfurt/M. - Institute for Empirical Aesthetics,9m15l21,NA,36,0.631578947368421,17,9,8,16,19,2,5,6.5,5,18.5,16.5,19,20,20,18,17,17,111,94,40,60,13,38,33,72,48,53,42,45,45,57,NA,NA,NA,1,block12,TRUE
DE_Frankfurt,7n25a25,female,25,17,nonmusician,Germany,Max Planck Frankfurt/M. - Institute for Empirical Aesthetics,2m1m26,NA,48,0.8421052631578947,20,11,10.5,19.5,22,7.5,3.5,6,5,22,14.5,17,10,19,19,16,19,100,81,26,39,16,29,20,45,36,46,53,47,51,13,NA,NA,NA,1,block12,TRUE
DE_Frankfurt,8n31v21,female,21,14,nonmusician,Germany,Max Planck Frankfurt/M. - Institute for Empirical Aesthetics,4m28l20,NA,36,0.631578947368421,16,4.5,5.5,13.5,11,2.5,3.5,4,4,14,11.5,11,13,15,16,9,12,76,64,30,25,7,22,19,44,48,39,52,42,26,62,NA,NA,NA,0,block12,TRUE
DE_Frankfurt,9n1h24,female,24,16,nonmusician,Germany,Max Planck Frankfurt/M. - Institute for Empirical Aesthetics,13m21l23,NA,44,0.7719298245614035,17,7.5,9.5,19.5,26,2,3.5,3.5,3,12,10,9,8,10,13,9,6,55,49,16,36,8,24,14,34,31,49,47,34,28,33,NA,NA,NA,0,block12,TRUE
DE_Hannover,10m26d21,female,21,15,musician,Germany,Hannover Institute of Music Physiology and Musicians Medicine,10n02l20,NA,50,0.8771929824561403,21,10,9.5,23,21,7,7,8,5.5,27.5,20.5,17,16,15,16,15,17,96,79,42,59,42,36,34,96,48,43,43,35,53,58,NA,NA,13,10 or more,block1,TRUE
DE_Hannover,11m31e30,male,30,25,musician,Germany,Hannover Institute of Music Physiology and Musicians Medicine,21n4b29,NA,52,0.9122807017543859,25,9,8,32,16,9,7,7,6,29,20,12,19,10,15,12,17,85,68,50,62,44,41,47,115,50,44,52,33,60,8,NA,NA,26,10 or more,block1,FALSE
DE_Hannover,12m30b18,male,18,12,musician,Germany,Hannover Institute of Music Physiology and Musicians Medicine,4n06b20,NA,44,0.7719298245614035,21,8,10.5,23,25,7,4,7.5,4.5,23,16,17,16,17,12,18,16,96,80,44,50,38,28,30,86,32,49,39,28,50,55,NA,NA,10,10 or more,block1,TRUE
DE_Hannover,13m05h18,female,18,13,musician,Germany,Hannover Institute of Music Physiology and Musicians Medicine,3n01m18,NA,53,0.9298245614035088,19,9.5,8,30,20,8.5,7,6,6,27.5,19,19,20,20,14,20,18,111,93,57,62,43,42,37,111,39,52,38,31,58,53,NA,NA,13,10 or more,block1,FALSE
DE_Hannover,14m14j29,female,29,23,musician,Germany,Hannover Institute of Music Physiology and Musicians Medicine,13n07a29,NA,51,0.8947368421052632,15,8.5,10,26,24,8.5,8,5,4.5,26,17.5,14,18,11,11,17,17,88,71,41,60,43,38,35,100,43,46,48,29,50,58.5,NA,NA,21,10 or more,block12,TRUE
DE_Hannover,15m21l25,female,25,20,musician,Germany,Hannover Institute of Music Physiology and Musicians Medicine,15n16l25,NA,39,0.6842105263157895,11,11,9,33.5,19,10,8,6,6.5,30.5,20.5,17,20,19,17,19,18,110,92,56,59,48,39,29,105,33,46,49,43,43,60.5,NA,NA,20,10 or more,block12,TRUE
DE_Hannover,16m13t28,male,28,22,musician,Germany,Hannover Institute of Music Physiology and Musicians Medicine,18n25g27,NA,52,0.9122807017543859,14,7.5,6.5,23,5,6.5,8,4.5,7.5,26.5,20,16,17,19,12,16,14,94,80,37,59,43,35,35,98,47,48,45,25,48,66,NA,NA,22,10 or more,block12,TRUE
DE_Hannover,17m27f21,female,21,16,musician,Germany,Hannover Institute of Music Physiology and Musicians Medicine,17n27f21,NA,52,0.9122807017543859,21,12,12.5,26.5,12,8.5,6.5,8.5,8,31.5,23,18,18,19,16,18,17,106,89,49,54,42,38,34,102,44,54,53,27,56,66,NA,NA,9,10 or more,block12,FALSE
DE_Hannover,18m24j18,female,18,12,musician,Germany,Hannover Institute of Music Physiology and Musicians Medicine,9n15s19,NA,54,0.9473684210526315,34,8,9,28,15,7,6,7,4,24,17,16,16,14,17,18,14,95,81,33,50,30,30,24,67,41,53,27,16,58,51.5,NA,NA,7,10 or more,block12,FALSE
DE_Hannover,19m30r18,female,18,13,musician,Germany,Hannover Institute of Music Physiology and Musicians Medicine,22n07m19,NA,46,0.8070175438596491,23,14,11.5,27,17,8.5,7,5,4.5,25,16.5,14,18,20,19,19,19,109,90,38,55,38,37,35,96,43,41,40,55,51,66,NA,NA,11,10 or more,block12,FALSE
DE_Hannover,1m01H25,female,25,19,musician,Germany,Hannover Institute of Music Physiology and Musicians Medicine,16n16e23,NA,52,0.9122807017543859,27,9,8.5,41,24,7.5,7.5,8,7,30,22.5,14,9,15,19,12,10,79,69,39,55,41,30,42,98,47,48,43,31,51,59.5,NA,NA,15,10 or more,block1,TRUE
DE_Hannover,20m09z26,male,26,21,musician,Germany,Hannover Institute of Music Physiology and Musicians Medicine,NA,NA,54,0.9473684210526315,22,9,12.5,30.5,25,8,8,6,6.5,28.5,20.5,19,12,16,9,18,12,86,74,55,56,41,21,32,94,32,40,41,36,50,62,NA,NA,15,10 or more,block12,TRUE
DE_Hannover,21m10c27,female,27,21,musician,Germany,Hannover Institute of Music Physiology and Musicians Medicine,5n08a26,NA,50,0.8771929824561403,21,11,11.5,22,23,7.5,6,7,8,28.5,21,20,20,20,20,20,20,120,100,57,59,45,40,37,103,35,53,37,35,51,34,NA,NA,22,10 or more,block1,TRUE
DE_Hannover,22m31l26,male,26,20,musician,Germany,Hannover Institute of Music Physiology and Musicians Medicine,7n13j25,NA,52,0.9122807017543859,27,12.5,8,24.5,-40,9.5,6,4.5,3.5,23.5,14,16,16,16,16,16,16,96,80,53,54,41,36,38,102,55,48,37,30,54,53,NA,NA,20,10 or more,block12,TRUE
DE_Hannover,2m04J29,male,29,23,musician,Germany,Hannover Institute of Music Physiology and Musicians Medicine,19n28j28,NA,56,0.9824561403508771,32,9.5,9.5,34,26,9,6.5,7,7,29.5,20.5,15,19,20,18,19,16,107,91,36,62,44,40,39,102,52,48,51,23,53,63,NA,NA,9,10 or more,block1,FALSE
DE_Hannover,3m12a28,female,28,19,musician,Germany,Hannover Institute of Music Physiology and Musicians Medicine,11n11l27,NA,56,0.9824561403508771,26,8.5,8,27,25,5,4,4.5,5.5,19,14,20,20,20,19,19,20,118,98,49,57,45,41,36,103,51,50,38,31,58,55.5,NA,NA,5,10 or more,block1,FALSE
DE_Hannover,4m27s29,female,29,22,musician,Germany,Hannover Institute of Music Physiology and Musicians Medicine,14n28m23,NA,52,0.9122807017543859,27,14.5,10.5,40,28,9,7,7.5,6,29.5,20.5,14,19,19,17,17,14,100,86,46,63,40,40,41,107,41,56,57,23,51,59.5,NA,NA,12,10 or more,block1,FALSE
DE_Hannover,5m26j28,male,28,21,musician,Germany,Hannover Institute of Music Physiology and Musicians Medicine,12n17l28,NA,52,0.9122807017543859,23,10,9,16,28,8,6.5,7,7,28.5,20.5,14,12,13,16,15,12,82,70,39,52,40,31,30,89,50,42,38,23,48,34.5,NA,NA,3,6-9,block1,FALSE
DE_Hannover,6m09v27,male,27,20,musician,Germany,Hannover Institute of Music Physiology and Musicians Medicine,8n24s26,NA,47,0.8245614035087719,20,13.5,11.5,26,28,8,8,7.5,8,31.5,23.5,20,20,20,20,20,20,120,100,57,63,44,42,43,110,52,52,44,19,53,53,NA,NA,21,10 or more,block1,FALSE
DE_Hannover,7m23j23,female,23,17,musician,Germany,Hannover Institute of Music Physiology and Musicians Medicine,6n19v23,NA,45,0.7894736842105263,10,8,8,31,22,6,4,4,4.5,18.5,12.5,17,18,19,17,18,20,109,89,45,58,44,39,35,103,33,52,44,30,47,41,NA,NA,8,10 or more,block1,FALSE
DE_Hannover,8m13h26,male,26,20,musician,Germany,Hannover Institute of Music Physiology and Musicians Medicine,2n24j25,NA,53,0.9298245614035088,17,9,7.5,33,26,8,6.5,6,6.5,27,19,15,19,20,16,15,18,103,85,38,48,47,31,32,102,26,48,26,41,53,46,NA,NA,10,10 or more,block1,FALSE
DE_Hannover,9m11m23,female,23,17,musician,Germany,Hannover Institute of Music Physiology and Musicians Medicine,1n17l24,NA,53,0.9298245614035088,21,8.5,10.5,20,20,10,7.5,8.5,6.5,32.5,22.5,18,20,20,20,17,15,110,95,45,61,42,40,33,100,51,50,42,20,53,48.5,NA,NA,9,6-9,block1,FALSE
DE_Hannover,10n02l20,female,20,13,nonmusician,Germany,Hannover Institute of Music Physiology and Musicians Medicine,10m26d21,NA,42,0.7368421052631579,34,10,11.5,7.5,23,7.5,4.5,6.5,6,24.5,17,13,17,16,12,10,8,76,68,36,26,7,27,16,35,42,38,23,39,40,25,NA,NA,NA,0,block12,TRUE
DE_Hannover,11n11l27,female,27,19,nonmusician,Germany,Hannover Institute of Music Physiology and Musicians Medicine,3m12a28,NA,56,0.9824561403508771,25,12.5,11,30.5,24,7.5,5,8,5,25.5,18,11,14,13,17,16,8,79,71,26,35,18,27,36,62,25,51,27,36,50,55.5,2,5,NA,2,block12,FALSE
DE_Hannover,12n17l28,male,28,19,nonmusician,Germany,Hannover Institute of Music Physiology and Musicians Medicine,5m26j28,NA,51,0.8947368421052632,16,10.5,8,30.5,21,7.5,4.5,7.5,6,25.5,18,16,19,18,12,16,10,91,81,36,47,17,32,28,65,36,47,47,28,35,40.5,2,5,NA,2,block12,FALSE
DE_Hannover,13n07a29,female,29,23,nonmusician,Germany,Hannover Institute of Music Physiology and Musicians Medicine,14m14j29,NA,51,0.8947368421052632,21,9,6,21.5,-37,6.5,1.5,2,1.5,11.5,5,7,8,12,4,10,4,45,41,20,37,13,22,26,56,36,39,52,42,33,64.5,NA,NA,NA,1,block12,TRUE
DE_Hannover,14n28m23,female,28,21,nonmusician,Germany,Hannover Institute of Music Physiology and Musicians Medicine,4m27s29,NA,54,0.9473684210526315,27,14.5,8.5,21.5,25,5,3.5,4,3.5,16,11,12,19,19,12,12,19,93,74,31,28,10,33,21,48,35,56,37,50,59,46,1,4,NA,1,block12,FALSE
DE_Hannover,15n16l25,female,25,20,nonmusician,Germany,Hannover Institute of Music Physiology and Musicians Medicine,15m21l25,NA,52,0.9122807017543859,25,11.5,12,18,19,4,2.5,3,4.5,14,10,13,18,16,11,12,8,78,70,30,46,10,38,27,56,38,47,51,33,43,8,NA,NA,NA,0,block12,TRUE
DE_Hannover,16n16e23,female,23,18,nonmusician,Germany,Hannover Institute of Music Physiology and Musicians Medicine,1m01H25,NA,48,0.8421052631578947,27,9.5,8,22.5,19,5.5,3,3.5,7,19,13.5,9,20,17,19,17,11,93,82,23,50,14,31,38,64,33,42,28,50,51,8,NA,NA,NA,0,block12,TRUE
DE_Hannover,17n27f21,female,21,16,nonmusician,Germany,Hannover Institute of Music Physiology and Musicians Medicine,17m27f21,NA,50,0.8771929824561403,21,9,6.5,19,13,5,6,4.5,6.5,22,17,16,19,20,17,15,17,104,87,43,41,19,33,25,64,43,46,47,43,38,50,2,5,NA,2,block12,FALSE
DE_Hannover,18n25g27,male,27,21,nonmusician,Germany,Hannover Institute of Music Physiology and Musicians Medicine,16m13t28,NA,51,0.8947368421052632,24,11,11,21.5,28,6,2.5,2.5,4.5,15.5,9.5,14,17,20,18,14,12,95,83,33,48,12,36,24,61,52,41,43,27,48,43.5,NA,NA,NA,0,block12,TRUE
DE_Hannover,19n28j28,male,28,23,nonmusician,Germany,Hannover Institute of Music Physiology and Musicians Medicine,2m04J29,NA,48,0.8421052631578947,17,10,8.5,24.5,24,3.5,3,5,5,16.5,13,12,9,11,5,11,5,53,48,15,21,7,18,14,30,35,51,49,22,48,62,NA,NA,NA,0,block12,FALSE
DE_Hannover,1n17l24,female,24,18,nonmusician,Germany,Hannover Institute of Music Physiology and Musicians Medicine,9m11m23,NA,40,0.7017543859649122,14,10.5,7.5,16,-16,4,5.5,7,7,23.5,19.5,18,20,20,16,19,19,112,93,44,49,18,38,24,67,27,49,43,49,57,26.5,1,1,NA,0,block1,FALSE
DE_Hannover,20n14m19,male,19,13,nonmusician,Germany,Hannover Institute of Music Physiology and Musicians Medicine,NA,NA,48,0.8421052631578947,30,8.5,6.5,20,-29,7,4.5,3,3,17.5,10.5,9,10,11,8,12,8,58,50,16,40,8,21,24,43,45,37,29,38,28,53,NA,NA,NA,0,block12,TRUE
DE_Hannover,21n4b29,male,29,24,nonmusician,Germany,Hannover Institute of Music Physiology and Musicians Medicine,11m31e30,NA,52,0.9122807017543859,27,11.5,9.5,16.5,29,6,5.5,6,5.5,23,17,11,18,20,16,15,15,95,80,27,50,28,37,29,76,50,48,23,43,47,58,5,5,NA,6-9,block12,FALSE
DE_Hannover,22n07m19,female,19,13,nonmusician,Germany,Hannover Institute of Music Physiology and Musicians Medicine,19m30r18,NA,40,0.7017543859649122,20,10.5,9,21.5,22,3.5,4,7.5,7,22,18.5,14,16,16,16,15,11,88,77,28,40,16,31,22,52,45,48,42,36,48,60.5,2,3,NA,2,block12,FALSE
DE_Hannover,2n24j25,male,25,19,nonmusician,Germany,Hannover Institute of Music Physiology and Musicians Medicine,8m13h26,NA,53,0.9298245614035088,12,9.5,7.5,18.5,20,3,1.5,6,4.5,15,12,15,15,15,11,17,9,82,73,36,48,26,35,33,77,52,48,50,32,42,55.5,5,5,NA,3-5,block12,FALSE
DE_Hannover,3n01m18,female,18,12,nonmusician,Germany,Hannover Institute of Music Physiology and Musicians Medicine,13m05h18,NA,38,0.6666666666666666,28,8,9,25,-1,5.5,5.5,7,7,25,19.5,18,12,17,15,20,14,96,82,52,53,29,24,43,102,39,33,32,31,42,63.5,1,1,NA,1,block12,FALSE
DE_Hannover,4n06b20,male,20,13,nonmusician,Germany,Hannover Institute of Music Physiology and Musicians Medicine,12m30b18,NA,43,0.7543859649122807,11,10,1.5,13.5,10,4.5,4,5,3.5,17,12.5,14,19,20,19,15,17,104,87,31,24,7,32,22,42,34,51,41,38,44,37,NA,NA,NA,0,block12,TRUE
DE_Hannover,5n08a26,female,26,21,nonmusician,Germany,Hannover Institute of Music Physiology and Musicians Medicine,21m10c27,NA,51,0.8947368421052632,27,9.5,9.5,20.5,10,4.5,1,5,5,15.5,11,12,19,18,20,15,17,101,84,40,53,18,39,36,80,55,54,30,39,52,45,NA,NA,1,2,block12,TRUE
DE_Hannover,6n19v23,female,23,17,nonmusician,Germany,Hannover Institute of Music Physiology and Musicians Medicine,7m23j23,NA,55,0.9649122807017544,14,9,10,24,6,3,5.5,5.5,4.5,18.5,15.5,15,14,18,20,17,17,101,84,29,38,15,28,20,53,33,48,40,51,54,53.5,1,1,NA,0.5,block12,FALSE
DE_Hannover,7n13j25,male,25,19,nonmusician,Germany,Hannover Institute of Music Physiology and Musicians Medicine,22m31l26,NA,47,0.8245614035087719,26,8,9.5,17.5,18,3,4,4,5.5,16.5,13.5,8,5,13,9,9,5,49,44,17,20,8,17,21,39,33,43,47,25,36,58,1,5,NA,0,block12,TRUE
DE_Hannover,8n24s26,male,26,20,nonmusician,Germany,Hannover Institute of Music Physiology and Musicians Medicine,6m09v27,NA,48,0.8421052631578947,20,7,8.5,13.5,15,6.5,4,1,4,15.5,9,19,7,15,18,18,14,91,77,43,41,20,25,28,66,51,53,48,13,49,51,2,4,NA,2,block12,FALSE
DE_Hannover,9n15s19,female,19,13,nonmusician,Germany,Hannover Institute of Music Physiology and Musicians Medicine,18m24j18,NA,45,0.7894736842105263,19,9.5,7.5,19,21,5.5,5,5,6,21.5,16,10,20,19,13,11,19,92,73,23,41,15,34,32,63,40,57,35,43,51,50.5,1,5,NA,1,block12,FALSE
ES_Barcelona,11m27a22,female,22,15,musician,Spain,Barcelona University - Department of Cognition Development and Educational Psychology,11n01l22,NA,42,0.7368421052631579,25,15,8,26.5,24,8,7,8,7.5,30.5,22.5,18,19,20,19,20,18,114,96,45,56,38,36,38,98,47,47,30,46,55,58,NA,NA,17,10 or more,block12,TRUE
ES_Barcelona,11n01l22,female,22,16,nonmusician,Spain,Barcelona University - Department of Cognition Development and Educational Psychology,11m27a22,NA,40,0.7017543859649122,21,9,8.5,21,15,3.5,4.5,5,7,20,16.5,15,5,20,11,15,11,77,66,41,35,9,24,18,49,40,50,35,43,54,66,1,5,NA,0.5,block12,TRUE
ES_Barcelona,12m05a18,female,18,11,musician,Spain,Barcelona University - Department of Cognition Development and Educational Psychology,12n28j18,NA,31,0.543859649122807,17,10,10,31.5,18,8,4,7,6.5,25.5,17.5,16,20,20,20,20,18,114,96,34,53,43,32,43,99,56,54,23,45,52,8,NA,NA,12,10 or more,block12,FALSE
ES_Barcelona,12n28j18,female,18,12,nonmusician,Spain,Barcelona University - Department of Cognition Development and Educational Psychology,12m05a18,NA,35,0.6140350877192983,19,7,9,19.5,17,4.5,5,4,5.5,19,14.5,12,20,16,17,16,14,95,81,38,38,15,34,20,60,36,46,39,44,51,48,5,5,NA,0,block12,FALSE
ES_Barcelona,13m28l18,female,18,11,musician,Spain,Barcelona University - Department of Cognition Development and Educational Psychology,13n15l18,NA,41,0.7192982456140351,29,9,10,20,19,5.5,7,5.5,4.5,22.5,17,20,20,20,20,20,20,120,100,59,55,43,41,44,113,48,54,43,49,59,8,NA,NA,13,10 or more,block12,TRUE
ES_Barcelona,13n15l18,female,18,12,nonmusician,Spain,Barcelona University - Department of Cognition Development and Educational Psychology,13m28l18,NA,31,0.543859649122807,26,9,10.5,24,20,5,5,4.5,4.5,19,14,14,17,17,20,20,17,105,88,37,34,10,32,35,60,50,41,28,41,46,58,NA,NA,NA,0.5,block12,TRUE
ES_Barcelona,14m20m21,female,21,12,musician,Spain,Barcelona University - Department of Cognition Development and Educational Psychology,14n4s21,NA,25,0.43859649122807015,29,13,9.5,17.5,22,7,5.5,5.5,8,26,19,15,19,19,19,20,18,110,92,51,55,41,40,37,104,49,55,38,39,60,64.5,NA,NA,10,10 or more,block12,FALSE
ES_Barcelona,14n4s21,female,21,12,nonmusician,Spain,Barcelona University - Department of Cognition Development and Educational Psychology,14m20m21,NA,34,0.5964912280701754,16,7.5,8.5,19,16,4.5,3.5,3.5,4.5,16,11.5,13,20,18,15,17,15,98,83,35,43,31,36,29,70,34,45,40,41,36,48,1,3,NA,3-5,block12,FALSE
ES_Barcelona,15m18m20,female,20,11,musician,Spain,Barcelona University - Department of Cognition Development and Educational Psychology,15n10m19,NA,18,0.3157894736842105,16,10,8.5,31,22,6.5,4,5,4.5,20,13.5,17,19,20,19,19,18,112,94,50,54,41,37,42,100,50,49,47,24,49,58,NA,NA,11,10 or more,block12,TRUE
ES_Barcelona,15n10m19,female,19,12,nonmusician,Spain,Barcelona University - Department of Cognition Development and Educational Psychology,15m18m20,NA,31,0.543859649122807,24,11,10,18,27,4,4,4.5,4.5,17,13,11,11,16,19,11,10,78,68,16,28,9,24,20,35,40,46,34,31,39,54.5,NA,NA,NA,0,block12,TRUE
ES_Barcelona,17m30c28,female,28,21,musician,Spain,Barcelona University - Department of Cognition Development and Educational Psychology,17n8L27,NA,36,0.631578947368421,17,11.5,10.5,28,12,8,8,6,7.5,29.5,21.5,14,20,20,17,18,18,107,89,54,63,46,42,46,117,50,57,55,24,50,23,NA,NA,24,10 or more,block12,FALSE
ES_Barcelona,17n8L27,female,27,21,nonmusician,Spain,Barcelona University - Department of Cognition Development and Educational Psychology,17m30c28,NA,37,0.6491228070175439,15,10,8.5,26,21,5.5,5.5,6.5,5.5,23,17.5,15,20,20,20,17,20,112,92,33,32,24,32,34,64,53,57,37,28,56,42,4,5,NA,3-5,block12,FALSE
ES_Barcelona,18m31a19,female,19,12,musician,Spain,Barcelona University - Department of Cognition Development and Educational Psychology,18n15l19,NA,32,0.5614035087719298,10,10,7.5,31,25,7,5.5,5,6.5,24,17,17,18,20,18,19,17,109,92,50,45,42,41,34,98,54,49,45,27,55,48.5,NA,NA,15,10 or more,block12,TRUE
ES_Barcelona,18n15l19,female,19,12,nonmusician,Spain,Barcelona University - Department of Cognition Development and Educational Psychology,18m31a19,NA,35,0.6140350877192983,14,8.5,9.5,17.5,0,6,4.5,3,4,17.5,11.5,12,20,18,20,9,8,87,79,25,50,8,22,16,38,48,41,54,36,46,55,NA,NA,NA,0,block12,TRUE
ES_Barcelona,20m15e27,female,27,19,musician,Spain,Barcelona University - Department of Cognition Development and Educational Psychology,20n13b26,NA,45,0.7894736842105263,25,15,11.5,33,23,7.5,6.5,9,7,30,22.5,20,19,20,20,20,20,119,99,56,60,42,39,47,114,47,50,47,32,56,58.5,NA,NA,17,6-9,block12,FALSE
ES_Barcelona,20n13b26,female,26,20,nonmusician,Spain,Barcelona University - Department of Cognition Development and Educational Psychology,20m15e27,NA,31,0.543859649122807,13,10.5,8,18,18,5,6,7,7,25,20,11,18,19,20,17,17,102,85,24,39,11,38,26,51,45,55,44,37,44,60.5,NA,NA,NA,0,block12,FALSE
ES_Barcelona,21m23g19,female,19,13,musician,Spain,Barcelona University - Department of Cognition Development and Educational Psychology,21n24s21,NA,33,0.5789473684210527,23,10.5,8.5,27,20,7,6,7,7.5,27.5,20.5,15,20,19,16,20,17,107,90,43,56,36,38,43,97,40,48,36,30,55,35,NA,NA,12,10 or more,block12,FALSE
ES_Barcelona,21n24s21,female,21,15,nonmusician,Spain,Barcelona University - Department of Cognition Development and Educational Psychology,21m23g19,NA,37,0.6491228070175439,17,10.5,12,18.5,14,6.5,3,3.5,4,17,10.5,14,14,17,17,14,12,88,76,33,37,21,30,26,58,34,46,42,35,42,24,NA,NA,NA,3-5,block12,FALSE
ES_Barcelona,4m16v21,female,21,14,musician,Spain,Barcelona University - Department of Cognition Development and Educational Psychology,4n26a22,NA,36,0.631578947368421,24,10,7.5,26.5,26,6.5,5,4.5,3.5,19.5,13,13,19,20,20,19,16,107,91,34,50,38,34,38,87,49,52,34,34,56,52,NA,NA,6,6-9,block12,FALSE
ES_Barcelona,4n26a22,female,21,15,nonmusician,Spain,Barcelona University - Department of Cognition Development and Educational Psychology,4m16v21,NA,32,0.5614035087719298,15,11.5,8,17.5,21,4,4,4.5,3.5,16,12,15,16,16,16,17,16,96,80,39,26,9,32,16,44,43,43,26,38,42,13,NA,NA,NA,0,block12,FALSE
ES_Barcelona,8m25m20,female,20,15,musician,Spain,Barcelona University - Department of Cognition Development and Educational Psychology,8n17r21,NA,35,0.6140350877192983,27,8.5,6.5,28,25,9.5,7.5,7,8,32,22.5,19,20,20,20,20,20,119,99,59,61,43,38,46,117,48,56,27,51,54,43,NA,NA,13,10 or more,block12,TRUE
ES_Barcelona,8n17r21,female,21,14,nonmusician,Spain,Barcelona University - Department of Cognition Development and Educational Psychology,8m25m20,NA,36,0.631578947368421,28,10,6.5,30.5,12,6,3.5,4.5,6,20,14,10,14,17,9,15,8,73,65,25,44,7,32,11,40,34,55,39,36,43,45.5,NA,NA,NA,0,block12,TRUE
ES_Barcelona,9m07c20,female,20,14,musician,Spain,Barcelona University - Department of Cognition Development and Educational Psychology,9n03i21,NA,39,0.6842105263157895,15,12,8.5,31.5,21,8.5,8,4.5,6,27,18.5,18,19,19,20,17,17,110,93,47,56,39,38,42,105,43,30,46,49,56,51,NA,NA,15,6-9,block12,FALSE
ES_Barcelona,9n03i21,female,21,15,nonmusician,Spain,Barcelona University - Department of Cognition Development and Educational Psychology,9m07c20,NA,32,0.5614035087719298,18,11.5,11,22,20,6,4.5,6,5.5,22,16,10,16,16,17,14,12,85,73,35,42,8,34,20,49,42,51,43,31,37,23,NA,NA,NA,0,block12,FALSE
ES_Barcelona,10m4j30,male,30,12,musician,Spain,Barcelona University - Department of Cognition Development and Educational Psychology,10n24x29,NA,49,0.8596491228070176,11,11.5,9,30,-20,9,5.5,8.5,8,31,22,18,19,20,18,19,16,110,94,56,61,43,42,45,116,41,51,33,42,58,66,NA,NA,10,6-9,block12,FALSE
ES_Barcelona,10n24x29,male,29,12,nonmusician,Spain,Barcelona University - Department of Cognition Development and Educational Psychology,10m4j30,NA,34,0.5964912280701754,13,11.5,9,21,23,5.5,5,3.5,5.5,19.5,14,13,16,17,15,14,14,89,75,47,42,22,28,31,70,44,34,39,34,40,36.5,1,5,NA,1,block12,FALSE
ES_Barcelona,19m19k21,male,21,12,musician,Spain,Barcelona University - Department of Cognition Development and Educational Psychology,19n08s22,NA,43,0.7543859649122807,15,13.5,9.5,30,21,7.5,3.5,6,5.5,22.5,15,18,20,20,19,18,20,115,95,52,53,37,42,38,95,39,51,33,17,51,58,NA,NA,13,10 or more,block12,TRUE
ES_Barcelona,19n08s22,male,22,12,nonmusician,Spain,Barcelona University - Department of Cognition Development and Educational Psychology,19m19k21,NA,29,0.5087719298245614,15,13.5,12.5,22.5,28,5,6.5,6.5,6.5,24.5,19.5,13,16,16,17,16,16,94,78,39,51,8,34,33,66,46,47,48,30,46,8,NA,NA,NA,0,block12,TRUE
ES_Barcelona,1m22i21,male,21,14,musician,Spain,Barcelona University - Department of Cognition Development and Educational Psychology,1n07r21,NA,28,0.49122807017543857,11,7,12.5,26.5,12,8,7.5,4,5.5,25,17,16,17,20,7,17,12,89,77,38,60,42,36,28,85,39,54,56,25,47,37.5,NA,NA,16,10 or more,block12,TRUE
ES_Barcelona,1n07r21,male,21,15,nonmusician,Spain,Barcelona University - Department of Cognition Development and Educational Psychology,1m22i21,NA,37,0.6491228070175439,12,11,7,24.5,18,7,3.5,4.5,5,20,13,18,14,17,17,18,15,99,84,50,40,11,32,28,71,33,48,28,39,46,63,NA,NA,NA,0,block12,TRUE
ES_Barcelona,2m15t25,male,25,17,musician,Spain,Barcelona University - Department of Cognition Development and Educational Psychology,2n26s24,NA,36,0.631578947368421,17,12,10.5,32.5,22,6,5.5,6.5,6,24,18,20,20,20,19,20,19,118,99,58,63,39,39,44,112,47,48,41,32,50,22,NA,NA,10,10 or more,block12,TRUE
ES_Barcelona,2n26s24,male,24,18,nonmusician,Spain,Barcelona University - Department of Cognition Development and Educational Psychology,2m15t25,NA,39,0.6842105263157895,18,11.5,10,28.5,15,5,4.5,6,5,20.5,15.5,12,10,15,20,10,13,80,67,25,32,9,29,10,32,34,49,32,20,43,47,NA,NA,NA,0,block12,TRUE
ES_Barcelona,3m09p22,male,22,15,musician,Spain,Barcelona University - Department of Cognition Development and Educational Psychology,3n17p22,NA,39,0.6842105263157895,23,8,10.5,32,18,7.5,7,5,5.5,25,17.5,16,16,17,19,19,18,105,87,50,54,42,35,31,97,50,39,44,30,52,53,NA,NA,15,10 or more,block12,TRUE
ES_Barcelona,3n17p22,male,22,16,nonmusician,Spain,Barcelona University - Department of Cognition Development and Educational Psychology,3m09p22,NA,40,0.7017543859649122,19,11,8.5,21,21,6,5,4.5,5,20.5,14.5,18,18,17,20,14,18,105,87,54,52,14,39,24,73,47,54,35,24,52,42.5,NA,NA,NA,0,block12,TRUE
ES_Barcelona,5m21j30,male,30,20,musician,Spain,Barcelona University - Department of Cognition Development and Educational Psychology,5n23g29,NA,42,0.7368421052631579,9,9,11.5,36.5,-9,7.5,4.5,5.5,6,23.5,16,19,20,20,19,18,18,114,96,53,55,47,34,28,99,38,39,50,41,54,63,NA,NA,12,10 or more,block12,TRUE
ES_Barcelona,5n23g29,male,29,21,nonmusician,Spain,Barcelona University - Department of Cognition Development and Educational Psychology,5m21j30,NA,41,0.7192982456140351,33,9,8.5,18,12,9,5,5,4.5,23.5,14.5,20,16,20,16,19,12,103,91,45,45,12,38,30,68,40,48,57,32,42,53,NA,NA,NA,0,block12,TRUE
ES_Barcelona,6m07d30,male,30,17,musician,Spain,Barcelona University - Department of Cognition Development and Educational Psychology,6n20m30,NA,31,0.543859649122807,21,11.5,12,31,23,9.5,7,8,6.5,31,21.5,17,20,18,16,18,18,107,89,47,59,44,41,39,112,36,49,46,51,56,33,NA,NA,9,6-9,block12,FALSE
ES_Barcelona,6n20m30,male,30,16,nonmusician,Spain,Barcelona University - Department of Cognition Development and Educational Psychology,6m07d30,NA,41,0.7192982456140351,15,8,8,19,26,6,4,5,5,20,14,20,18,19,16,18,16,107,91,48,41,7,39,25,60,44,45,39,21,52,53,NA,NA,NA,0,block12,FALSE
ES_Barcelona,7m11jr25,male,25,18,musician,Spain,Barcelona University - Department of Cognition Development and Educational Psychology,7n27t24,NA,41,0.7192982456140351,16,10.5,12,39.5,19,7.5,3.5,6.5,6,23.5,16,15,17,15,20,20,16,103,87,51,62,44,35,43,116,46,35,31,36,53,42.5,NA,NA,10,3-5,block12,FALSE
ES_Barcelona,7n27t24,male,24,17,nonmusician,Spain,Barcelona University - Department of Cognition Development and Educational Psychology,7m11jr25,NA,37,0.6491228070175439,10,9.5,8,19.5,17,4,4,3,4.5,15.5,11.5,17,20,20,20,17,19,113,94,48,46,19,41,32,77,42,38,30,47,56,54.5,1,4,NA,0.5,block12,FALSE
ES_Barcelona,16m27a18,female,18,11,musician,Spain,Barcelona University - Department of Cognition Development and Educational Psychology,NA,NA,32,0.5614035087719298,27,15,10,NA,29,10,8,7,8,33,23,17,19,20,20,20,20,116,96,47,61,45,36,45,106,52,55,55,25,58,45.5,NA,NA,15,10 or more,NA,TRUE
ES_Barcelona,16n22h18,female,18,12,nonmusician,Spain,Barcelona University - Department of Cognition Development and Educational Psychology,NA,NA,26,0.45614035087719296,11,7.5,9,26.5,23,3,2.5,2,2.5,10,7,14,13,18,19,12,11,87,76,28,37,8,29,31,51,46,44,27,40,37,56.5,NA,NA,NA,0,block12,TRUE
ES_Granada,1m16l23,female,23,17,musician,Spain,Granada University - Mind Brain and Behavior Research Center,10n12c23,NA,44,0.7719298245614035,21,8,9.5,19.5,17,6,7.5,6.5,6,26,20,16,20,20,19,19,15,109,94,39,55,37,31,21,79,32,53,50,35,52,8,NA,NA,12,6-9,block12,FALSE
ES_Granada,3m8c23,female,23,18,musician,Spain,Granada University - Mind Brain and Behavior Research Center,4n29m23,NA,37,0.6491228070175439,16,12.5,12,27.5,-15,5.5,3,5.5,6,20,14.5,16,16,15,15,19,18,99,81,45,49,39,32,41,96,44,52,45,45,52,16.5,NA,NA,12,6-9,block12,FALSE
ES_Granada,4m26f22,male,22,17,musician,Spain,Granada University - Mind Brain and Behavior Research Center,18n17r22,NA,37,0.6491228070175439,15,9,8.5,31,25,9,7,8,8,32,23,19,20,20,20,20,20,119,99,46,58,42,33,44,103,53,57,42,36,49,8,NA,NA,10,10 or more,block12,TRUE
ES_Granada,5m7l27,female,27,16,musician,Spain,Granada University - Mind Brain and Behavior Research Center,27n29l26,NA,51,0.8947368421052632,26,12,11.5,27.5,28,7,6,8,7.5,28.5,21.5,17,18,20,16,19,19,109,90,43,63,44,35,46,110,37,56,60,24,60,21,NA,NA,15,10 or more,block12,TRUE
ES_Granada,6m6s21,male,21,16,musician,Spain,Granada University - Mind Brain and Behavior Research Center,5n24f22,NA,47,0.8245614035087719,26,9,8.5,25,20,7.5,3.5,5,7,23,15.5,15,20,20,17,20,17,109,92,42,63,41,38,43,104,41,48,39,40,60,63,NA,NA,13,10 or more,block12,TRUE
ES_Granada,7m9a18,female,18,13,musician,Spain,Granada University - Mind Brain and Behavior Research Center,25n21t18,NA,37,0.6491228070175439,26,10.5,9.5,31,28,8.5,6.5,6.5,5.5,27,18.5,17,17,19,20,20,19,112,93,48,60,41,37,43,105,48,38,38,43,56,58,NA,NA,10,10 or more,block12,TRUE
ES_Granada,8m30e22,male,22,16,musician,Spain,Granada University - Mind Brain and Behavior Research Center,7n10e23,NA,51,0.8947368421052632,27,10.5,10.5,32.5,25,9,7,7.5,6.5,30,21,13,20,20,12,11,16,92,76,35,54,42,40,31,91,50,48,57,25,49,57,NA,NA,11,10 or more,block12,TRUE
ES_Granada,9m27a23,male,23,18,musician,Spain,Granada University - Mind Brain and Behavior Research Center,8n15j23,NA,49,0.8596491228070176,27,12,8.5,42,23,7.5,6.5,4.5,5.5,24,16.5,17,17,20,17,19,17,107,90,46,59,44,35,39,103,35,55,42,25,57,58.5,NA,NA,12,10 or more,block12,TRUE
ES_Granada,10m12a21,female,21,15,musician,Spain,Granada University - Mind Brain and Behavior Research Center,6n27e21,NA,29,0.5087719298245614,20,7,6.5,31,11,6.5,4,8.5,3.5,22.5,16,20,20,20,20,20,20,120,100,56,45,39,36,32,88,44,51,47,35,54,24,NA,NA,8,6-9,block12,FALSE
ES_Granada,11m19c20,female,20,15,musician,Spain,Granada University - Mind Brain and Behavior Research Center,2n27e20,NA,36,0.631578947368421,23,7.5,8,32,26,8,5,6.5,6,25.5,17.5,13,16,15,16,13,14,87,73,39,48,31,31,38,81,42,44,28,47,46,50.5,NA,NA,10,10 or more,block12,TRUE
ES_Granada,12m21S21,female,21,15,musician,Spain,Granada University - Mind Brain and Behavior Research Center,21n22a21,NA,37,0.6491228070175439,20,7,8.5,18.5,13,7.5,6,3,7,23.5,16,20,20,20,20,20,19,119,100,57,63,43,42,49,117,56,60,56,29,60,63.5,NA,NA,10,10 or more,block12,TRUE
ES_Granada,13m11p25,male,25,17,musician,Spain,Granada University - Mind Brain and Behavior Research Center,9n10a26,NA,43,0.7543859649122807,27,12,10,23,20,9,7.5,6,8,30.5,21.5,17,20,20,20,20,20,117,97,44,60,40,40,42,101,52,54,46,25,54,44,NA,NA,14,10 or more,block12,TRUE
ES_Granada,14m3c19,male,19,14,musician,Spain,Granada University - Mind Brain and Behavior Research Center,26n2a19,NA,41,0.7192982456140351,22,12,7.5,24.5,27,9,5.5,4,6.5,25,16,15,11,17,14,18,10,85,75,40,60,42,28,45,104,45,53,39,17,48,53,NA,NA,10,10 or more,block12,TRUE
ES_Granada,15m13l24,male,24,18,musician,Spain,Granada University - Mind Brain and Behavior Research Center,12n3j24,NA,43,0.7543859649122807,18,10,6.5,27,20,7,5.5,7,8,27.5,20.5,20,16,16,17,18,15,102,87,49,54,38,36,37,98,44,47,50,31,56,8,NA,NA,15,10 or more,block12,TRUE
ES_Granada,16m22a28,male,28,18,musician,Spain,Granada University - Mind Brain and Behavior Research Center,24n30a28,NA,51,0.8947368421052632,14,9.5,8.5,28,26,8,6,7.5,7,28.5,20.5,15,19,20,18,18,19,109,90,44,52,40,36,40,99,50,56,33,21,59,44,NA,NA,12,10 or more,block12,TRUE
ES_Granada,17m2c21,female,21,15,musician,Spain,Granada University - Mind Brain and Behavior Research Center,16n10c22,NA,33,0.5789473684210527,20,12.5,6.5,26.5,25,6.5,7,5,7,25.5,19,14,18,20,19,17,19,107,88,34,43,22,36,31,72,42,54,47,48,52,66,NA,NA,3,0.5,block12,FALSE
ES_Granada,18m3c18,female,18,13,musician,Spain,Granada University - Mind Brain and Behavior Research Center,28n16t18,NA,49,0.8596491228070176,21,8,7.5,27,21,5.5,4,4.5,5,19,13.5,17,15,14,16,14,11,87,76,45,44,32,37,22,72,37,42,34,38,47,56.5,NA,NA,10,10 or more,block12,TRUE
ES_Granada,19m26c26,female,26,17,musician,Spain,Granada University - Mind Brain and Behavior Research Center,23n6r26,NA,51,0.8947368421052632,27,12,6,32,20,7.5,8,8.5,8,32,24.5,14,20,19,20,19,20,112,92,45,63,45,34,42,110,53,56,59,28,53,63,NA,NA,18,10 or more,block12,TRUE
ES_Granada,20m3s19,male,19,13,musician,Spain,Granada University - Mind Brain and Behavior Research Center,29n9c18,NA,52,0.9122807017543859,21,15.5,6,37,25,8.5,7,4.5,5,25,16.5,13,19,20,20,18,15,105,90,38,57,44,39,40,101,38,50,55,48,60,63,NA,NA,12,10 or more,block12,TRUE
ES_Granada,21m19c23,male,23,16,musician,Spain,Granada University - Mind Brain and Behavior Research Center,15n4r23,NA,52,0.9122807017543859,24,10,9,32,24,7,6,6,4.5,23.5,16.5,20,20,20,20,20,20,120,100,52,63,42,42,31,95,50,44,39,32,56,58,NA,NA,15,10 or more,block12,TRUE
ES_Granada,22m12g22,female,22,17,musician,Spain,Granada University - Mind Brain and Behavior Research Center,17n14c22,NA,48,0.8421052631578947,7,10.5,10.5,23,16,8,6,4.5,5.5,24,16,18,20,18,18,16,18,108,90,47,61,45,39,35,101,41,39,49,38,50,19,NA,NA,17,10 or more,block12,FALSE
ES_Granada,2n27e20,female,20,15,nonmusician,Spain,Granada University - Mind Brain and Behavior Research Center,11m19c20,NA,39,0.6842105263157895,17,7,7.5,21,12,4,4.5,4,5,17.5,13.5,14,19,19,19,15,6,92,86,20,34,7,27,16,32,52,54,52,36,35,52,NA,NA,NA,0,block12,TRUE
ES_Granada,4n29m23,female,23,17,nonmusician,Spain,Granada University - Mind Brain and Behavior Research Center,3m8c23,NA,48,0.8421052631578947,21,7.5,8.5,15,14,3,3.5,4,4.5,15,12,14,20,17,18,16,18,103,85,36,46,9,35,19,50,39,38,33,42,53,54,1,5,NA,0,block12,FALSE
ES_Granada,5n24f22,male,22,15,nonmusician,Spain,Granada University - Mind Brain and Behavior Research Center,6m6s21,NA,48,0.8421052631578947,17,13,10,27.5,15,8,5,8,6.5,27.5,19.5,16,18,20,20,19,14,107,93,40,47,7,32,35,62,50,50,43,26,47,58,NA,NA,NA,0,block12,TRUE
ES_Granada,6n27e21,female,21,16,nonmusician,Spain,Granada University - Mind Brain and Behavior Research Center,10m12a21,NA,37,0.6491228070175439,16,9,9,29,19,5,5,7.5,6.5,24,19,18,17,18,20,17,17,107,90,43,38,7,33,23,51,40,55,46,14,57,38,NA,NA,NA,0,block12,FALSE
ES_Granada,7n10e23,male,23,15,nonmusician,Spain,Granada University - Mind Brain and Behavior Research Center,8m30e22,NA,40,0.7017543859649122,21,9,9,22.5,18,4,2.5,7,7.5,21,17,12,15,18,19,12,11,87,76,28,38,7,37,20,42,43,47,43,37,47,61,NA,NA,NA,0,block12,TRUE
ES_Granada,8n15j23,male,23,17,nonmusician,Spain,Granada University - Mind Brain and Behavior Research Center,9m27a23,NA,38,0.6666666666666666,15,9,6.5,22.5,10,7,6.5,5.5,4.5,23.5,16.5,13,20,20,20,20,20,113,93,33,37,14,35,24,61,49,55,44,22,45,61,NA,NA,NA,0,block12,TRUE
ES_Granada,9n10a26,male,26,17,nonmusician,Spain,Granada University - Mind Brain and Behavior Research Center,13m11p25,NA,37,0.6491228070175439,18,8,7,21,17,6,4,6,5.5,21.5,15.5,12,15,17,12,10,12,78,66,27,39,7,32,14,39,37,45,48,42,49,62,NA,NA,NA,0,block12,TRUE
ES_Granada,10n12c23,female,23,17,nonmusician,Spain,Granada University - Mind Brain and Behavior Research Center,1m16l23,NA,41,0.7192982456140351,20,9.5,11,21.5,21,5,5,5,6.5,21.5,16.5,15,14,15,18,13,10,85,75,39,36,11,37,25,56,40,45,44,34,41,55.5,NA,NA,NA,0,block12,FALSE
ES_Granada,12n3j24,male,24,17,nonmusician,Spain,Granada University - Mind Brain and Behavior Research Center,15m13l24,NA,38,0.6666666666666666,16,9,8,24,9,4,4,5.5,4,17.5,13.5,14,12,14,10,14,8,72,64,38,40,9,25,24,44,39,41,18,41,49,41.5,NA,NA,NA,1,block12,TRUE
ES_Granada,15n4r23,male,23,15,nonmusician,Spain,Granada University - Mind Brain and Behavior Research Center,21m19c23,NA,49,0.8596491228070176,21,14,10.5,20.5,24,4,4,2.5,3.5,14,10,14,17,18,18,16,15,98,83,41,46,8,33,31,62,33,45,33,42,41,25,NA,NA,NA,0,block12,TRUE
ES_Granada,16n10c22,female,22,15,nonmusician,Spain,Granada University - Mind Brain and Behavior Research Center,17m2c21,NA,44,0.7719298245614035,27,10,8.5,22.5,30,8.5,6,6,7,27.5,19,13,20,20,20,20,20,113,93,48,53,32,37,34,89,40,56,27,40,58,29.5,NA,NA,1,1,block12,FALSE
ES_Granada,17n14c22,female,22,17,nonmusician,Spain,Granada University - Mind Brain and Behavior Research Center,22m12g22,NA,44,0.7719298245614035,26,10.5,9.5,25.5,28,8,7.5,7,6,28.5,20.5,13,17,20,20,19,18,107,89,32,47,32,28,36,84,40,50,45,44,55,36.5,4,1,NA,3-5,block12,FALSE
ES_Granada,18n17r22,male,22,16,nonmusician,Spain,Granada University - Mind Brain and Behavior Research Center,4m26f22,NA,41,0.7192982456140351,11,7,8,13.5,25,4,3.5,3.5,3.5,14.5,10.5,13,15,16,18,15,13,90,77,33,51,15,33,34,74,42,47,42,21,41,38,NA,NA,NA,0,block12,TRUE
ES_Granada,21n22a21,female,21,16,nonmusician,Spain,Granada University - Mind Brain and Behavior Research Center,12m21S21,NA,40,0.7017543859649122,19,11,10,16.5,24,2.5,2.5,4.5,5,14.5,12,13,20,20,18,14,20,105,85,29,25,9,33,17,40,28,55,31,52,43,32.5,NA,NA,NA,0.5,block12,TRUE
ES_Granada,23n6r26,female,26,17,nonmusician,Spain,Granada University - Mind Brain and Behavior Research Center,19m26c26,NA,51,0.8947368421052632,15,9.5,4,26.5,25,5,4.5,7.5,4.5,21.5,16.5,9,19,20,20,11,12,91,79,40,41,13,36,24,55,40,35,36,38,54,51,NA,NA,NA,0,block12,TRUE
ES_Granada,24n30a28,male,28,18,nonmusician,Spain,Granada University - Mind Brain and Behavior Research Center,16m22a28,NA,43,0.7543859649122807,21,10,8.5,18,18,5,4,3.5,6,18.5,13.5,14,15,18,15,13,9,84,75,30,35,10,35,7,30,36,39,38,38,53,13,1,5,NA,0.5,block12,TRUE
ES_Granada,25n21t18,female,18,12,nonmusician,Spain,Granada University - Mind Brain and Behavior Research Center,7m9a18,NA,33,0.5789473684210527,18,12,8.5,18,16,5.5,2.5,3,6,17,11.5,13,18,17,16,14,16,94,78,23,35,10,27,16,37,42,53,56,33,41,24,NA,NA,NA,0,block12,TRUE
ES_Granada,26n2a19,male,19,14,nonmusician,Spain,Granada University - Mind Brain and Behavior Research Center,14m3c19,NA,45,0.7894736842105263,25,11.5,11,21.5,22,6,5,6.5,6,23.5,17.5,11,9,19,13,13,18,83,65,25,29,11,26,13,31,27,30,44,50,33,28,NA,NA,NA,1,block12,TRUE
ES_Granada,27n29l26,female,26,16,nonmusician,Spain,Granada University - Mind Brain and Behavior Research Center,5m7l27,NA,39,0.6842105263157895,9,6.5,7.5,10.5,-1,3.5,2,3,3.5,12,8.5,14,16,16,16,15,13,90,77,32,27,11,27,27,57,42,52,44,38,47,63,NA,NA,NA,0,block12,TRUE
ES_Granada,28n16t18,female,18,13,nonmusician,Spain,Granada University - Mind Brain and Behavior Research Center,18m3c18,NA,47,0.8245614035087719,23,9.5,6,24.5,20,5.5,2.5,6,5,19,13.5,15,12,16,16,15,11,85,74,37,27,11,26,18,46,30,49,28,42,44,40.5,NA,NA,NA,0,block12,TRUE
ES_Granada,29n9c18,male,18,13,nonmusician,Spain,Granada University - Mind Brain and Behavior Research Center,20m3s19,NA,48,0.8421052631578947,13,10,7,20.5,13,6,4,4.5,6.5,21,15,14,16,15,13,12,14,84,70,26,48,14,32,29,63,45,45,45,24,43,63,NA,NA,NA,0,block12,TRUE
ES_Granada,1n14n22,female,22,17,nonmusician,Spain,Granada University - Mind Brain and Behavior Research Center,NA,NA,43,0.7543859649122807,23,8,7.5,24.5,21,6.5,5,3,5,19.5,13,11,19,18,14,17,9,88,79,36,34,10,32,14,47,26,45,38,48,42,9.5,NA,NA,NA,1,block12,TRUE
ES_Granada,3n15m30,female,30,16,nonmusician,Spain,Granada University - Mind Brain and Behavior Research Center,NA,NA,43,0.7543859649122807,13,9.5,7,20.5,23,7,3,6,5,21,14,15,16,20,20,19,17,107,90,30,15,10,30,11,41,35,22,40,50,24,8,NA,NA,NA,0,block12,TRUE
ES_Granada,11n21p22,female,22,17,nonmusician,Spain,Granada University - Mind Brain and Behavior Research Center,NA,NA,49,0.8596491228070176,22,11.5,7.5,28,18,5.5,5.5,5,6.5,22.5,17,10,16,17,20,15,19,97,78,32,55,22,33,29,81,46,48,53,35,55,59.5,NA,NA,NA,0,block12,TRUE
ES_Granada,13n22a23,female,23,17,nonmusician,Spain,Granada University - Mind Brain and Behavior Research Center,NA,NA,45,0.7894736842105263,27,11.5,9.5,29,21,7.5,5,6.5,7,26,18.5,19,20,20,20,20,20,119,99,48,40,16,39,37,73,41,49,46,33,54,27,NA,NA,1,0,block12,TRUE
ES_Granada,14n3j22,female,22,17,nonmusician,Spain,Granada University - Mind Brain and Behavior Research Center,NA,NA,51,0.8947368421052632,24,11.5,10,15.5,25,3.5,4,4.5,5,17,13.5,16,20,20,20,19,19,114,95,37,39,7,38,17,43,48,59,56,19,57,32,NA,NA,NA,0,block12,TRUE
ES_Granada,19n5i22,female,22,16,nonmusician,Spain,Granada University - Mind Brain and Behavior Research Center,NA,NA,44,0.7719298245614035,16,11,8,24.5,-1,3.5,5,4.5,4.5,17.5,14,17,20,20,20,19,19,115,96,49,53,23,36,35,85,40,42,40,49,58,34.5,2,1,NA,2,block12,FALSE
ES_Granada,20n7p23,female,23,17,nonmusician,Spain,Granada University - Mind Brain and Behavior Research Center,NA,NA,36,0.631578947368421,15,8,7,25,2,6,4,4,7,21,15,13,10,16,15,13,15,82,67,20,29,17,21,19,48,41,52,44,38,43,43.5,1,5,NA,0.5,block12,TRUE
ES_Granada,22n28s21,male,21,16,nonmusician,Spain,Granada University - Mind Brain and Behavior Research Center,NA,NA,39,0.6842105263157895,19,7,6.5,NA,19,7.5,3.5,5,4.5,20.5,13,14,19,16,17,18,15,99,84,39,48,11,35,30,68,43,43,32,49,52,19,NA,NA,NA,0,NA,TRUE
ES_Granada,2m27g21,male,21,16,musician,Spain,Granada University - Mind Brain and Behavior Research Center,NA,NA,46,0.8070175438596491,18,9.5,12.5,18.5,21,7,5.5,5,7,24.5,17.5,14,19,18,18,17,11,97,86,36,44,38,32,31,84,49,49,37,23,41,60.5,NA,NA,14,10 or more,block12,TRUE
FI_Helsinki,1m27s26,female,26,17,musician,Finland,Helsinki University - Centre of Excellence in Music Mind Body and Brain,16n29n26,NA,45,0.7894736842105263,22,8.5,8,26.5,17,9,8,7,8,32,23,13,19,20,13,19,17,101,84,44,56,45,36,31,103,27,52,46,37,39,56,NA,NA,12,10 or more,block12,TRUE
FI_Helsinki,2m3a22,female,22,15,musician,Finland,Helsinki University - Centre of Excellence in Music Mind Body and Brain,5n12j21,NA,47,0.8245614035087719,28,13,9,43,28,9,5,9,5,28,19,18,19,17,16,18,12,100,88,49,59,42,39,46,112,43,52,44,45,59,56,NA,NA,5,10 or more,block12,FALSE
FI_Helsinki,4m28j30,male,30,19,musician,Finland,Helsinki University - Centre of Excellence in Music Mind Body and Brain,10n3r30,NA,54,0.9473684210526315,23,11,9,27.5,23,7.5,6,6,6.5,26,18.5,19,14,15,17,19,15,99,84,61,58,45,37,36,112,45,49,37,24,54,66,NA,NA,12,10 or more,block12,TRUE
FI_Helsinki,5m7a28,male,28,18,musician,Finland,Helsinki University - Centre of Excellence in Music Mind Body and Brain,3n13l28,NA,43,0.7543859649122807,32,10.5,13.5,34,28,10,6,8,6,30,20,13,18,13,16,15,18,93,75,45,60,49,36,48,121,40,46,45,19,54,56,NA,NA,19,10 or more,block12,TRUE
FI_Helsinki,7m13w22,male,22,15,musician,Finland,Helsinki University - Centre of Excellence in Music Mind Body and Brain,6n5n23,NA,42,0.7368421052631579,21,7.5,7.5,29.5,20,7.5,7.5,6.5,7,28.5,21,17,20,17,18,20,16,108,92,53,61,48,40,48,121,46,52,43,37,54,61,NA,NA,16,10 or more,block12,TRUE
FI_Helsinki,8m14v28,female,28,18,musician,Finland,Helsinki University - Centre of Excellence in Music Mind Body and Brain,4n9j27,NA,36,0.631578947368421,27,9,12,30,21,9.5,6.5,7,6,29,19.5,20,20,20,20,20,20,120,100,62,58,44,42,32,107,50,50,28,46,55,54.5,NA,NA,13,10 or more,block12,TRUE
FI_Helsinki,9m6v21,female,21,15,musician,Finland,Helsinki University - Centre of Excellence in Music Mind Body and Brain,7n11i21,NA,32,0.5614035087719298,19,9,12.5,29.5,25,8.5,6,6.5,6.5,27.5,19,18,20,17,19,19,20,113,93,55,55,45,41,45,113,42,60,50,28,57,58.5,NA,NA,16,10 or more,block12,TRUE
FI_Helsinki,10m25h24,female,24,18,musician,Finland,Helsinki University - Centre of Excellence in Music Mind Body and Brain,13n8a24,NA,52,0.9122807017543859,26,9,13.5,24.5,26,7,6,5.5,6,24.5,17.5,15,19,19,12,17,20,102,82,44,60,44,42,40,106,36,55,48,31,60,63.5,NA,NA,14,10 or more,block12,TRUE
FI_Helsinki,17m18t20,male,20,14,musician,Finland,Helsinki University - Centre of Excellence in Music Mind Body and Brain,18n18j20,NA,29,0.5087719298245614,14,8.5,10,22,25,4,8,6.5,4,22.5,18.5,16,20,20,20,20,18,114,96,57,54,43,41,33,103,54,58,37,41,60,61,NA,NA,12,10 or more,block12,TRUE
FI_Helsinki,18m10k24,male,24,18,musician,Finland,Helsinki University - Centre of Excellence in Music Mind Body and Brain,20n9t25,NA,42,0.7368421052631579,26,10.5,13,25.5,27,7,6,7.5,5,25.5,18.5,17,20,20,20,20,20,117,97,56,61,47,42,45,122,42,58,60,24,56,56,NA,NA,12,10 or more,block12,TRUE
FI_Helsinki,19m29k29,male,29,20,musician,Finland,Helsinki University - Centre of Excellence in Music Mind Body and Brain,9n16v29,NA,35,0.6140350877192983,20,8.5,11.5,23.5,26,8,7,9.5,7,31.5,23.5,20,20,20,17,20,20,117,97,60,61,47,33,46,118,36,54,36,32,54,45.5,NA,NA,25,10 or more,block12,TRUE
FI_Helsinki,20m16k25,male,25,17,musician,Finland,Helsinki University - Centre of Excellence in Music Mind Body and Brain,12n1o26,NA,41,0.7192982456140351,20,8,9,21.5,17,6.5,4,7,5,22.5,16,13,13,16,11,16,10,79,69,32,51,38,34,34,88,37,47,43,36,43,66,NA,NA,10,10 or more,block12,TRUE
FI_Helsinki,21m7k24,female,24,17,musician,Finland,Helsinki University - Centre of Excellence in Music Mind Body and Brain,15n2v23,NA,36,0.631578947368421,17,6.5,8.5,22.5,12,7.5,7,7.5,7,29,21.5,16,20,20,20,19,19,114,95,52,62,45,41,44,112,43,56,46,44,55,63,NA,NA,9,10 or more,block12,FALSE
FI_Helsinki,22m20k22,male,22,14,musician,Finland,Helsinki University - Centre of Excellence in Music Mind Body and Brain,19n2a23,NA,24,0.42105263157894735,26,7.5,9.5,24.5,18,8,7.5,6,8,29.5,21.5,8,15,18,18,17,18,94,76,33,53,37,37,45,100,42,58,44,28,49,66,NA,NA,14,10 or more,block12,TRUE
FI_Helsinki,23m26t21,female,21,14,musician,Finland,Helsinki University - Centre of Excellence in Music Mind Body and Brain,8n20e21,NA,33,0.5789473684210527,21,8.5,8.5,11.5,25,5,7,4.5,3.5,20,15,16,20,20,14,18,18,106,88,51,55,42,39,35,107,33,47,39,39,58,36,NA,NA,8,6-9,block12,FALSE
FI_Helsinki,25m15w24,female,24,18,musician,Finland,Helsinki University - Centre of Excellence in Music Mind Body and Brain,17n5a25,NA,39,0.6842105263157895,10,10,13,30.5,19,8,8,8.5,7,31.5,23.5,18,20,19,20,20,20,117,97,55,62,49,41,48,124,48,55,57,27,60,56,NA,NA,18,10 or more,block12,TRUE
FI_Helsinki,26m31l25,male,25,17,musician,Finland,Helsinki University - Centre of Excellence in Music Mind Body and Brain,14n11k26,NA,41,0.7192982456140351,15,7.5,8,24.5,26,7,7.5,7.5,7,29,22,18,20,14,17,15,17,101,84,48,61,46,35,33,101,30,46,34,42,55,61,NA,NA,9,10 or more,block12,FALSE
FI_Helsinki,27m25m26,female,26,20,musician,Finland,Helsinki University - Centre of Excellence in Music Mind Body and Brain,11n28j27,NA,38,0.6666666666666666,16,10,9.5,39.5,20,10,8,9,7,34,24,20,20,20,20,20,20,120,100,56,62,48,42,35,115,53,54,46,39,57,58.5,NA,NA,8,10 or more,block12,FALSE
FI_Helsinki,28m19m29,female,29,19,musician,Finland,Helsinki University - Centre of Excellence in Music Mind Body and Brain,21n16r29,NA,46,0.8070175438596491,11,8.5,9,23.5,22,7.5,8,8,7,30.5,23,18,20,20,20,19,20,117,97,55,63,45,42,49,121,55,51,51,31,55,61,NA,NA,15,10 or more,block12,TRUE
FI_Helsinki,29m1e26,female,26,18,musician,Finland,Helsinki University - Centre of Excellence in Music Mind Body and Brain,22n5h27,NA,42,0.7368421052631579,22,8.5,5.5,21,17,7.5,6.5,5,6.5,25.5,18,15,18,19,20,18,15,105,90,53,63,44,42,48,116,36,52,37,33,46,56,NA,NA,14,10 or more,block12,TRUE
FI_Helsinki,30m12a30,male,30,18,musician,Finland,Helsinki University - Centre of Excellence in Music Mind Body and Brain,23n13j29,NA,46,0.8070175438596491,24,9.5,11,29.5,24,8,8,6.5,7,29.5,21.5,18,19,17,10,18,14,96,82,51,56,43,34,35,98,29,49,40,32,47,58.5,NA,NA,14,10 or more,block12,TRUE
FI_Helsinki,3n13l28,male,28,18,nonmusician,Finland,Helsinki University - Centre of Excellence in Music Mind Body and Brain,5m7a28,NA,44,0.7719298245614035,15,8.5,9,26.5,15,6.5,6,6,6.5,25,18.5,8,10,16,9,11,7,61,54,17,52,14,30,13,44,48,49,28,26,49,56,NA,NA,NA,0,block12,TRUE
FI_Helsinki,4n9j27,female,27,18,nonmusician,Finland,Helsinki University - Centre of Excellence in Music Mind Body and Brain,8m14v28,NA,44,0.7719298245614035,27,9.5,9,20.5,27,4,4,6,5,19,15,12,20,19,18,20,17,106,89,22,39,10,38,30,53,49,47,36,41,57,36,NA,NA,NA,0,block12,TRUE
FI_Helsinki,5n12j21,female,21,15,nonmusician,Finland,Helsinki University - Centre of Excellence in Music Mind Body and Brain,2m3a22,NA,33,0.5789473684210527,20,6.5,7,19.5,12,6.5,5,3.5,4.5,19.5,13,14,13,12,19,11,14,83,69,23,51,7,40,19,45,51,33,46,36,54,57,NA,NA,NA,0,block12,FALSE
FI_Helsinki,6n5n23,male,23,15,nonmusician,Finland,Helsinki University - Centre of Excellence in Music Mind Body and Brain,7m13w22,NA,41,0.7192982456140351,9,6,7,17.5,9,5.5,4,3.5,7,20,14.5,12,18,18,16,17,11,92,81,22,42,12,35,25,55,36,42,28,40,49,31,NA,NA,NA,0,block12,TRUE
FI_Helsinki,7n11i21,female,21,15,nonmusician,Finland,Helsinki University - Centre of Excellence in Music Mind Body and Brain,9m6v21,NA,31,0.543859649122807,19,8.5,10,12,19,0.5,2.5,3.5,5,11.5,11,12,13,20,15,16,12,88,76,37,30,7,33,13,40,23,59,44,34,57,51,NA,NA,NA,0,block12,TRUE
FI_Helsinki,8n20e21,female,21,13,nonmusician,Finland,Helsinki University - Centre of Excellence in Music Mind Body and Brain,23m26t21,NA,30,0.5263157894736842,19,7.5,8.5,19,20,3,4.5,6.5,6.5,20.5,17.5,16,19,16,19,16,14,100,86,41,37,10,35,22,57,36,46,30,44,46,55,NA,NA,NA,0,block12,FALSE
FI_Helsinki,9n16v29,male,29,21,nonmusician,Finland,Helsinki University - Centre of Excellence in Music Mind Body and Brain,19m29k29,NA,46,0.8070175438596491,25,7,9.5,29.5,21,7.5,4.5,6,5.5,23.5,16,13,10,10,13,10,6,62,56,37,47,16,35,25,62,37,46,34,29,54,63.5,2,5,NA,0,block12,TRUE
FI_Helsinki,10n3r30,male,30,19,nonmusician,Finland,Helsinki University - Centre of Excellence in Music Mind Body and Brain,4m28j30,NA,44,0.7719298245614035,26,12.5,11.5,30,17,6.5,5.5,7,6.5,25.5,19,12,18,20,17,9,9,85,76,29,44,7,35,7,35,36,46,33,44,46,8,NA,NA,NA,0,block12,TRUE
FI_Helsinki,11n28j27,female,27,19,nonmusician,Finland,Helsinki University - Centre of Excellence in Music Mind Body and Brain,27m25m26,NA,38,0.6666666666666666,22,8.5,9.5,15.5,13,5.5,1.5,5.5,7,19.5,14,16,19,20,18,16,17,106,89,39,33,8,40,14,46,38,54,37,39,52,56.5,NA,NA,NA,0,block12,FALSE
FI_Helsinki,12n1o26,male,26,18,nonmusician,Finland,Helsinki University - Centre of Excellence in Music Mind Body and Brain,20m16k25,NA,35,0.6140350877192983,36,8,11,20,25,2.5,5,3,5.5,16,13.5,10,8,14,9,7,6,54,48,22,35,9,17,19,40,46,50,39,15,39,66,NA,NA,NA,0,block12,TRUE
FI_Helsinki,13n8a24,female,24,17,nonmusician,Finland,Helsinki University - Centre of Excellence in Music Mind Body and Brain,10m25h24,NA,43,0.7543859649122807,15,8.5,8.5,18.5,15,5,4,2.5,3.5,15,10,11,13,18,10,12,11,75,64,26,46,10,34,14,42,32,49,52,38,47,58.5,NA,NA,NA,0,block12,TRUE
FI_Helsinki,14n11k26,male,26,17,nonmusician,Finland,Helsinki University - Centre of Excellence in Music Mind Body and Brain,26m31l25,NA,42,0.7368421052631579,29,11.5,10,25,19,7,5.5,4.5,8,25,18,17,14,16,15,12,12,86,74,45,34,8,30,12,44,33,44,47,25,47,56,NA,NA,NA,0,block12,FALSE
FI_Helsinki,15n2v23,female,23,17,nonmusician,Finland,Helsinki University - Centre of Excellence in Music Mind Body and Brain,21m7k24,NA,31,0.543859649122807,18,8,10.5,25,11,4,4.5,3.5,7.5,19.5,15.5,15,12,15,13,13,13,81,68,33,40,14,30,12,42,43,39,41,32,46,60.5,1,1,NA,0.5,block12,FALSE
FI_Helsinki,16n29n26,female,26,17,nonmusician,Finland,Helsinki University - Centre of Excellence in Music Mind Body and Brain,1m27s26,NA,47,0.8245614035087719,24,8,9.5,19.5,23,3.5,4,2.5,3.5,13.5,10,8,6,16,11,6,4,51,47,19,25,7,21,10,26,47,54,59,33,39,62,NA,NA,NA,0,block12,TRUE
FI_Helsinki,17n5a25,female,25,17,nonmusician,Finland,Helsinki University - Centre of Excellence in Music Mind Body and Brain,25m15w24,NA,23,0.40350877192982454,18,9.5,10.5,22,20,2,3.5,3.5,5,14,12,11,14,16,10,13,7,71,64,21,26,10,25,12,36,40,49,48,27,41,11,NA,NA,NA,0,block12,TRUE
FI_Helsinki,18n18j20,male,20,13,nonmusician,Finland,Helsinki University - Centre of Excellence in Music Mind Body and Brain,17m18t20,NA,20,0.3508771929824561,23,9.5,10,28.5,21,7,6.5,5.5,8,27,20,14,15,16,19,16,16,96,80,35,41,17,32,28,73,32,39,25,33,38,29,1,5,NA,0,block12,TRUE
FI_Helsinki,19n2a23,male,23,15,nonmusician,Finland,Helsinki University - Centre of Excellence in Music Mind Body and Brain,22m20k22,NA,34,0.5964912280701754,22,11,8.5,23,23,2.5,3.5,3,6.5,15.5,13,15,15,20,17,13,14,94,80,43,32,7,35,22,55,41,43,42,38,52,63.5,NA,NA,NA,0,block12,TRUE
FI_Helsinki,20n9t25,male,25,17,nonmusician,Finland,Helsinki University - Centre of Excellence in Music Mind Body and Brain,18m10k24,NA,30,0.5263157894736842,30,11.5,8,24.5,22,6,3.5,3.5,4,17,11,8,10,17,13,12,11,71,60,24,36,7,26,13,33,42,48,34,40,48,42,NA,NA,NA,0,block12,TRUE
FI_Helsinki,21n16r29,female,29,18,nonmusician,Finland,Helsinki University - Centre of Excellence in Music Mind Body and Brain,28m19m29,NA,47,0.8245614035087719,18,9,9,28,20,5.5,5,7.5,6,24,18.5,16,19,19,20,19,16,109,93,36,41,12,36,30,63,31,47,38,47,53,44,NA,NA,NA,0,block12,TRUE
FI_Helsinki,22n5h27,female,27,17,nonmusician,Finland,Helsinki University - Centre of Excellence in Music Mind Body and Brain,29m1e26,NA,46,0.8070175438596491,26,12,11,13.5,23,2,6.5,4,4.5,17,15,6,9,14,15,6,5,55,50,12,28,8,22,14,28,31,41,54,30,42,51.5,NA,NA,NA,0,block12,TRUE
FI_Helsinki,23n13j29,male,29,17,nonmusician,Finland,Helsinki University - Centre of Excellence in Music Mind Body and Brain,30m12a30,NA,41,0.7192982456140351,18,12,10,13.5,14,3.5,5.5,3,4,16,12.5,16,13,16,12,16,13,86,73,47,49,9,35,30,68,45,39,45,25,43,56.5,NA,NA,NA,0,block12,TRUE
FI_Helsinki,6m9h30,female,30,21,musician,Finland,Helsinki University - Centre of Excellence in Music Mind Body and Brain,NA,NA,48,0.8421052631578947,10,7,5,29.5,19,8.5,7.5,8,6.5,30.5,22,13,14,15,16,20,18,96,78,52,63,49,40,42,115,42,51,60,47,56,37,NA,NA,22,10 or more,block12,TRUE
FI_Helsinki,11m1e28,female,28,22,musician,Finland,Helsinki University - Centre of Excellence in Music Mind Body and Brain,NA,NA,46,0.8070175438596491,16,10.5,10.5,36.5,13,7.5,5,7,6,25.5,18,19,19,19,20,20,20,117,97,53,60,45,42,46,115,47,37,36,53,56,59.5,NA,NA,9,10 or more,block12,FALSE
FI_Helsinki,24m3j25,male,25,15,musician,Finland,Helsinki University - Centre of Excellence in Music Mind Body and Brain,NA,NA,46,0.8070175438596491,27,11,9,30.5,27,9.5,6,9,6.5,31,21.5,12,17,18,14,16,20,97,77,32,60,40,36,35,96,41,35,35,37,53,51.5,NA,NA,4,10 or more,block12,FALSE
FR_Caen,1m23l26,female,26,17,musician,France,Caen Normandy University - NIMH,5n16n27,NA,38,0.6666666666666666,24,10,7,32.5,20,6.5,8,7.5,6,28,21.5,15,20,20,20,18,19,112,93,43,56,43,41,39,104,58,49,57,49,52,54,NA,NA,15,10 or more,block12,TRUE
FR_Caen,2m29b20,female,20,16,musician,France,Caen Normandy University - NIMH,11n02j21,NA,45,0.7894736842105263,30,12.5,12,32.5,26,10,7,8,7,32,22,14,18,19,19,17,10,97,87,43,63,46,41,40,106,43,51,19,25,52,62,NA,NA,17,10 or more,block12,TRUE
FR_Caen,3m24l22,female,22,17,musician,France,Caen Normandy University - NIMH,1n21e23,NA,40,0.7017543859649122,21,13,10,35,25,7.5,7.5,7,5.5,27.5,20,17,17,18,18,17,20,107,87,47,46,37,34,31,89,38,44,48,25,51,51.5,NA,NA,11,10 or more,block12,TRUE
FR_Caen,4m29c20,female,20,14,musician,France,Caen Normandy University - NIMH,4n02l20,NA,38,0.6666666666666666,23,9,8.5,22,16,5.5,4.5,6.5,4,20.5,15,16,20,20,20,19,18,113,95,46,55,39,41,28,85,30,55,59,56,57,48,NA,NA,13,10 or more,block12,TRUE
FR_Caen,5m6g23,male,23,17,musician,France,Caen Normandy University - NIMH,10n10v24,NA,34,0.5964912280701754,14,10.5,13,27,25,8,6,7.5,6,27.5,19.5,11,19,18,19,17,20,104,84,26,50,41,35,30,79,43,46,44,25,51,44,NA,NA,10,10 or more,block12,TRUE
FR_Caen,1n21e23,female,23,17,nonmusician,France,Caen Normandy University - NIMH,3m24l22,NA,36,0.631578947368421,24,10.5,8,16.5,19,3.5,3.5,4.5,4,15.5,12,11,19,20,15,14,14,93,79,31,48,8,40,38,60,38,51,44,40,58,37,NA,NA,NA,0,block12,TRUE
FR_Caen,6m21e18,male,18,13,musician,France,Caen Normandy University - NIMH,NA,NA,32,0.5614035087719298,20,10.5,9,23.5,23,8.5,6,6,6,26.5,18,18,20,17,12,18,19,104,85,42,55,39,40,40,97,23,50,43,57,57,53,NA,NA,13,10 or more,block12,TRUE
FR_Caen,7m28n20,female,20,15,musician,France,Caen Normandy University - NIMH,3n10z20,NA,29,0.5087719298245614,21,13,9.5,36.5,23,5,6.5,7,8,26.5,21.5,16,20,20,19,17,16,108,92,42,49,40,36,38,92,31,42,42,36,48,61,NA,NA,12,10 or more,block12,TRUE
FR_Caen,2n01m25,female,25,17,nonmusician,France,Caen Normandy University - NIMH,11m15l25,NA,33,0.5789473684210527,16,13,8,19,6,4.5,4.5,6,7,22,17.5,11,13,16,17,15,11,83,72,22,45,13,23,31,55,40,39,58,38,44,26,1,5,NA,1,block12,TRUE
FR_Caen,8m15e22,female,22,17,musician,France,Caen Normandy University - NIMH,7n20m23,NA,33,0.5789473684210527,23,9.5,9,35,16,8,6.5,6,5,25.5,17.5,15,18,20,19,18,16,106,90,49,57,49,36,35,105,53,51,50,32,48,61,NA,NA,17,10 or more,block12,TRUE
FR_Caen,9m11c28,male,28,17,musician,France,Caen Normandy University - NIMH,17n3a29,NA,44,0.7719298245614035,13,8.5,9.5,32.5,16,10,7,7,8,32,22,17,19,20,11,18,16,101,85,51,63,44,38,29,99,38,46,43,39,54,63,NA,NA,7,10 or more,block12,FALSE
FR_Caen,10m20a26,female,26,20,musician,France,Caen Normandy University - NIMH,9n11m25,NA,42,0.7368421052631579,23,8.5,7,20.5,8,5.5,4.5,6,8,24,18.5,15,20,17,17,15,17,101,84,44,54,41,36,33,90,48,50,42,22,48,56,NA,NA,12,10 or more,block12,TRUE
FR_Caen,11m15l25,female,25,17,musician,France,Caen Normandy University - NIMH,2n01m25,NA,41,0.7192982456140351,17,10,7.5,29.5,13,6,6,8,8,28,22,20,20,20,20,20,20,120,100,58,60,42,41,42,111,53,57,45,37,59,66,NA,NA,15,10 or more,block12,TRUE
FR_Caen,12m20c20,female,20,15,musician,France,Caen Normandy University - NIMH,18n11r21,NA,34,0.5964912280701754,19,9,7.5,28,19,8.5,5.5,6.5,7.5,28,19.5,16,20,20,19,19,20,114,94,37,54,43,40,23,82,30,54,52,42,57,66,NA,NA,12,10 or more,block12,FALSE
FR_Caen,13m12g25,male,25,14,musician,France,Caen Normandy University - NIMH,14n7r24,NA,36,0.631578947368421,19,18.5,12.5,42.5,29,8,7,9,6.5,30.5,22.5,14,11,7,12,17,8,69,61,41,58,42,29,45,107,40,50,50,20,43,48.5,NA,NA,5,10 or more,block12,FALSE
FR_Caen,14m29f30,male,30,17,musician,France,Caen Normandy University - NIMH,16n19e30,NA,35,0.6140350877192983,24,10.5,9,20,23,6.5,4.5,7.5,7.5,26,19.5,18,17,18,20,16,12,101,89,55,57,41,41,22,89,49,40,33,41,45,66,NA,NA,12,10 or more,block12,TRUE
FR_Caen,3n10z20,female,20,14,nonmusician,France,Caen Normandy University - NIMH,7m28n20,NA,27,0.47368421052631576,15,9,10.5,21.5,24,7,5,5.5,5,22.5,15.5,13,11,15,19,16,11,85,74,31,52,7,27,38,56,55,47,33,28,47,46.5,NA,NA,NA,0,block12,TRUE
FR_Caen,15m12v21,male,21,16,musician,France,Caen Normandy University - NIMH,15n20m21,NA,42,0.7368421052631579,15,10.5,7.5,25,27,7.5,7,6,7,27.5,20,12,17,18,15,18,10,90,80,40,55,39,36,32,87,35,40,37,24,49,55.5,NA,NA,13,10 or more,block12,TRUE
FR_Caen,4n02l20,female,20,13,nonmusician,France,Caen Normandy University - NIMH,4m29c20,NA,49,0.8596491228070176,15,10.5,8,28,12,6,3,5.5,2.5,17,11,12,14,16,12,8,7,69,62,26,37,9,29,20,45,39,49,53,42,45,58.5,NA,NA,NA,0,block12,TRUE
FR_Caen,5n16n27,female,27,17,nonmusician,France,Caen Normandy University - NIMH,1m23l26,NA,40,0.7017543859649122,19,9,7,19.5,18,6.5,5,4,5.5,21,14.5,16,12,20,19,15,16,98,82,45,43,17,38,27,61,39,53,52,36,50,50.5,2,5,NA,2,block12,TRUE
FR_Caen,16m22c27,female,27,20,musician,France,Caen Normandy University - NIMH,8n8c28,NA,38,0.6666666666666666,22,12.5,12,21.5,27,4,7,5.5,7,23.5,19.5,14,20,20,20,19,17,110,93,40,47,37,39,32,84,49,51,35,45,40,20,NA,NA,9,6-9,block12,FALSE
FR_Caen,6n15f24,female,24,18,nonmusician,France,Caen Normandy University - NIMH,19m05j23,NA,20,0.3508771929824561,21,7.5,8.5,21.5,-6,7,6,4.5,5.5,23,16,14,16,20,13,13,13,89,76,22,23,14,24,9,25,34,46,28,56,52,28.5,1,5,NA,1,block12,TRUE
FR_Caen,7n20m23,female,23,16,nonmusician,France,Caen Normandy University - NIMH,8m15e22,NA,37,0.6491228070175439,12,9.5,8.5,22.5,6,3,3.5,4.5,5,16,13,16,18,19,17,13,17,100,83,41,37,15,37,28,59,45,41,46,51,48,36,1,5,NA,0.5,block12,TRUE
FR_Caen,8n8c28,female,28,19,nonmusician,France,Caen Normandy University - NIMH,16m22c27,NA,41,0.7192982456140351,27,11.5,10.5,24,24,4.5,4,5.5,5.5,19.5,15,15,20,18,20,13,16,102,86,36,26,8,38,19,42,43,46,46,37,37,61,NA,NA,NA,0,block12,FALSE
FR_Caen,17m14q21,male,21,15,musician,France,Caen Normandy University - NIMH,NA,NA,39,0.6842105263157895,23,13,9,34,20,8,8,8.5,8,32.5,24.5,12,19,19,19,19,14,102,88,43,51,40,37,40,99,39,47,45,23,49,66,NA,NA,6,6-9,block12,FALSE
FR_Caen,9n11m25,female,25,19,nonmusician,France,Caen Normandy University - NIMH,10m20a26,NA,44,0.7719298245614035,19,12,8,25.5,24,5.5,5.5,6.5,8,25.5,20,18,18,19,18,15,17,105,88,48,42,7,38,29,61,41,45,53,41,40,66,NA,NA,NA,0,block12,TRUE
FR_Caen,18m24b22,male,22,17,musician,France,Caen Normandy University - NIMH,12n23r23,NA,38,0.6666666666666666,25,12.5,5.5,22.5,24,8,6.5,7,6,27.5,19.5,19,20,20,20,20,20,119,99,54,53,40,39,42,98,51,48,39,50,54,45,NA,NA,14,10 or more,block12,TRUE
FR_Caen,19m05j23,female,23,18,musician,France,Caen Normandy University - NIMH,6n15f24,NA,31,0.543859649122807,20,9.5,11.5,17,19,5.5,6,6,5.5,23,17.5,12,12,18,20,17,13,92,79,36,55,37,30,39,87,27,45,54,32,33,66,NA,NA,16,10 or more,block12,TRUE
FR_Caen,10n10v24,male,24,17,nonmusician,France,Caen Normandy University - NIMH,5m6g23,NA,30,0.5263157894736842,19,8.5,10,20,29,3,3.5,6,3.5,16,13,13,10,16,13,7,9,68,59,37,37,8,32,22,50,36,42,51,25,51,8,NA,NA,NA,0,block12,TRUE
FR_Caen,11n02j21,female,21,16,nonmusician,France,Caen Normandy University - NIMH,2m29b20,NA,41,0.7192982456140351,25,8.5,8,26,13,4.5,5,5.5,5.5,20.5,16,14,19,17,6,14,18,88,70,31,23,10,35,19,46,44,31,49,59,60,39.5,NA,NA,NA,0,block12,TRUE
FR_Caen,20m02v29,male,29,20,musician,France,Caen Normandy University - NIMH,NA,NA,49,0.8596491228070176,19,8,9,26.5,24,8,6,5,7.5,26.5,18.5,14,14,16,17,17,13,91,78,37,50,34,31,39,88,39,41,30,27,44,54,NA,NA,11,10 or more,block12,TRUE
FR_Caen,21m04m30,male,30,14,musician,France,Caen Normandy University - NIMH,13n27a30,NA,23,0.40350877192982454,21,12,11,25.5,23,8.5,7.5,8,7,31,22.5,16,20,20,20,17,17,110,93,45,61,44,41,46,115,38,52,39,23,50,30.5,NA,NA,12,6-9,block12,FALSE
FR_Caen,12n23r23,male,23,18,nonmusician,France,Caen Normandy University - NIMH,18m24b22,NA,32,0.5614035087719298,21,10.5,11,22.5,11,5,2.5,4.5,6,18,13,14,18,20,18,12,15,97,82,35,54,10,39,29,64,50,50,55,29,29,66,NA,NA,NA,0,block12,TRUE
FR_Caen,13n27a30,male,30,15,nonmusician,France,Caen Normandy University - NIMH,21m04m30,NA,41,0.7192982456140351,15,9,7,20.5,15,4,3.5,6,6.5,20,16,5,13,18,17,12,9,74,65,20,38,9,28,21,45,27,44,34,32,37,31.5,NA,NA,NA,0,block12,FALSE
FR_Caen,14n7r24,male,24,15,nonmusician,France,Caen Normandy University - NIMH,13m12g25,NA,27,0.47368421052631576,17,7.5,9,25.5,-5,4.5,5,6,7.5,23,18.5,15,19,20,17,13,9,93,84,41,55,10,33,25,69,23,44,40,44,34,28,NA,NA,NA,0,block12,FALSE
FR_Caen,15n20m21,male,21,16,nonmusician,France,Caen Normandy University - NIMH,15m12v21,NA,32,0.5614035087719298,27,10,10.5,31.5,25,6,7,9,7.5,29.5,23.5,13,14,17,16,13,10,83,73,31,39,7,32,26,48,46,41,52,24,42,37,NA,NA,NA,0,block12,TRUE
FR_Caen,16n19e30,male,30,17,nonmusician,France,Caen Normandy University - NIMH,14m29f30,NA,48,0.8421052631578947,20,9.5,9,33,17,7.5,5.5,7,4,24,16.5,15,15,17,19,18,18,102,84,42,44,11,34,29,66,44,49,47,36,54,39,NA,NA,NA,0,block12,TRUE
FR_Caen,17n3a29,male,29,17,nonmusician,France,Caen Normandy University - NIMH,9m11c28,NA,47,0.8245614035087719,16,10,9,23.5,15,6.5,4.5,7,4,22,15.5,17,19,19,15,15,17,102,85,41,45,7,34,21,45,39,40,38,51,53,30,NA,NA,NA,0,block12,FALSE
FR_Caen,18n11r21,female,21,15,nonmusician,France,Caen Normandy University - NIMH,12m20c20,NA,29,0.5087719298245614,24,12.5,11.5,28,24,7,5.5,7,6.5,26,19,17,20,20,18,19,17,111,94,49,54,24,40,36,84,47,52,37,46,52,42,2,1,NA,2,block12,FALSE
FR_Dijon,1m4j22,male,22,17,musician,France,"Dijon - LEAD-CNRS, University of Burgundy",19n20v23,NA,43,0.7543859649122807,19,7,8.5,23.5,21,8,8,5.5,6,27.5,19.5,19,20,20,20,17,20,116,96,52,60,45,41,40,109,44,43,36,39,54,64.5,NA,NA,16,10 or more,block12,TRUE
FR_Dijon,2m2h24,female,24,19,musician,France,"Dijon - LEAD-CNRS, University of Burgundy",7n13l24,NA,43,0.7543859649122807,27,13,9.5,27.5,25,6,6,8,7,27,21,19,20,15,16,15,17,102,85,49,58,42,38,36,102,49,33,44,37,49,56,NA,NA,21,10 or more,block12,TRUE
FR_Dijon,3m10b22,female,22,17,musician,France,"Dijon - LEAD-CNRS, University of Burgundy",1n18m21,NA,44,0.7719298245614035,18,12.5,8.5,29.5,19,9,6,8,7,30,21,17,17,17,15,19,14,99,85,44,57,44,33,43,109,40,43,54,30,51,59.5,NA,NA,17,10 or more,block12,TRUE
FR_Dijon,4m5n29,male,29,18,musician,France,"Dijon - LEAD-CNRS, University of Burgundy",18n22n29,NA,44,0.7719298245614035,21,13.5,7,38.5,27,9,7,7.5,6,29.5,20.5,18,19,17,17,20,16,107,91,53,57,41,39,38,101,46,45,55,33,59,57,NA,NA,13,10 or more,block12,TRUE
FR_Dijon,1n18m21,female,21,16,nonmusician,France,"Dijon - LEAD-CNRS, University of Burgundy",3m10b22,NA,38,0.6666666666666666,28,8.5,7.5,18.5,17,3,4.5,3.5,6,17,14,19,20,19,20,19,17,114,97,49,50,7,38,24,65,31,49,41,45,57,41.5,NA,NA,NA,0,block12,TRUE
FR_Dijon,5m28e20,female,20,15,musician,France,"Dijon - LEAD-CNRS, University of Burgundy",2n15e21,NA,35,0.6140350877192983,21,12.5,10,28.5,21,8.5,7.5,5.5,6.5,28,19.5,17,20,20,20,20,17,114,97,53,61,45,41,36,103,57,51,57,40,50,42.5,NA,NA,12,10 or more,block12,TRUE
FR_Dijon,2n15e21,female,21,16,nonmusician,France,"Dijon - LEAD-CNRS, University of Burgundy",5m28e20,NA,34,0.5964912280701754,21,11.5,11,21,22,5,4.5,7,4.5,21,16,13,16,19,15,13,14,90,76,26,35,10,26,22,49,36,39,31,40,32,28.5,NA,NA,NA,0,block12,TRUE
FR_Dijon,3n14t25,female,25,19,nonmusician,France,"Dijon - LEAD-CNRS, University of Burgundy",22m18j25,NA,31,0.543859649122807,20,6.5,8.5,19,11,7,3.5,4.5,6.5,21.5,14.5,6,19,12,7,11,7,62,55,14,25,8,28,21,36,36,48,55,40,54,20,NA,NA,NA,0,block12,TRUE
FR_Dijon,6m12b19,male,19,14,musician,France,"Dijon - LEAD-CNRS, University of Burgundy",6n5e19,NA,46,0.8070175438596491,18,13.5,10.5,31,25,8,6,5,7.5,26.5,18.5,19,20,18,14,18,19,108,89,54,63,47,37,35,108,48,41,42,35,49,66,NA,NA,11,10 or more,block12,TRUE
FR_Dijon,4n28d21,male,21,16,nonmusician,France,"Dijon - LEAD-CNRS, University of Burgundy",8m18h20,NA,35,0.6140350877192983,29,11,8.5,26.5,30,7.5,3.5,6.5,6.5,24,16.5,10,16,20,18,15,6,85,79,33,37,11,34,31,56,43,56,30,21,32,37.5,NA,NA,NA,0,block12,TRUE
FR_Dijon,7m7j20,female,20,15,musician,France,"Dijon - LEAD-CNRS, University of Burgundy",8n5l20,NA,45,0.7894736842105263,27,11.5,13,29.5,26,7,7,6.5,8,28.5,21.5,15,18,20,18,18,16,105,89,49,50,38,39,28,88,44,52,46,29,49,48,NA,NA,14,10 or more,block12,TRUE
FR_Dijon,8m18h20,male,20,15,musician,France,"Dijon - LEAD-CNRS, University of Burgundy",4n28d21,NA,37,0.6491228070175439,11,6.5,8,29,26,6,6,5.5,7,24.5,18.5,18,19,18,17,20,15,107,92,51,53,42,40,23,86,39,42,39,34,53,34.5,NA,NA,13,10 or more,block12,TRUE
FR_Dijon,9m14n19,male,19,14,musician,France,"Dijon - LEAD-CNRS, University of Burgundy",10n25a19,NA,39,0.6842105263157895,24,8,8.5,29,28,7.5,6.5,6.5,6,26.5,19,19,20,17,12,19,15,102,87,56,57,44,37,40,108,36,47,42,37,50,32.5,NA,NA,11,10 or more,block12,TRUE
FR_Dijon,10m21m18,female,18,13,musician,France,"Dijon - LEAD-CNRS, University of Burgundy",12n10j18,NA,39,0.6842105263157895,17,13,10,34,24,6.5,7.5,7.5,8,29.5,23,14,16,19,19,18,17,103,86,49,58,44,33,44,107,56,41,45,39,42,56,NA,NA,13,10 or more,block12,TRUE
FR_Dijon,5n10i28,male,28,16,nonmusician,France,"Dijon - LEAD-CNRS, University of Burgundy",18m28s30,NA,50,0.8771929824561403,28,13,12.5,26,30,7.5,3.5,6,4.5,21.5,14,14,10,11,15,17,7,74,67,33,40,19,28,11,40,34,42,21,48,43,59.5,2,5,NA,1,block12,TRUE
FR_Dijon,6n5e19,male,19,14,nonmusician,France,"Dijon - LEAD-CNRS, University of Burgundy",6m12b19,NA,38,0.6666666666666666,16,9,10.5,23.5,20,5.5,6,5.5,7.5,24.5,19,14,15,15,18,10,10,82,72,30,47,23,25,22,60,35,42,27,30,48,53,2,5,NA,2,block12,TRUE
FR_Dijon,11m20m18bis,female,18,13,musician,France,"Dijon - LEAD-CNRS, University of Burgundy",14n19m18,NA,42,0.7368421052631579,25,10.5,8.5,31,12,10,5.5,6,6,27.5,17.5,20,20,20,20,19,19,118,99,59,60,36,42,40,102,35,53,45,37,56,63.5,NA,NA,14,10 or more,block12,TRUE
FR_Dijon,12m8e18,male,18,13,musician,France,"Dijon - LEAD-CNRS, University of Burgundy",17n3j18,NA,41,0.7192982456140351,20,9,9,24.5,15,8,5,8.5,8,29.5,21.5,20,19,18,14,18,16,105,89,51,55,45,40,31,103,38,37,45,16,55,56,NA,NA,12,6-9,block12,FALSE
FR_Dijon,7n13l24,female,24,18,nonmusician,France,"Dijon - LEAD-CNRS, University of Burgundy",2m2h24,NA,46,0.8070175438596491,12,9,10,27.5,16,7.5,4,9,4.5,25,17.5,13,15,20,14,19,20,101,81,32,30,7,40,13,44,45,51,48,26,58,48.5,NA,NA,NA,0,block12,TRUE
FR_Dijon,8n5l20,female,20,15,nonmusician,France,"Dijon - LEAD-CNRS, University of Burgundy",7m7j20,NA,34,0.5964912280701754,24,10,9.5,26,21,5,4,7.5,7,23.5,18.5,15,20,19,20,10,12,96,84,21,32,7,36,16,34,45,44,58,50,30,39.5,NA,NA,NA,0,block12,TRUE
FR_Dijon,14m26d20,female,20,15,musician,France,"Dijon - LEAD-CNRS, University of Burgundy",16n18n21,NA,38,0.6666666666666666,20,8,8.5,23.5,-14,8.5,6.5,6,7.5,28.5,20,19,16,18,14,19,14,100,86,58,56,43,37,41,113,45,47,44,45,56,46.5,NA,NA,13,10 or more,block12,TRUE
FR_Dijon,9n16i21,female,21,16,nonmusician,France,"Dijon - LEAD-CNRS, University of Burgundy",20m1c22,NA,41,0.7192982456140351,20,9,8,25.5,21,3,5.5,4,6,18.5,15.5,4,12,4,4,7,10,41,31,13,48,13,31,14,46,38,46,53,48,59,20,NA,NA,NA,0,block12,TRUE
FR_Dijon,10n25a19,male,19,14,nonmusician,France,"Dijon - LEAD-CNRS, University of Burgundy",9m14n19,NA,40,0.7017543859649122,18,8.5,6,16,14,7,6,4,4.5,21.5,14.5,13,14,17,15,10,10,79,69,24,34,7,31,19,41,38,37,35,35,49,66,NA,NA,NA,0,block12,TRUE
FR_Dijon,11n12v19,male,19,14,nonmusician,France,"Dijon - LEAD-CNRS, University of Burgundy",15m12m20,NA,40,0.7017543859649122,25,7,10,18.5,21,4.5,5,6.5,7,23,18.5,13,18,15,16,16,15,93,78,43,46,25,37,35,91,43,43,37,29,56,40,NA,NA,NA,0,block12,TRUE
FR_Dijon,12n10j18,female,18,13,nonmusician,France,"Dijon - LEAD-CNRS, University of Burgundy",10m21m18,NA,38,0.6666666666666666,19,8,6,29.5,18,8,1.5,7,6,22.5,14.5,19,20,20,19,20,20,118,98,40,39,11,34,35,70,50,41,39,53,58,33.5,NA,NA,NA,0,block12,TRUE
FR_Dijon,15m12m20,male,20,15,musician,France,"Dijon - LEAD-CNRS, University of Burgundy",11n12v19,NA,34,0.5964912280701754,22,10,9.5,28.5,16,8,8,8,7.5,31.5,23.5,16,19,20,16,17,16,104,88,46,59,45,41,33,105,26,45,42,54,50,51,NA,NA,11,10 or more,block12,TRUE
FR_Dijon,17m21d19,female,19,14,musician,France,"Dijon - LEAD-CNRS, University of Burgundy",13n8a19,NA,42,0.7368421052631579,17,9.5,10,35.5,29,8.5,7,8,5,28.5,20,18,20,20,12,20,20,110,90,59,57,46,41,37,110,32,51,46,35,56,56,NA,NA,15,10 or more,block12,TRUE
FR_Dijon,13n8a19,female,19,14,nonmusician,France,"Dijon - LEAD-CNRS, University of Burgundy",17m21d19,NA,39,0.6842105263157895,21,7,6,27,21,3.5,3,3,4.5,14,10.5,10,13,19,17,13,12,84,72,28,24,8,33,18,46,55,51,39,41,53,28.5,NA,NA,NA,0,block12,TRUE
FR_Dijon,14n19m18,female,18,13,nonmusician,France,"Dijon - LEAD-CNRS, University of Burgundy",11m20m18bis,NA,37,0.6491228070175439,18,8.5,8,27.5,18,6,3.5,3.5,4.5,17.5,11.5,10,7,13,20,12,11,73,62,29,46,13,30,33,63,37,52,27,53,47,28.5,NA,NA,NA,0,block12,TRUE
FR_Dijon,18m28s30,male,30,16,musician,France,"Dijon - LEAD-CNRS, University of Burgundy",5n10i28,NA,40,0.7017543859649122,14,9,9.5,18.5,26,6.5,7,7.5,5.5,26.5,20,18,19,10,13,16,14,90,76,49,49,45,31,32,97,39,47,52,44,47,31,NA,NA,16,10 or more,block12,TRUE
FR_Dijon,15n5v24,female,24,17,nonmusician,France,"Dijon - LEAD-CNRS, University of Burgundy",19m20a23,NA,36,0.631578947368421,19,9,7,11.5,14,2,5,2,6,15,13,10,10,18,11,10,6,65,59,24,10,7,30,13,30,38,48,48,34,36,24,NA,NA,NA,0,block12,TRUE
FR_Dijon,16n18n21,female,21,15,nonmusician,France,"Dijon - LEAD-CNRS, University of Burgundy",14m26d20,NA,47,0.8245614035087719,26,10.5,8.5,23,24,6.5,5,5.5,4.5,21.5,15,16,16,19,20,18,14,103,89,37,55,20,34,30,70,30,54,41,38,50,45,1,5,NA,2,block12,TRUE
FR_Dijon,19m20a23,female,23,18,musician,France,"Dijon - LEAD-CNRS, University of Burgundy",15n5v24,NA,41,0.7192982456140351,23,10,10.5,31,24,7.5,6,9,7,29.5,22,16,20,18,20,17,18,109,91,53,63,42,39,49,114,45,54,59,21,57,42.5,NA,NA,13,10 or more,block12,TRUE
FR_Dijon,17n3j18,male,18,13,nonmusician,France,"Dijon - LEAD-CNRS, University of Burgundy",12m8e18,NA,36,0.631578947368421,19,10,7,21.5,19,4.5,6,4,6.5,21,16.5,13,20,16,8,12,13,82,69,40,31,13,30,25,68,30,50,31,51,46,42.5,NA,NA,NA,0,block12,FALSE
FR_Dijon,20m1c22,female,22,17,musician,France,"Dijon - LEAD-CNRS, University of Burgundy",9n16i21,NA,40,0.7017543859649122,27,8.5,7.5,29.5,24,8,7,8,6,29,21,16,20,19,20,19,16,110,94,49,59,42,41,34,98,23,47,35,50,52,53,NA,NA,15,10 or more,block12,TRUE
FR_Dijon,21m11t22,male,22,17,musician,France,"Dijon - LEAD-CNRS, University of Burgundy",20n21q21,NA,43,0.7543859649122807,19,9.5,8.5,27.5,17,9,4,8.5,7.5,29,20,17,17,18,16,18,15,101,86,52,59,43,33,33,100,44,32,50,31,46,60.5,NA,NA,11,10 or more,block12,TRUE
FR_Dijon,18n22n29,male,29,19,nonmusician,France,"Dijon - LEAD-CNRS, University of Burgundy",4m5n29,NA,49,0.8596491228070176,24,8,8.5,28.5,22,6.5,3.5,5,7,22,15.5,17,14,18,10,13,12,84,72,40,47,11,36,20,58,32,42,49,29,48,62,1,5,NA,1,block12,TRUE
FR_Dijon,16m26a20,male,20,15,musician,France,"Dijon - LEAD-CNRS, University of Burgundy",21n3v20,NA,44,0.7719298245614035,23,11,11.5,24.5,12,7,5.5,6.5,5,24,17,12,10,13,16,17,11,79,68,34,51,41,31,36,91,45,34,45,32,44,61.5,NA,NA,12,10 or more,block12,TRUE
FR_Dijon,19n20v23,male,23,17,nonmusician,France,"Dijon - LEAD-CNRS, University of Burgundy",1m4j22,NA,43,0.7543859649122807,21,10.5,5.5,17,20,5,4,4.5,7,20.5,15.5,9,12,14,18,10,10,73,63,24,38,7,34,19,40,40,45,37,20,47,58,NA,NA,NA,0,block12,TRUE
FR_Dijon,22m18j25,female,25,18,musician,France,"Dijon - LEAD-CNRS, University of Burgundy",3n14t25,NA,49,0.8596491228070176,33,13,7,32.5,18,9,7,6,6.5,28.5,19.5,18,20,19,20,16,14,107,93,51,55,45,30,38,105,39,58,53,15,60,55.5,NA,NA,16,10 or more,block12,TRUE
FR_Dijon,20n21q21,male,21,16,nonmusician,France,"Dijon - LEAD-CNRS, University of Burgundy",21m11t22,NA,41,0.7192982456140351,26,10.5,12.5,21.5,24,4,4,4.5,4.5,17,13,13,19,19,13,14,16,94,78,43,38,7,37,20,59,28,40,31,51,50,34,NA,NA,NA,0,block12,TRUE
FR_Dijon,21n3v20,male,20,15,nonmusician,France,"Dijon - LEAD-CNRS, University of Burgundy",16m26a20,NA,31,0.543859649122807,28,9.5,11,30.5,18,4.5,5,6,6,21.5,17,16,19,20,18,15,17,105,88,42,40,9,36,21,56,40,41,48,26,49,50,NA,NA,NA,0,block12,TRUE
FR_Dijon,13m31c25,female,25,20,musician,France,"Dijon - LEAD-CNRS, University of Burgundy",NA,NA,48,0.8421052631578947,28,8.5,7.5,25,23,6,5.5,5.5,5.5,22.5,16.5,13,19,13,9,11,17,82,65,33,52,42,40,24,91,41,50,44,38,59,47.5,NA,NA,19,10 or more,block12,TRUE
FR_Lille,10m2j20,female,20,15,musician,France,Lille University - PSITEC,8n19l21,NA,32,0.5614035087719298,17,8.5,9.5,26.5,23,7,4.5,6,6.5,24,17,18,20,20,11,19,20,108,88,51,49,40,42,30,94,40,52,56,45,55,35,NA,NA,11,10 or more,block12,TRUE
FR_Lille,10n3b27,male,27,16,nonmusician,France,Lille University - PSITEC,11m28k26,NA,46,0.8070175438596491,18,11,12,43.5,29,10,5,7.5,5.5,28,18,19,19,20,10,19,20,107,87,57,49,14,35,33,80,30,43,42,44,56,66,NA,NA,NA,0,block12,FALSE
FR_Lille,11m28k26,male,26,16,musician,France,Lille University - PSITEC,10n3b27,NA,53,0.9298245614035088,26,11.5,5,26,25,6,5.5,6.5,7.5,25.5,19.5,19,17,18,11,19,19,103,84,53,57,40,35,34,106,41,52,41,28,55,44.5,NA,NA,1,2,block12,FALSE
FR_Lille,11n7l20,female,20,14,nonmusician,France,Lille University - PSITEC,7m24e19,NA,35,0.6140350877192983,14,10.5,9,15.5,17,5,2,4,5,16,11,6,13,14,14,10,8,65,57,19,43,8,26,20,47,51,43,25,46,47,38.5,NA,NA,NA,0,block12,TRUE
FR_Lille,1m13m22,female,22,17,musician,France,Lille University - PSITEC,2n17r20,NA,36,0.631578947368421,23,9,10,28,17,9,5.5,8,5.5,28,19,15,19,20,20,16,17,107,90,49,51,45,35,40,105,39,46,32,24,45,30.5,NA,NA,11,10 or more,block12,TRUE
FR_Lille,1n11c21,female,21,15,nonmusician,France,Lille University - PSITEC,4m10i22,NA,35,0.6140350877192983,20,11.5,10.5,19.5,15,2.5,4,4,3.5,14,11.5,16,19,20,16,16,18,105,87,39,34,7,34,15,45,36,52,34,53,47,46.5,NA,NA,NA,0,block12,TRUE
FR_Lille,2m13l18,male,18,13,musician,France,Lille University - PSITEC,9n28t19,NA,27,0.47368421052631576,11,9.5,7.5,28.5,17,9.5,7,8,8,32.5,23,16,16,20,13,19,19,103,84,44,62,41,40,42,103,35,49,40,52,45,66,NA,NA,13,10 or more,block12,TRUE
FR_Lille,2n17r20,female,20,15,nonmusician,France,Lille University - PSITEC,1m13m22,NA,32,0.5614035087719298,15,6.5,7,20,18,6,3.5,5,4.5,19,13,7,16,9,12,10,6,60,54,18,34,8,27,33,51,37,44,43,38,40,29,NA,NA,NA,0,block12,TRUE
FR_Lille,3m6s18,male,18,13,musician,France,Lille University - PSITEC,7n28k19,NA,37,0.6491228070175439,19,13,11,32,29,6.5,6.5,8,5.5,26.5,20,16,20,18,16,18,20,108,88,50,55,47,39,34,102,39,46,52,16,52,66,NA,NA,9,10 or more,block12,FALSE
FR_Lille,3n19a21,male,21,16,nonmusician,France,Lille University - PSITEC,NA,NA,45,0.7894736842105263,23,10,8,24,1,4.5,5.5,7,6,23,18.5,11,15,12,10,13,5,66,61,37,36,7,27,23,50,28,44,35,26,45,28,NA,NA,NA,0,block12,TRUE
FR_Lille,4m10i22,female,22,15,musician,France,Lille University - PSITEC,1n11c21,NA,41,0.7192982456140351,20,10,7,25,10,6.5,7.5,7.5,6,27.5,21,20,20,19,20,19,19,117,98,60,61,47,39,37,111,39,54,37,40,56,56.5,NA,NA,17,10 or more,block12,TRUE
FR_Lille,4n21a22,female,22,15,nonmusician,France,Lille University - PSITEC,NA,NA,36,0.631578947368421,14,10.5,7.5,14.5,12,2,3.5,3,3.5,12,10,12,9,11,15,12,5,64,59,25,32,11,25,19,40,40,49,37,42,27,26,NA,NA,NA,0,block12,TRUE
FR_Lille,5m13j20,female,20,15,musician,France,Lille University - PSITEC,NA,NA,40,0.7017543859649122,18,NA,NA,NA,NA,6,6.5,7,8,27.5,21.5,18,20,20,20,20,16,114,98,46,63,40,42,40,101,55,42,33,12,45,42,NA,NA,6,6-9,NA,FALSE
FR_Lille,5n21o21,female,21,15,nonmusician,France,Lille University - PSITEC,6m12s19,NA,32,0.5614035087719298,15,7,6.5,22,21,4,3,6,4,17,13,11,12,11,10,10,7,61,54,25,45,8,27,25,47,30,42,27,47,34,25.5,NA,NA,NA,0,block12,TRUE
FR_Lille,6m12s19,female,19,14,musician,France,Lille University - PSITEC,5n21o21,NA,32,0.5614035087719298,17,6.5,4.5,28,0,6,5.5,4.5,6,22,16,20,20,20,20,19,20,119,99,56,53,45,41,40,109,52,52,48,44,47,61,NA,NA,14,10 or more,block12,TRUE
FR_Lille,6n29j22,female,22,15,nonmusician,France,Lille University - PSITEC,NA,NA,36,0.631578947368421,16,10.5,11,25.5,21,5,4.5,4,5,18.5,13.5,18,19,19,20,18,17,111,94,42,45,11,36,29,61,40,39,37,40,49,59,NA,NA,NA,0.5,block12,TRUE
FR_Lille,7m24e19,female,19,14,musician,France,Lille University - PSITEC,11n7l20,NA,46,0.8070175438596491,14,10.5,8.5,33,26,6.5,8,8.5,6.5,29.5,23,13,17,17,19,16,11,93,82,39,48,39,35,37,92,36,44,49,33,41,63.5,NA,NA,10,10 or more,block12,TRUE
FR_Lille,7n28k19,male,19,14,nonmusician,France,Lille University - PSITEC,3m6s18,NA,31,0.543859649122807,18,17,9.5,32.5,23,9.5,2.5,9,8,29,19.5,11,19,19,20,14,12,95,83,40,52,17,32,34,80,43,49,49,23,54,66,NA,NA,NA,0,block12,FALSE
FR_Lille,8m9e20,female,20,14,musician,France,Lille University - PSITEC,NA,NA,40,0.7017543859649122,23,11,NA,NA,24,8.5,7.5,6,6.5,28.5,20,17,18,19,17,17,16,104,88,47,48,37,37,25,85,43,46,54,38,48,56.5,NA,NA,10,6-9,NA,FALSE
FR_Lille,8n19l21,female,21,16,nonmusician,France,Lille University - PSITEC,10m2j20,NA,37,0.6491228070175439,17,14,10,23.5,28,9,3.5,9,6,27.5,18.5,16,16,18,17,15,15,97,82,33,43,8,31,24,55,49,35,37,52,39,61,NA,NA,NA,0,block12,TRUE
FR_Lille,9m1e20,female,20,15,musician,France,Lille University - PSITEC,NA,NA,44,0.7719298245614035,24,9.5,6.5,NA,NA,7.5,8,5.5,6,27,19.5,12,20,20,17,16,13,98,85,35,52,37,39,25,77,39,55,50,45,46,58,NA,NA,14,10 or more,NA,TRUE
FR_Lille,9n28t19,male,19,14,nonmusician,France,Lille University - PSITEC,2m13l18,NA,35,0.6140350877192983,13,13,10,33,21,9.5,5,7,6.5,28,18.5,15,19,14,19,14,18,99,81,44,53,16,35,33,82,32,45,39,38,48,66,NA,NA,1,0,block12,TRUE
FR_Lyon,1n20l26,female,26,17,nonmusician,France,Lyon Neuroscience Research Center,NA,NA,25,0.43859649122807015,25,8,10,21.5,5,5,6,5,6,22,17,19,20,20,17,20,14,110,96,46,57,10,40,34,70,58,52,54,45,52,30,NA,NA,NA,0,block12,TRUE
FR_Lyon,2n11j24,female,24,17,nonmusician,France,Lyon Neuroscience Research Center,16m30j24,NA,33,0.5789473684210527,22,11.5,7.5,18,20,3.5,2,4.5,5,15,11.5,17,16,20,19,17,11,100,89,45,43,8,37,27,63,49,52,53,49,47,53.5,NA,NA,NA,0,block12,TRUE
FR_Lyon,3n27m27,female,27,17,nonmusician,France,Lyon Neuroscience Research Center,5m21a27,NA,31,0.543859649122807,21,9,8.5,24,18,5,3.5,5,7,20.5,15.5,17,20,20,18,17,18,110,92,36,40,9,35,19,46,41,47,45,42,49,8,1,1,NA,0,block12,FALSE
FR_Lyon,4n24m22,female,22,16,nonmusician,France,Lyon Neuroscience Research Center,2m8n22,NA,18,0.3157894736842105,17,9.5,7.5,23.5,23,8.5,4,4,6,22.5,14,17,20,20,15,14,17,103,86,39,41,7,34,12,41,49,48,52,43,55,32,NA,NA,NA,0,block12,TRUE
FR_Lyon,5m21a27,female,27,16,musician,France,Lyon Neuroscience Research Center,3n27m27,NA,36,0.631578947368421,20,12,10.5,41.5,18,9,7,9,7,32,23,17,20,20,20,19,20,116,96,47,60,45,38,44,112,37,41,50,41,59,53,NA,NA,24,10 or more,block12,FALSE
FR_Lyon,6n13s23,female,23,16,nonmusician,France,Lyon Neuroscience Research Center,10m21e22,NA,21,0.3684210526315789,20,10,11.5,24,16,4.5,5,5.5,5.5,20.5,16,13,16,18,18,10,15,90,75,29,47,12,36,28,62,33,43,50,40,47,34.5,NA,NA,NA,0,block12,TRUE
FR_Lyon,7m7m22,male,22,16,musician,France,Lyon Neuroscience Research Center,10n30y21,NA,40,0.7017543859649122,34,12,12,37,30,7.5,5.5,8.5,6,27.5,20,19,18,20,17,19,16,109,93,53,48,35,35,25,83,30,42,48,49,51,61,NA,NA,10,10 or more,block12,TRUE
FR_Lyon,8m4m21,male,21,16,musician,France,Lyon Neuroscience Research Center,7n5j20,NA,37,0.6491228070175439,12,12,8.5,27,22,7,4.5,8,5.5,25,18,19,15,19,18,15,9,95,86,48,51,41,36,29,95,30,49,39,54,58,48,NA,NA,8,10 or more,block12,FALSE
FR_Lyon,9n23d24,male,24,19,nonmusician,France,Lyon Neuroscience Research Center,20m29c24,NA,31,0.543859649122807,29,13,10,27,28,7.5,6,5.5,7,26,18.5,9,11,16,10,9,5,60,55,21,32,8,23,29,40,36,57,47,25,44,34,NA,NA,NA,0,block12,TRUE
FR_Lyon,10m21e22,female,22,16,musician,France,Lyon Neuroscience Research Center,6n13s23,NA,39,0.6842105263157895,22,7.5,8.5,22.5,-1,7.5,6,4.5,6.5,24.5,17,15,19,19,19,19,17,108,91,44,48,40,39,27,94,54,51,28,44,53,49,NA,NA,12,10 or more,block12,TRUE
FR_Lyon,5n10d29,female,29,17,nonmusician,France,Lyon Neuroscience Research Center,18m31j30,NA,26,0.45614035087719296,12,9,8,19,20,5.5,3,5,4.5,18,12.5,7,16,16,15,7,10,71,61,12,20,13,21,13,30,16,32,31,59,20,8,NA,NA,NA,0,block12,TRUE
FR_Lyon,7n5j20,male,20,15,nonmusician,France,Lyon Neuroscience Research Center,8m4m21,NA,30,0.5263157894736842,24,10.5,8,22,3,8,4.5,6,4.5,23,15,7,16,12,14,12,10,71,61,14,35,14,28,28,53,42,42,38,35,47,31.5,1,1,NA,0,block12,FALSE
FR_Lyon,1m3r23,male,23,17,musician,France,Lyon Neuroscience Research Center,14n25l23,NA,37,0.6491228070175439,33,10,8.5,30,12,7,5,6,5,23,16,16,13,17,15,19,18,98,80,44,45,41,29,26,90,35,42,38,30,50,61,NA,NA,12,10 or more,block12,TRUE
FR_Lyon,2m8n22,female,22,17,musician,France,Lyon Neuroscience Research Center,4n24m22,NA,23,0.40350877192982454,18,10,7,34.5,-6,7.5,4.5,8.5,7,27.5,20,20,20,20,13,20,20,113,93,54,63,45,36,37,98,46,52,51,27,53,47,NA,NA,17,10 or more,block12,TRUE
FR_Lyon,8n2m21,male,21,15,nonmusician,France,Lyon Neuroscience Research Center,22m7c21,NA,17,0.2982456140350877,15,13,9,33.5,11,6.5,5.5,8,6,26,19.5,8,5,14,8,11,7,53,46,16,36,7,19,23,44,32,46,42,32,36,29,NA,NA,NA,0,block12,TRUE
FR_Lyon,3m6l19,female,19,15,musician,France,Lyon Neuroscience Research Center,23n19t20,NA,43,0.7543859649122807,22,12.5,9,36.5,21,10,8,6,6,30,20,17,20,18,16,19,20,110,90,50,52,45,39,41,113,48,47,35,42,55,66,NA,NA,14,10 or more,block12,TRUE
FR_Lyon,4m10t23,male,23,17,musician,France,Lyon Neuroscience Research Center,21n2t22,NA,25,0.43859649122807015,21,9,6.5,23.5,23,7,6,5.5,6,24.5,17.5,19,20,20,20,15,20,114,94,52,55,40,41,43,106,54,40,42,54,47,46.5,NA,NA,9,6-9,block12,FALSE
FR_Lyon,6m9m20,female,20,15,musician,France,Lyon Neuroscience Research Center,19n28p21,NA,28,0.49122807017543857,9,8.5,7,36,19,8.5,6,8,6.5,29,20.5,19,20,20,20,18,18,115,97,47,51,42,42,25,84,41,34,46,45,44,47,NA,NA,8,10 or more,block12,FALSE
FR_Lyon,9m30a26,male,26,15,musician,France,Lyon Neuroscience Research Center,22n3i25,NA,43,0.7543859649122807,24,12.5,9,33.5,-4,9.5,7,9.5,7.5,33.5,24,10,17,14,17,19,14,91,77,39,58,45,34,33,98,43,53,36,21,55,23,NA,NA,20,10 or more,block12,TRUE
FR_Lyon,10n30y21,male,21,16,nonmusician,France,Lyon Neuroscience Research Center,7m7m22,NA,30,0.5263157894736842,25,7.5,9.5,18.5,-2,2.5,5.5,5,3,16,13.5,19,14,19,20,17,12,101,89,44,44,9,32,27,63,35,51,26,28,44,31,NA,NA,NA,1,block12,TRUE
FR_Lyon,11m9j21,female,21,15,musician,France,Lyon Neuroscience Research Center,18n9e21,NA,31,0.543859649122807,32,11,10,32.5,23,7,5.5,7,7.5,27,20,17,20,20,20,19,20,116,96,45,53,46,40,40,102,45,55,48,42,56,66,NA,NA,12,10 or more,block12,TRUE
FR_Lyon,12m14l23,female,23,15,musician,France,Lyon Neuroscience Research Center,15n28e24,NA,34,0.5964912280701754,20,8.5,8,11.5,6,6.5,4.5,4.5,5.5,21,14.5,18,20,20,20,20,20,118,98,43,51,33,39,34,76,52,58,34,38,54,36.5,NA,NA,11,6-9,block12,FALSE
FR_Lyon,13m20l21,female,21,14,musician,France,Lyon Neuroscience Research Center,17n26c21,NA,37,0.6491228070175439,26,11.5,12,26.5,18,9,7,5.5,8,29.5,20.5,13,18,16,18,19,14,98,84,35,57,44,39,37,95,54,40,48,47,57,66,NA,NA,15,10 or more,block12,TRUE
FR_Lyon,14m23p28,male,28,14,musician,France,Lyon Neuroscience Research Center,24n7d27,NA,27,0.47368421052631576,13,8,6.5,21.5,19,9,8,4.5,7,28.5,19.5,18,20,20,16,19,20,113,93,48,62,41,38,39,111,38,44,22,55,57,38,NA,NA,3,2,block12,FALSE
FR_Lyon,15m21r29,female,29,16,musician,France,Lyon Neuroscience Research Center,16n12m30,NA,28,0.49122807017543857,21,13.5,10,23,14,6,5,5,6.5,22.5,16.5,15,20,20,9,17,18,99,81,43,41,41,39,25,81,27,48,39,47,54,58,NA,NA,10,10 or more,block12,TRUE
FR_Lyon,16m30j24,female,24,18,musician,France,Lyon Neuroscience Research Center,2n11j24,NA,33,0.5789473684210527,8,8.5,8,26,16,9.5,7,7.5,8,32,22.5,15,17,17,18,19,17,103,86,53,63,47,42,41,113,38,56,50,29,55,35,NA,NA,18,10 or more,block12,TRUE
FR_Lyon,11n3k24,female,24,18,nonmusician,France,Lyon Neuroscience Research Center,NA,NA,40,0.7017543859649122,13,11,10,24,18,3,6,4,6,19,16,12,20,20,20,10,9,91,82,27,35,9,38,22,45,48,41,56,45,47,48,NA,NA,NA,0,block12,TRUE
FR_Lyon,17m8s23,male,23,17,musician,France,Lyon Neuroscience Research Center,20n28g22,NA,33,0.5789473684210527,26,12,10.5,42,24,10,7,9.5,7.5,34,24,13,16,16,18,18,17,98,81,45,61,44,39,48,110,43,51,31,25,58,63.5,NA,NA,11,10 or more,block12,TRUE
FR_Lyon,18m31j30,female,30,17,musician,France,Lyon Neuroscience Research Center,5n10d29,NA,37,0.6491228070175439,18,10.5,10.5,30,23,10,6,7.5,5.5,29,19,20,20,20,20,20,18,118,100,55,55,45,38,38,106,37,52,40,40,50,66,NA,NA,19,10 or more,block12,TRUE
FR_Lyon,12n28a27,male,27,19,nonmusician,France,Lyon Neuroscience Research Center,NA,NA,38,0.6666666666666666,25,8.5,7.5,36,9,7.5,4,6.5,6.5,24.5,17,15,14,18,16,11,13,87,74,23,48,7,37,16,42,45,45,32,42,49,63,NA,NA,NA,0,block12,TRUE
FR_Lyon,19m5b27,male,27,16,musician,France,Lyon Neuroscience Research Center,NA,NA,31,0.543859649122807,20,11,8,37,-11,9,8,9,7.5,33.5,24.5,17,19,19,18,19,15,107,92,42,60,41,37,43,104,42,44,45,38,49,56,NA,NA,18,10 or more,block12,TRUE
FR_Lyon,20m29c24,male,24,19,musician,France,Lyon Neuroscience Research Center,9n23d24,NA,34,0.5964912280701754,16,8,6.5,30,4,7.5,7.5,4,8,27,19.5,19,20,20,20,20,20,119,99,55,62,48,40,41,116,50,51,38,37,56,61,NA,NA,18,10 or more,block12,TRUE
FR_Lyon,13n24l24,female,24,17,nonmusician,France,Lyon Neuroscience Research Center,NA,NA,27,0.47368421052631576,21,10,9.5,29.5,26,4,3.5,3.5,5.5,16.5,12.5,11,17,20,16,9,7,80,73,26,36,7,30,18,39,32,49,50,38,43,51.5,NA,NA,NA,0,block12,TRUE
FR_Lyon,14n25l23,male,23,17,nonmusician,France,Lyon Neuroscience Research Center,1m3r23,NA,35,0.6140350877192983,25,7,9,26.5,15,7,3,6.5,5.5,22,15,20,20,20,20,18,20,118,98,53,60,11,42,35,78,37,46,33,30,54,50,NA,NA,NA,0,block12,TRUE
FR_Lyon,15n28e24,female,24,16,nonmusician,France,Lyon Neuroscience Research Center,12m14l23,NA,30,0.5263157894736842,16,8,9,17.5,-7,4.5,2.5,0.5,1,8.5,4,7,11,10,13,14,7,62,55,28,13,8,28,14,29,29,49,38,54,56,37.5,NA,NA,NA,0,block12,FALSE
FR_Lyon,16n12m30,female,30,15,nonmusician,France,Lyon Neuroscience Research Center,15m21r29,NA,24,0.42105263157894735,20,8.5,7.5,19.5,-6,5,4,4.5,5,18.5,13.5,12,13,14,17,16,13,85,72,30,50,12,34,30,65,39,37,38,25,54,55.5,NA,NA,NA,0,block12,TRUE
FR_Lyon,17n26c21,female,21,15,nonmusician,France,Lyon Neuroscience Research Center,13m20l21,NA,18,0.3157894736842105,16,8,9,21,-14,2.5,4.5,3,4.5,14.5,12,16,9,18,16,16,14,89,75,37,29,7,27,18,49,43,48,52,29,35,41,NA,NA,NA,0,block12,TRUE
FR_Lyon,18n9e21,female,21,15,nonmusician,France,Lyon Neuroscience Research Center,11m9j21,NA,43,0.7543859649122807,29,8.5,10,18.5,14,4.5,5.5,6,3,19,14.5,9,17,19,19,12,10,86,76,25,34,9,36,15,39,40,50,30,45,53,33,NA,NA,NA,0,block12,TRUE
FR_Lyon,19n28p21,female,21,15,nonmusician,France,Lyon Neuroscience Research Center,6m9m20,NA,34,0.5964912280701754,12,8.5,9,20.5,-3,1.5,3,3.5,2.5,10.5,9,7,13,11,15,13,8,67,59,30,32,11,30,17,49,35,34,41,38,41,57,1,5,NA,1,block12,FALSE
FR_Lyon,20n28g22,male,22,17,nonmusician,France,Lyon Neuroscience Research Center,17m8s23,NA,34,0.5964912280701754,24,9,9,22.5,23,5.5,3,4.5,4.5,17.5,12,15,14,16,13,14,12,84,72,40,36,10,30,21,51,41,45,38,28,48,48.5,NA,NA,NA,0,block12,TRUE
FR_Lyon,21n2t22,male,22,17,nonmusician,France,Lyon Neuroscience Research Center,4m10t23,NA,29,0.5087719298245614,7,10,7.5,19.5,19,4.5,1,2.5,5.5,13.5,9,14,17,20,8,14,11,84,73,29,46,9,37,35,58,51,44,50,29,47,30,NA,NA,NA,0,block12,FALSE
FR_Lyon,22n3i25,male,25,14,nonmusician,France,Lyon Neuroscience Research Center,9m30a26,NA,33,0.5789473684210527,22,15.5,11,24.5,25,4,5.5,6.5,5,21,17,17,16,16,16,12,16,93,77,46,31,9,34,16,49,39,38,24,38,49,66,NA,NA,NA,0,block12,TRUE
FR_Lyon,23n19t20,female,20,14,nonmusician,France,Lyon Neuroscience Research Center,3m6l19,NA,36,0.631578947368421,10,7,7.5,17.5,16,5,4.5,5,7,21.5,16.5,17,20,20,16,18,16,107,91,37,50,7,38,32,64,44,51,43,48,49,51,NA,NA,NA,0,block12,TRUE
FR_Lyon,24n7d27,male,27,13,nonmusician,France,Lyon Neuroscience Research Center,14m23p28,NA,26,0.45614035087719296,12,11.5,11,27.5,17,5.5,2.5,5,5,18,12.5,14,20,19,18,17,12,100,88,40,40,7,37,20,52,38,53,45,30,50,56,NA,NA,NA,0,block12,FALSE
FR_Lyon,25n2c26,male,26,14,nonmusician,France,Lyon Neuroscience Research Center,NA,NA,30,0.5263157894736842,12,10.5,6,29,6,5,4.5,3,8,20.5,15.5,15,14,18,12,13,11,83,72,24,47,7,39,16,38,35,44,50,31,41,17,NA,NA,NA,0,block12,TRUE
FR_Lyon,21m31s29,male,29,17,musician,France,Lyon Neuroscience Research Center,NA,NA,32,0.5614035087719298,21,12.5,10,43,23,10,6.5,8,7,31.5,21.5,11,20,11,13,17,15,87,72,47,60,45,37,35,106,40,46,28,23,42,55.5,NA,NA,12,10 or more,block12,TRUE
FR_Lyon,22m7c21,male,21,15,musician,France,Lyon Neuroscience Research Center,8n2m21,NA,28,0.49122807017543857,26,11.5,10.5,34.5,22,9,6.5,8,6.5,30,21,18,17,20,9,18,16,98,82,48,52,43,40,30,99,45,47,37,33,46,66,NA,NA,10,10 or more,block12,TRUE
FR_Lyon,26n24l23,male,23,14,nonmusician,France,Lyon Neuroscience Research Center,23m14f22,NA,18,0.3157894736842105,23,8.5,11,16.5,25,4.5,4,3.5,6,18,13.5,7,19,16,15,13,12,82,70,20,47,7,37,23,43,41,35,29,31,57,47,NA,NA,NA,0,block12,TRUE
FR_Lyon,23m14f22,male,22,14,musician,France,Lyon Neuroscience Research Center,26n24l23,NA,27,0.47368421052631576,19,9,7.5,31,17,6.5,5,8,6.5,26,19.5,20,20,20,18,18,20,116,96,53,60,45,36,36,107,38,35,38,36,55,66,NA,NA,10,10 or more,block12,TRUE
IT_Bari,1m15m23,female,23,17,musician,Italy,Bari University - Department of Education Psychology and Communication,13n09e23,NA,41,0.7192982456140351,26,11.5,7.5,39.5,21,8,6,7,6.5,27.5,19.5,19,20,18,20,17,19,113,94,52,62,46,39,41,110,47,49,48,34,54,66,NA,NA,12,10 or more,block12,TRUE
IT_Bari,2m31b28,female,28,21,musician,Italy,Bari University - Department of Education Psychology and Communication,4n06r28,NA,48,0.8421052631578947,17,12,12,33,21,8,7.5,7.5,6,29,21,20,20,20,20,20,20,120,100,55,62,44,42,45,116,41,57,53,33,57,56.5,NA,NA,17,10 or more,block12,TRUE
IT_Bari,3m13f21,male,21,16,musician,Italy,Bari University - Department of Education Psychology and Communication,12n18g20,NA,55,0.9649122807017544,34,10.5,10.5,31.5,20,9,6,7.5,7,29.5,20.5,20,20,20,20,20,20,120,100,55,63,44,42,37,105,46,49,41,27,59,63.5,NA,NA,11,10 or more,block12,TRUE
IT_Bari,4m13f23,male,23,16,musician,Italy,Bari University - Department of Education Psychology and Communication,8n18d22,NA,41,0.7192982456140351,21,7.5,7,14.5,14,7,4.5,5,4.5,21,14,15,20,20,16,19,18,108,90,48,61,44,40,43,108,46,45,45,30,51,8,NA,NA,14,10 or more,block12,TRUE
IT_Bari,5m03l20,female,20,14,musician,Italy,Bari University - Department of Education Psychology and Communication,1n21m19,NA,40,0.7017543859649122,12,7.5,6,21,9,8,7,4.5,3,22.5,14.5,15,20,19,17,20,18,109,91,46,46,45,39,37,101,48,43,49,35,57,31,NA,NA,15,10 or more,block12,TRUE
IT_Bari,6m11j22,female,22,16,musician,Italy,Bari University - Department of Education Psychology and Communication,10n02v21,NA,53,0.9298245614035088,12,7.5,7.5,20.5,19,8.5,6.5,8.5,5.5,29,20.5,18,15,18,19,17,18,105,87,50,60,46,33,40,112,39,47,40,25,48,66,NA,NA,11,10 or more,block12,TRUE
IT_Bari,7m02g27,female,27,21,musician,Italy,Bari University - Department of Education Psychology and Communication,5n24p27,NA,46,0.8070175438596491,19,9,10,21.5,26,9.5,6,7.5,7.5,30.5,21,17,18,20,17,20,18,110,92,50,52,43,41,32,98,32,55,58,45,53,26,NA,NA,13,10 or more,block12,TRUE
IT_Bari,8m24a24,female,24,17,musician,Italy,Bari University - Department of Education Psychology and Communication,18n25a23,NA,46,0.8070175438596491,20,7,6.5,24.5,23,5.5,5.5,4.5,5,20.5,15,19,20,19,16,12,18,104,86,48,42,42,39,25,84,19,44,36,54,48,62,NA,NA,13,10 or more,block12,FALSE
IT_Bari,9m07c22,female,22,16,musician,Italy,Bari University - Department of Education Psychology and Communication,7n30a22,NA,47,0.8245614035087719,17,10.5,8,33.5,19,7,7,5,5.5,24.5,17.5,14,18,17,17,19,12,97,85,39,59,41,33,45,108,34,54,60,34,46,44.5,NA,NA,12,10 or more,block12,TRUE
IT_Bari,10m04g21,male,21,16,musician,Italy,Bari University - Department of Education Psychology and Communication,NA,NA,54,0.9473684210526315,29,10.5,8.5,31.5,27,8.5,8,7.5,4.5,28.5,20,17,20,17,8,19,13,94,81,44,54,43,37,26,90,44,45,35,30,58,35.5,NA,NA,15,10 or more,block12,TRUE
IT_Bari,11m26i24,female,24,17,musician,Italy,Bari University - Department of Education Psychology and Communication,17n06r24,NA,43,0.7543859649122807,18,9,6.5,31,20,8,3.5,1.5,2.5,15.5,7.5,15,19,18,18,20,19,109,90,49,47,44,39,36,104,41,41,43,46,50,25.5,NA,NA,13,10 or more,block12,FALSE
IT_Bari,12m10g24,male,24,18,musician,Italy,Bari University - Department of Education Psychology and Communication,14n07a25,NA,51,0.8947368421052632,21,10.5,10,42,21,5.5,4.5,5.5,4,19.5,14,15,16,14,12,14,15,86,71,36,48,41,26,30,85,38,36,46,31,44,42,NA,NA,13,10 or more,block12,TRUE
IT_Bari,13m01m22,female,22,16,musician,Italy,Bari University - Department of Education Psychology and Communication,6n25e22,NA,56,0.9824561403508771,16,8,10.5,36.5,6,8,8,3.5,5.5,25,17,19,20,20,13,20,17,109,92,47,60,45,40,43,115,50,51,56,36,60,33.5,NA,NA,11,10 or more,block12,TRUE
IT_Bari,14m21g21,female,21,15,musician,Italy,Bari University - Department of Education Psychology and Communication,3n01m20,NA,47,0.8245614035087719,16,8,8,27.5,20,6.5,7,5,7,25.5,19,19,20,20,18,19,18,114,96,53,46,45,37,30,96,42,41,47,44,47,51.5,NA,NA,10,10 or more,block12,TRUE
IT_Bari,15m19f20,male,20,15,musician,Italy,Bari University - Department of Education Psychology and Communication,2n25m20,NA,52,0.9122807017543859,19,8.5,10,27,26,9,6,9.5,8,32.5,23.5,18,20,16,14,19,16,103,87,54,56,45,38,33,101,41,39,42,19,53,61,NA,NA,12,10 or more,block12,TRUE
IT_Bari,16m09f29,male,29,20,musician,Italy,Bari University - Department of Education Psychology and Communication,16n22a28,NA,45,0.7894736842105263,14,12,7,21,21,7,6,5.5,7.5,26,19,18,16,16,15,16,17,98,81,46,60,42,41,28,95,41,31,41,44,37,11,NA,NA,12,10 or more,block12,TRUE
IT_Bari,17m07l25,male,25,19,musician,Italy,Bari University - Department of Education Psychology and Communication,11n10a26,NA,44,0.7719298245614035,11,11.5,8.5,32,26,8,5,4,5.5,22.5,14.5,11,16,14,16,16,14,87,73,36,42,40,35,34,89,38,44,40,36,44,44,NA,NA,13,10 or more,block12,FALSE
IT_Bari,18m10v24,female,24,18,musician,Italy,Bari University - Department of Education Psychology and Communication,19n19a24,NA,47,0.8245614035087719,18,7,7.5,19.5,17,7.5,8,7,7.5,30,22.5,20,20,20,15,20,20,115,95,61,60,45,41,48,118,45,57,48,34,60,39.5,NA,NA,11,10 or more,block12,TRUE
IT_Bari,19m17m23,male,23,17,musician,Italy,Bari University - Department of Education Psychology and Communication,15n23m24,NA,43,0.7543859649122807,19,13,9,32.5,23,8,7.5,8.5,8,32,24,17,20,20,20,16,20,113,93,52,54,43,40,28,94,29,48,43,49,58,44.5,NA,NA,12,10 or more,block12,TRUE
IT_Bari,20m15m21,male,21,15,musician,Italy,Bari University - Department of Education Psychology and Communication,NA,NA,48,0.8421052631578947,21,13,12,25,27,10,6,6.5,7,29.5,19.5,20,18,20,16,17,17,108,91,58,48,44,38,40,104,45,41,29,53,53,32.5,NA,NA,10,10 or more,block12,TRUE
IT_Bari,21m09a21,male,21,15,musician,Italy,Bari University - Department of Education Psychology and Communication,9n01g20,NA,46,0.8070175438596491,26,10,9.5,28,26,5.5,6.5,4.5,8,24.5,19,17,18,18,17,17,13,100,87,50,49,39,40,38,97,39,37,37,29,41,31.5,NA,NA,10,10 or more,block12,FALSE
IT_Bari,1n21m19,female,19,13,nonmusician,Italy,Bari University - Department of Education Psychology and Communication,5m03l20,NA,39,0.6842105263157895,21,10,10.5,21.5,16,5.5,4,4,6,19.5,14,17,20,20,20,19,20,116,96,45,40,7,40,35,64,47,52,55,31,56,29.5,NA,NA,NA,0,block12,TRUE
IT_Bari,2n25m20,male,20,15,nonmusician,Italy,Bari University - Department of Education Psychology and Communication,15m19f20,NA,50,0.8771929824561403,24,11,7.5,4.5,29,4,4,4,6,18,14,14,16,16,8,11,5,70,65,23,42,7,27,21,42,33,41,42,27,52,55.5,NA,NA,NA,0,block12,TRUE
IT_Bari,3n01m20,female,20,14,nonmusician,Italy,Bari University - Department of Education Psychology and Communication,14m21g21,NA,46,0.8070175438596491,19,13,9,21.5,23,5,4,5,5.5,19.5,14.5,14,19,19,19,20,18,109,91,37,48,7,37,22,58,33,49,33,40,49,52,NA,NA,NA,0,block12,TRUE
IT_Bari,4n06r28,female,28,21,nonmusician,Italy,Bari University - Department of Education Psychology and Communication,2m31b28,NA,54,0.9473684210526315,34,10,11.5,30.5,19,5,3.5,6.5,7,22,17,6,13,13,15,8,6,61,55,17,36,13,26,14,33,35,47,40,48,37,36,1,5,NA,1,block12,TRUE
IT_Bari,5n24p27,female,27,21,nonmusician,Italy,Bari University - Department of Education Psychology and Communication,7m02g27,NA,54,0.9473684210526315,21,11,7.5,20,8,3,4,7,6,20,17,17,18,20,20,18,15,108,93,38,42,9,38,23,57,45,45,57,37,46,26,NA,NA,NA,0,block12,TRUE
IT_Bari,6n25e22,female,22,16,nonmusician,Italy,Bari University - Department of Education Psychology and Communication,13m01m22,NA,49,0.8596491228070176,22,9.5,6.5,25.5,24,7,2.5,6,6,21.5,14.5,18,20,20,20,18,20,116,96,49,50,10,40,37,79,32,43,49,49,57,47.5,NA,NA,NA,0,block12,TRUE
IT_Bari,7n30a22,female,22,16,nonmusician,Italy,Bari University - Department of Education Psychology and Communication,9m07c22,NA,45,0.7894736842105263,12,12.5,10,24,22,4.5,4.5,6,5.5,20.5,16,10,12,15,17,14,7,75,68,29,51,7,37,36,69,37,44,40,42,41,11,NA,NA,NA,0,block12,TRUE
IT_Bari,8n18d22,male,22,16,nonmusician,Italy,Bari University - Department of Education Psychology and Communication,4m13f23,NA,47,0.8245614035087719,28,11,8.5,21.5,25,4,4.5,5.5,6,20,16,15,16,16,16,16,15,94,79,34,47,11,35,26,66,32,53,33,43,43,23.5,NA,NA,NA,0,block12,TRUE
IT_Bari,9n01g20,male,20,14,nonmusician,Italy,Bari University - Department of Education Psychology and Communication,21m09a21,NA,43,0.7543859649122807,11,7.5,5.5,18,6,5.5,5.5,5.5,6.5,23,17.5,14,17,18,17,16,16,98,82,42,51,16,41,32,80,33,45,44,19,52,31.5,1,4,NA,1,block12,FALSE
IT_Bari,10n02v21,female,21,15,nonmusician,Italy,Bari University - Department of Education Psychology and Communication,6m11j22,NA,46,0.8070175438596491,14,7,8,18.5,-7,3.5,5,8,6,22.5,19,11,14,16,17,12,10,80,70,28,23,7,35,11,28,37,39,29,44,51,37,NA,NA,NA,0,block12,TRUE
IT_Bari,11n10a26,male,26,19,nonmusician,Italy,Bari University - Department of Education Psychology and Communication,17m07l25,NA,52,0.9122807017543859,21,9.5,7,32,10,9,4.5,8,8,29.5,20.5,16,20,18,20,16,18,108,90,46,61,22,36,42,94,41,51,54,19,53,66,1,1,NA,0.5,block12,FALSE
IT_Bari,12n18g20,male,20,15,nonmusician,Italy,Bari University - Department of Education Psychology and Communication,3m13f21,NA,48,0.8421052631578947,14,8.5,8,30,5,5.5,4,5,7,21.5,16,15,16,16,16,14,14,91,77,40,44,12,37,31,72,36,46,50,27,48,27,NA,NA,NA,0,block12,TRUE
IT_Bari,13n09e23,female,23,17,nonmusician,Italy,Bari University - Department of Education Psychology and Communication,1m15m23,NA,51,0.8947368421052632,18,9,6.5,18.5,18,5.5,4.5,3.5,4,17.5,12,11,18,16,8,13,9,75,66,28,29,7,33,7,27,37,50,46,52,50,41.5,NA,NA,NA,0,block12,TRUE
IT_Bari,14n07a25,male,25,19,nonmusician,Italy,Bari University - Department of Education Psychology and Communication,12m10g24,NA,45,0.7894736842105263,17,9.5,9.5,18,17,7.5,6,7,8,28.5,21,9,12,8,9,9,5,52,47,30,51,7,24,33,56,34,53,49,27,40,66,NA,NA,NA,0,block12,TRUE
IT_Bari,15n23m24,male,24,18,nonmusician,Italy,Bari University - Department of Education Psychology and Communication,19m17m23,NA,44,0.7719298245614035,32,12.5,8.5,30.5,14,10,7,8,8,33,23,20,20,20,19,20,20,119,99,59,63,21,42,39,100,53,45,35,26,60,54,NA,NA,NA,0,block12,TRUE
IT_Bari,16n22a28,male,28,19,nonmusician,Italy,Bari University - Department of Education Psychology and Communication,16m09f29,NA,52,0.9122807017543859,11,11.5,6,21,4,6,8,7,7,28,22,19,20,19,16,16,19,109,90,57,54,16,42,25,83,35,40,40,41,55,46.5,NA,NA,1,0.5,block12,TRUE
IT_Bari,17n06r24,female,24,18,nonmusician,Italy,Bari University - Department of Education Psychology and Communication,11m26i24,NA,50,0.8771929824561403,18,13,9.5,25,27,8,6.5,5.5,6.5,26.5,18.5,17,20,20,13,18,19,107,88,44,56,24,38,34,80,34,58,50,36,52,36,1,1,NA,1,block12,FALSE
IT_Bari,18n25a23,female,23,17,nonmusician,Italy,Bari University - Department of Education Psychology and Communication,8m24a24,NA,36,0.631578947368421,8,9,7,16,4,5,3,6.5,6.5,21,16,13,18,18,17,15,11,92,81,33,39,18,31,25,62,35,49,46,39,42,51.5,1,4,NA,1,block12,FALSE
IT_Bari,19n19a24,female,24,18,nonmusician,Italy,Bari University - Department of Education Psychology and Communication,18m10v24,NA,52,0.9122807017543859,21,11,8,21.5,24,4.5,4.5,5.5,5.5,20,15.5,17,15,20,20,14,16,102,86,45,43,8,36,26,64,36,51,44,31,55,21,NA,NA,NA,0,block12,TRUE
IT_Padova,10m27a23,male,23,18,musician,Italy,Padova University – Department of General Psychology,7n10f23,NA,53,0.9298245614035088,20,8.5,11.5,35,15,7.5,4.5,7.5,7,26.5,19,9,13,17,15,17,12,83,71,35,42,39,35,39,84,44,42,47,25,46,44.5,NA,NA,11,10 or more,block1,TRUE
IT_Padova,10n28g23,female,23,16,nonmusician,Italy,Padova University – Department of General Psychology,18m30i22,NA,44,0.7719298245614035,13,8.5,6,22,21,5.5,5.5,3.5,6.5,21,15.5,17,20,20,17,16,15,105,90,44,51,30,37,21,71,27,47,33,43,47,33,5,5,NA,6-9,block1,FALSE
IT_Padova,11m21e24,female,24,18,musician,Italy,Padova University – Department of General Psychology,5n3r23,NA,42,0.7368421052631579,13,9,7.5,19,15,7.5,5,5.5,7,25,17.5,16,17,19,17,18,18,105,87,52,58,42,41,36,104,39,34,36,28,53,50.5,NA,NA,19,10 or more,block1,TRUE
IT_Padova,11n20a24,male,24,16,nonmusician,Italy,Padova University – Department of General Psychology,15m22a23,NA,43,0.7543859649122807,4,8.5,6.5,26,13,1,4,2.5,6.5,14,13,17,16,17,15,15,14,94,80,38,44,7,33,27,54,29,45,31,50,30,22,NA,NA,NA,0,block1,TRUE
IT_Padova,12m17g24,male,24,17,musician,Italy,Padova University – Department of General Psychology,13n8g23,NA,53,0.9298245614035088,21,8.5,6,29,17,8,5.5,6,7,26.5,18.5,18,13,17,12,16,12,88,76,47,57,41,28,28,90,30,45,40,29,42,39.5,NA,NA,17,10 or more,block1,TRUE
IT_Padova,12n12d22,female,22,16,nonmusician,Italy,Padova University – Department of General Psychology,7m14e22,NA,36,0.631578947368421,15,8.5,5,21,21,4.5,6.5,3.5,6,20.5,16,16,17,19,11,16,16,95,79,45,49,36,36,20,74,31,44,22,33,48,46,5,2,NA,6-9,block1,FALSE
IT_Padova,13m26m22,male,22,16,musician,Italy,Padova University – Department of General Psychology,2n7m21,NA,52,0.9122807017543859,31,13,12.5,28,24,8,4,6,6,24,16,13,20,16,16,16,13,94,81,44,47,43,35,29,92,36,41,41,36,47,42,NA,NA,10,10 or more,block1,TRUE
IT_Padova,13n8g23,male,23,16,nonmusician,Italy,Padova University – Department of General Psychology,12m17g24,NA,46,0.8070175438596491,23,11,9,14,25,2.5,2.5,3,4.5,12.5,10,13,16,16,14,12,12,83,71,35,37,11,26,28,60,38,38,37,36,37,24,NA,NA,NA,0,block1,TRUE
IT_Padova,14m28m27,male,27,17,musician,Italy,Padova University – Department of General Psychology,21n23l26,NA,49,0.8596491228070176,15,9.5,10,28,14,7.5,6,7,7.5,28,20.5,18,18,16,15,19,18,104,86,56,56,43,38,34,106,44,45,23,54,57,29.5,NA,NA,12,10 or more,block1,TRUE
IT_Padova,14n2l24,male,24,18,nonmusician,Italy,Padova University – Department of General Psychology,4m24e24,NA,52,0.9122807017543859,29,12,8,24,27,5.5,2.5,3.5,5.5,17,11.5,14,18,18,19,17,18,104,86,34,40,7,35,26,54,43,43,40,32,41,31,NA,NA,NA,0,block1,TRUE
IT_Padova,15m22a23,male,23,17,musician,Italy,Padova University – Department of General Psychology,11n20a24,NA,46,0.8070175438596491,20,7.5,10.5,23,18,7.5,7,6.5,7.5,28.5,21,17,14,20,12,14,16,93,77,46,56,40,33,34,95,32,39,41,51,49,40,NA,NA,11,10 or more,block1,TRUE
IT_Padova,15n4f21,female,21,15,nonmusician,Italy,Padova University – Department of General Psychology,9m23v21,NA,48,0.8421052631578947,17,10.5,8.5,30,27,7.5,7.5,5.5,7.5,28,20.5,13,19,17,17,14,14,94,80,45,47,11,31,33,73,42,44,32,54,56,63.5,NA,NA,NA,0,block1,TRUE
IT_Padova,16m1s20,female,20,13,musician,Italy,Padova University – Department of General Psychology,16n13g19,NA,46,0.8070175438596491,26,8,9,17,28,4.5,4.5,4.5,5.5,19,14.5,10,16,16,11,16,10,79,69,30,38,33,29,19,61,39,40,26,37,50,8,NA,NA,11,10 or more,block1,TRUE
IT_Padova,16n13g19,female,19,13,nonmusician,Italy,Padova University – Department of General Psychology,16m1s20,NA,45,0.7894736842105263,17,8,8,23,15,5,3,7,4.5,19.5,14.5,10,17,16,16,15,12,86,74,35,39,9,22,33,64,35,53,29,40,58,18.5,NA,NA,NA,0,block1,TRUE
IT_Padova,17m23e21,female,21,14,musician,Italy,Padova University – Department of General Psychology,3n6n22,NA,38,0.6666666666666666,18,10,12,30,24,7.5,6,5.5,5,24,16.5,16,16,16,15,18,13,94,81,51,49,41,37,32,96,39,41,44,45,52,8,NA,NA,13,10 or more,block1,FALSE
IT_Padova,17n7e26,male,26,19,nonmusician,Italy,Padova University – Department of General Psychology,6m20r27,NA,47,0.8245614035087719,27,10,9,28.5,26,4.5,4.5,4.5,4.5,18,13.5,13,13,16,14,14,9,79,70,31,31,8,27,20,45,36,41,46,33,45,42,NA,NA,NA,0,block12,TRUE
IT_Padova,18m30i22,female,22,15,musician,Italy,Padova University – Department of General Psychology,10n28g23,NA,50,0.8771929824561403,29,11,10.5,21,21,8,8,8,8,32,24,18,19,17,20,18,15,107,92,55,57,44,36,41,111,47,44,39,43,56,51.5,NA,NA,11,10 or more,block1,FALSE
IT_Padova,18n22s24,female,24,17,nonmusician,Italy,Padova University – Department of General Psychology,20m15e24,NA,54,0.9473684210526315,22,11,8.5,19,20,7.5,4.5,4.5,6.5,23,15.5,4,19,15,12,11,10,71,61,16,36,8,28,24,39,37,46,40,50,54,17.5,NA,NA,NA,0,block1,TRUE
IT_Padova,19m16g24,female,24,18,musician,Italy,Padova University – Department of General Psychology,20n12c24,NA,53,0.9298245614035088,26,14,12.5,35,18,8.5,5.5,7,7,28,19.5,16,19,19,19,17,14,104,90,46,49,39,39,35,93,46,28,33,54,50,49,NA,NA,10,10 or more,block12,TRUE
IT_Padova,19n31g26,male,26,17,nonmusician,Italy,Padova University – Department of General Psychology,3m15t27,NA,45,0.7894736842105263,21,10.5,6.5,29,21,6.5,4.5,4,7,22,15.5,7,16,17,16,13,16,85,69,21,47,22,35,34,61,36,38,41,41,50,66,2,5,NA,3-5,block1,FALSE
IT_Padova,1m4m27,male,27,16,musician,Italy,Padova University – Department of General Psychology,8n9a26,NA,53,0.9298245614035088,11,11.5,9,35,24,5.5,6.5,6,6.5,24.5,19,17,17,20,17,20,19,110,91,49,62,41,39,32,101,36,50,50,34,54,29.5,NA,NA,12,10 or more,block1,TRUE
IT_Padova,1n15p29,male,29,17,nonmusician,Italy,Padova University – Department of General Psychology,2m23a29,NA,40,0.7017543859649122,18,9,8,22,21,6,4,3,6,19,13,10,19,14,12,13,15,83,68,25,44,16,40,14,50,28,36,54,53,43,59.5,NA,NA,2,2,block1,TRUE
IT_Padova,20m15e24,female,24,16,musician,Italy,Padova University – Department of General Psychology,18n22s24,NA,44,0.7719298245614035,26,8.5,7.5,36,25,9.5,4.5,6.5,7,27.5,18,18,19,20,18,18,18,111,93,57,58,43,35,48,118,48,37,50,42,51,40,NA,NA,16,10 or more,block1,TRUE
IT_Padova,20n12c24,female,24,18,nonmusician,Italy,Padova University – Department of General Psychology,19m16g24,NA,50,0.8771929824561403,33,9.5,8.5,22,26,6.5,4,5.5,5,21,14.5,9,12,14,17,15,8,75,67,31,44,12,28,33,66,34,47,53,40,41,52,NA,NA,NA,0,block12,TRUE
IT_Padova,21m15s23,female,23,16,musician,Italy,Padova University – Department of General Psychology,4n10y22,NA,47,0.8245614035087719,20,13,10,31,28,8,8,5,7,28,20,18,15,19,16,18,17,103,86,48,58,43,35,41,106,38,58,48,35,52,38.5,NA,NA,15,10 or more,block1,TRUE
IT_Padova,21n23l26,male,27,17,nonmusician,Italy,Padova University – Department of General Psychology,14m28m27,NA,47,0.8245614035087719,19,13,10,29.5,20,5.5,4,5.5,5.5,20.5,15,9,13,12,12,8,6,60,54,20,39,10,25,25,47,29,42,47,29,37,44.5,1,5,NA,0.5,block12,TRUE
IT_Padova,2m23a29,male,29,18,musician,Italy,Padova University – Department of General Psychology,1n15p29,NA,34,0.5964912280701754,25,13,9,35,24,9,8,9,8,34,25,20,20,18,19,20,15,112,97,57,63,48,37,47,122,40,55,41,32,54,8,NA,NA,15,10 or more,block1,TRUE
IT_Padova,2n7m21,male,21,15,nonmusician,Italy,Padova University – Department of General Psychology,13m26m22,NA,49,0.8596491228070176,19,8.5,4.5,25,20,5,3.5,6,4,18.5,13.5,19,20,20,13,16,17,105,88,49,41,7,38,23,55,47,39,52,44,54,34,NA,NA,NA,0,block1,TRUE
IT_Padova,3m15t27,male,27,18,musician,Italy,Padova University – Department of General Psychology,19n31g26,NA,53,0.9298245614035088,13,8.5,7.5,22,17,7.5,8,7.5,7,30,22.5,19,19,17,20,19,14,108,94,51,55,40,39,32,102,35,56,52,23,46,51.5,NA,NA,11,10 or more,block1,FALSE
IT_Padova,3n6n22,female,22,15,nonmusician,Italy,Padova University – Department of General Psychology,17m23e21,NA,49,0.8596491228070176,26,10,8,30,10,6,5.5,5,5.5,22,16,12,18,14,20,16,9,89,80,29,45,17,35,34,61,37,47,35,56,56,46,3,5,NA,3-5,block1,FALSE
IT_Padova,4m24e24,male,24,18,musician,Italy,Padova University – Department of General Psychology,14n2l24,NA,43,0.7543859649122807,24,9.5,11.5,27,-1,7.5,7.5,6,7,28,20.5,20,20,20,16,20,18,114,96,52,58,46,40,46,113,39,41,38,43,52,58.5,NA,NA,15,10 or more,block1,TRUE
IT_Padova,4n10y22,female,22,16,nonmusician,Italy,Padova University – Department of General Psychology,21m15s23,NA,13,0.22807017543859648,16,5,6.5,19,21,4,3,4,5,16,12,16,17,18,18,14,17,100,83,45,35,7,33,28,58,30,34,35,50,37,16,NA,NA,NA,0,block1,TRUE
IT_Padova,5m29r28,male,28,16,musician,Italy,Padova University – Department of General Psychology,6n30f29,NA,39,0.6842105263157895,16,7.5,7.5,30,3,9.5,7.5,6.5,6.5,30,20.5,19,19,19,17,18,19,111,92,57,62,46,38,49,120,45,40,41,38,54,53.5,NA,NA,20,10 or more,block1,TRUE
IT_Padova,5n3r23,female,23,17,nonmusician,Italy,Padova University – Department of General Psychology,11m21e24,NA,49,0.8596491228070176,21,13.5,9,22,18,6,3.5,5.5,6.5,21.5,15.5,18,20,20,18,20,20,116,96,51,51,24,41,30,84,42,45,29,45,58,29,NA,NA,1,0.5,block1,TRUE
IT_Padova,6m20r27,male,27,19,musician,Italy,Padova University – Department of General Psychology,17n7e26,NA,43,0.7543859649122807,13,8,9.5,23,17,6.5,8,7,7,28.5,22,14,20,20,20,19,20,113,93,53,62,45,42,39,114,48,37,33,40,52,22,NA,NA,14,10 or more,block1,TRUE
IT_Padova,6n30f29,male,29,17,nonmusician,Italy,Padova University – Department of General Psychology,5m29r28,NA,53,0.9298245614035088,22,10,9,27,16,5,4.5,4.5,5,19,14,16,16,16,18,17,16,99,83,46,47,22,34,23,69,44,49,46,22,56,31,NA,NA,1,0.5,block1,TRUE
IT_Padova,7m14e22,female,22,15,musician,Italy,Padova University – Department of General Psychology,12n12d22,NA,47,0.8245614035087719,21,11.5,7.5,38,20,8,7,4.5,8,27.5,19.5,17,20,20,18,18,15,108,93,54,55,41,37,43,110,57,55,46,31,56,43.5,NA,NA,13,10 or more,block1,FALSE
IT_Padova,7n10f23,male,23,17,nonmusician,Italy,Padova University – Department of General Psychology,10m27a23,NA,50,0.8771929824561403,22,10.5,8,22,23,3.5,2.5,4.5,4.5,15,11.5,14,10,16,15,15,12,82,70,47,42,8,28,30,69,29,45,40,26,45,61,NA,NA,NA,0,block1,TRUE
IT_Padova,8m29m22,female,22,17,musician,Italy,Padova University – Department of General Psychology,9n5r22,NA,54,0.9473684210526315,26,12,7,34,17,10,5,5,6,26,16,19,20,20,18,18,16,111,95,50,53,44,38,46,109,30,46,31,41,50,50,NA,NA,12,10 or more,block1,TRUE
IT_Padova,8n9a26,male,26,17,nonmusician,Italy,Padova University – Department of General Psychology,1m4m27,NA,53,0.9298245614035088,25,8.5,7,23,23,3.5,4,4.5,5.5,17.5,14,12,16,16,14,13,14,85,71,36,46,13,35,27,64,32,37,42,40,49,35.5,NA,NA,NA,0,block1,TRUE
IT_Padova,9m23v21,female,21,15,musician,Italy,Padova University – Department of General Psychology,15n4f21,NA,45,0.7894736842105263,14,9,9.5,31,18,7,6,5.5,7,25.5,18.5,20,20,20,17,20,20,117,97,48,61,43,42,49,113,48,44,27,17,51,44.5,NA,NA,11,10 or more,block1,TRUE
IT_Padova,9n5r22,female,22,17,nonmusician,Italy,Padova University – Department of General Psychology,8m29m22,NA,51,0.8947368421052632,21,12.5,6,25,22,6,3,4,5.5,18.5,12.5,15,14,17,14,12,12,84,72,30,36,7,32,20,44,46,42,42,39,49,61,NA,NA,NA,0,block1,TRUE
IT_Padova,19m1g20,female,20,14,musician,Italy,Padova University – Department of General Psychology,17n20s19,NA,36,0.631578947368421,16,8,9,22,20,8,6.5,5.5,6.5,26.5,18.5,19,20,20,20,18,18,115,97,47,52,43,41,33,99,30,50,42,42,49,35.5,NA,NA,11,10 or more,block1,FALSE
IT_Padova,17n20s19,female,19,13,nonmusician,Italy,Padova University – Department of General Psychology,19m1g20,NA,50,0.8771929824561403,27,11,9,21,16,5.5,7,4.5,5.5,22.5,17,20,20,20,18,19,19,116,97,53,44,19,40,30,71,30,43,28,55,55,37,3,3,NA,2,block1,FALSE
IT_Pavia,1m19a30,male,30,21,musician,Italy,Pavia University – Department of Psychology,18n23d30,NA,54,0.9473684210526315,29,14,13,45.5,19,9,3,9,6,27,18,15,20,16,15,17,17,100,83,45,60,44,35,41,104,30,42,34,39,53,24.5,NA,NA,16,10 or more,block12,TRUE
IT_Pavia,2m7v22,female,22,16,musician,Italy,Pavia University – Department of Psychology,2n6l23,NA,40,0.7017543859649122,10,8.5,5.5,21,21,7.5,7,7.5,5,27,19.5,18,16,17,17,18,15,101,86,53,44,43,37,36,98,40,48,50,37,55,29,NA,NA,11,10 or more,block12,TRUE
IT_Pavia,3m4e21,female,21,15,musician,Italy,Pavia University – Department of Psychology,3n24b21,NA,40,0.7017543859649122,14,8.5,3.5,27,8,7.5,7,5,6,25.5,18,18,19,20,16,17,19,109,90,57,55,44,38,35,102,40,49,43,48,54,50,NA,NA,16,10 or more,block12,TRUE
IT_Pavia,4m12s22,female,22,16,musician,Italy,Pavia University – Department of Psychology,1n26r23,NA,50,0.8771929824561403,26,8.5,8.5,30.5,19,6,5.5,6.5,7,25,19,14,16,18,18,18,15,99,84,45,54,43,39,32,93,27,40,44,57,57,54,NA,NA,12,10 or more,block12,TRUE
IT_Pavia,5m27t20,male,20,14,musician,Italy,Pavia University – Department of Psychology,4n29f21,NA,49,0.8596491228070176,15,10.5,8,34.5,18,7,7,5.5,6,25.5,18.5,11,17,16,13,16,10,83,73,37,48,43,38,31,89,50,35,40,42,50,53.5,NA,NA,16,10 or more,block12,TRUE
IT_Pavia,6m6f24,female,24,16,musician,Italy,Pavia University – Department of Psychology,5n13a23,NA,47,0.8245614035087719,11,9,6,26.5,21,6.5,6,5.5,6.5,24.5,18,14,16,16,16,16,10,88,78,44,51,42,35,30,89,37,52,51,34,45,61,NA,NA,18,10 or more,block12,TRUE
IT_Pavia,1n26r23,female,23,16,nonmusician,Italy,Pavia University – Department of Psychology,4m12s22,NA,46,0.8070175438596491,21,7,9,21.5,13,5.5,4,5,6,20.5,15,15,17,19,20,14,15,100,85,45,43,14,33,22,60,38,52,55,32,45,34.5,NA,NA,NA,0,block12,TRUE
IT_Pavia,2n6l23,female,23,17,nonmusician,Italy,Pavia University – Department of Psychology,2m7v22,NA,50,0.8771929824561403,23,9.5,8.5,23.5,10,6.5,4.5,4.5,4,19.5,13,17,20,20,17,18,16,108,92,38,47,11,39,33,64,35,55,53,30,44,37,NA,NA,NA,0,block12,TRUE
IT_Pavia,3n24b21,female,21,14,nonmusician,Italy,Pavia University – Department of Psychology,3m4e21,NA,49,0.8596491228070176,22,9.5,9,22,19,2.5,2.5,5.5,6,16.5,14,20,20,20,20,16,19,115,96,45,54,7,38,34,68,44,48,48,21,50,46,NA,NA,NA,0,block12,TRUE
IT_Pavia,4n29f21,male,21,14,nonmusician,Italy,Pavia University – Department of Psychology,5m27t20,NA,50,0.8771929824561403,25,10,8.5,20.5,23,5,4.5,5,8,22.5,17.5,15,14,20,18,9,18,94,76,32,30,7,32,26,50,33,37,31,32,47,66,NA,NA,NA,0,block12,TRUE
IT_Pavia,5n13a23,female,23,16,nonmusician,Italy,Pavia University – Department of Psychology,6m6f24,NA,46,0.8070175438596491,21,8.5,8.5,19.5,16,3.5,1.5,2,6,13,9.5,12,19,19,20,15,15,100,85,31,51,7,38,34,66,43,41,48,46,52,37,NA,NA,NA,0,block12,TRUE
IT_Pavia,7m1f22,male,22,16,musician,Italy,Pavia University – Department of Psychology,14n9m23,NA,40,0.7017543859649122,23,7,8.5,24,24,7.5,6.5,5.5,6.5,26,18.5,17,19,19,13,14,19,101,82,47,53,39,38,35,101,44,38,37,55,51,61,NA,NA,8,6-9,block12,FALSE
IT_Pavia,8m8m21,male,21,15,musician,Italy,Pavia University – Department of Psychology,7n20d20,NA,48,0.8421052631578947,19,10,11.5,27,24,8,8,6.5,7,29.5,21.5,10,18,19,16,14,19,96,77,34,55,37,35,33,84,16,39,43,57,52,58.5,NA,NA,12,10 or more,block12,TRUE
IT_Pavia,9m18g25,female,25,17,musician,Italy,Pavia University – Department of Psychology,8n10a24,NA,52,0.9122807017543859,26,9,10.5,22,16,7.5,7,8,8,30.5,23,18,20,20,18,19,20,115,95,49,52,45,41,39,106,39,50,50,52,50,61,NA,NA,14,10 or more,block12,TRUE
IT_Pavia,10m16g26,male,26,18,musician,Italy,Pavia University – Department of Psychology,21n6g26,NA,53,0.9298245614035088,17,10,9,31,25,9.5,7,6.5,7.5,30.5,21,15,16,18,11,16,16,92,76,45,59,41,34,39,100,37,49,42,55,55,61.5,NA,NA,20,10 or more,block12,TRUE
IT_Pavia,11m16b22,female,22,16,musician,Italy,Pavia University – Department of Psychology,11n25m21,NA,45,0.7894736842105263,18,6.5,6,19.5,17,7,7,6,8,28,21,16,20,20,17,17,18,108,90,41,49,40,36,37,89,40,34,30,54,44,37,NA,NA,11,10 or more,block12,FALSE
IT_Pavia,6n8g24,female,24,17,nonmusician,Italy,Pavia University – Department of Psychology,12m11n24,NA,47,0.8245614035087719,24,10,6.5,19,15,5,4.5,6.5,7,23,18,17,13,17,17,15,16,95,79,43,44,14,37,13,52,45,46,40,35,59,47,2,5,NA,2,block12,TRUE
IT_Pavia,12m11n24,female,24,17,musician,Italy,Pavia University – Department of Psychology,6n8g24,NA,53,0.9298245614035088,26,10,8,27.5,20,8,6.5,7,6,27.5,19.5,18,20,20,17,18,20,113,93,50,58,42,41,41,104,54,46,59,57,58,38,NA,NA,16,10 or more,block12,TRUE
IT_Pavia,13m1c23,female,23,17,musician,Italy,Pavia University – Department of Psychology,10n7g23,NA,43,0.7543859649122807,13,9.5,5,20.5,4,4,5,3.5,4.5,17,13,16,20,20,18,16,19,109,90,44,41,35,36,27,83,39,46,43,46,45,27.5,NA,NA,10,10 or more,block12,TRUE
IT_Pavia,14m7f22,male,22,16,musician,Italy,Pavia University – Department of Psychology,9n10h23,NA,43,0.7543859649122807,14,7.5,9.5,23.5,22,7,8,8,7,30,23,16,20,16,16,14,17,99,82,39,53,43,37,34,96,37,45,41,49,52,44.5,NA,NA,12,10 or more,block12,FALSE
IT_Pavia,15m17m20,male,20,14,musician,Italy,Pavia University – Department of Psychology,15n15d21,NA,53,0.9298245614035088,26,7,7,33.5,19,7,7,7,7,28,21,20,20,19,15,16,16,106,90,59,62,46,42,43,120,53,34,42,53,60,38.5,NA,NA,11,10 or more,block12,TRUE
IT_Pavia,16m31r22,female,22,16,musician,Italy,Pavia University – Department of Psychology,16n23f23,NA,57,1,25,14,5,47,19,7,7,6.5,7,27.5,20.5,15,20,20,16,16,17,104,87,44,51,38,40,37,90,41,47,35,43,55,63.5,NA,NA,14,10 or more,block12,FALSE
IT_Pavia,17m11m20,male,20,13,musician,Italy,Pavia University – Department of Psychology,20n8l20,NA,47,0.8245614035087719,17,6.5,9.5,19,13,7.5,7.5,7,5,27,19.5,17,17,20,17,19,19,109,90,49,50,39,41,30,96,34,47,34,40,51,41,NA,NA,10,10 or more,block12,TRUE
IT_Pavia,7n20d20,male,20,14,nonmusician,Italy,Pavia University – Department of Psychology,8m8m21,NA,39,0.6842105263157895,19,11,7,12.5,22,2.5,2,4,4,12.5,10,11,14,13,14,13,7,72,65,26,31,9,28,19,45,38,45,39,25,32,40,NA,NA,NA,0,block12,TRUE
IT_Pavia,18m9a23,male,23,17,musician,Italy,Pavia University – Department of Psychology,19n4f23,NA,44,0.7719298245614035,19,10.5,9,35.5,11,8.5,7.5,8,6.5,30.5,22,16,19,17,12,15,17,96,79,49,54,42,39,43,109,42,44,33,45,58,21,NA,NA,16,10 or more,block12,TRUE
IT_Pavia,19m25n28,male,28,15,musician,Italy,Pavia University – Department of Psychology,13n14a29,NA,49,0.8596491228070176,15,14,9.5,25,24,6.5,7.5,4.5,6.5,25,18.5,20,20,20,20,20,20,120,100,50,56,41,42,43,111,50,53,34,36,54,61,NA,NA,8,3-5,block12,FALSE
IT_Pavia,8n10a24,female,24,17,nonmusician,Italy,Pavia University – Department of Psychology,9m18g25,NA,49,0.8596491228070176,21,9.5,9.5,28.5,26,7,4,3,5,19,12,12,15,16,19,15,16,93,77,23,45,7,31,33,54,35,52,42,52,43,37,NA,NA,NA,0,block12,TRUE
IT_Pavia,9n10h23,male,23,17,nonmusician,Italy,Pavia University – Department of Psychology,14m7f22,NA,53,0.9298245614035088,19,12.5,5,23,15,6,4.5,7,7.5,25,19,15,18,20,20,16,17,106,89,48,56,20,41,41,84,34,34,30,36,59,34,2,5,NA,3-5,block12,FALSE
IT_Pavia,10n7g23,female,23,17,nonmusician,Italy,Pavia University – Department of Psychology,13m1c23,NA,55,0.9649122807017544,23,11,9,16.5,28,5,4,3.5,2.5,15,10,17,20,20,20,19,18,114,96,48,41,13,39,27,70,53,44,45,39,55,66,NA,NA,NA,0,block12,TRUE
IT_Pavia,11n25m21,female,21,15,nonmusician,Italy,Pavia University – Department of Psychology,11m16b22,NA,54,0.9473684210526315,26,11,10,21.5,21,3.5,5.5,4,5.5,18.5,15,18,20,20,20,14,20,112,92,45,53,28,40,39,86,25,39,24,60,54,55.5,3,5,NA,3-5,block12,FALSE
IT_Pavia,12n31r21,female,21,14,nonmusician,Italy,Pavia University – Department of Psychology,20m9g22,NA,44,0.7719298245614035,22,12,7.5,26.5,13,6,6,4.5,3.5,20,14,11,19,17,18,16,14,95,81,24,33,7,32,16,41,30,53,43,25,45,21,NA,NA,NA,0,block12,TRUE
IT_Pavia,13n14a29,male,29,16,nonmusician,Italy,Pavia University – Department of Psychology,19m25n28,NA,53,0.9298245614035088,21,8.5,8,17,24,4.5,4.5,6.5,4.5,20,15.5,9,15,16,9,10,15,74,59,25,38,11,30,10,31,43,33,34,45,44,21,1,5,NA,1,block12,FALSE
IT_Pavia,14n9m23,male,23,15,nonmusician,Italy,Pavia University – Department of Psychology,7m1f22,NA,47,0.8245614035087719,29,6,8.5,24,21,5,3,3,5.5,16.5,11.5,8,8,13,14,10,6,59,53,21,34,7,27,20,42,39,38,37,28,50,56,1,5,NA,0,block12,FALSE
IT_Pavia,15n15d21,male,21,15,nonmusician,Italy,Pavia University – Department of Psychology,15m17m20,NA,52,0.9122807017543859,19,9.5,8.5,22.5,17,9,3.5,5.5,7,25,16,15,16,18,9,12,9,79,70,39,42,7,37,16,43,37,47,50,36,49,37,NA,NA,NA,0,block12,TRUE
IT_Pavia,16n23f23,female,23,17,nonmusician,Italy,Pavia University – Department of Psychology,16m31r22,NA,50,0.8771929824561403,15,11,9.5,18,17,4.5,2,1.5,5,13,8.5,7,17,15,13,14,8,74,66,19,49,18,35,24,56,34,46,48,46,40,8,NA,NA,NA,3-5,block12,FALSE
IT_Pavia,17n5d20,female,20,14,nonmusician,Italy,Pavia University – Department of Psychology,21m23e19,NA,48,0.8421052631578947,15,10,7.5,15.5,9,2.5,3.5,5.5,4,15.5,13,15,18,20,19,13,14,99,85,36,36,17,33,23,56,46,41,43,57,30,39.5,NA,NA,NA,2,block12,TRUE
IT_Pavia,20m9g22,female,22,16,musician,Italy,Pavia University – Department of Psychology,12n31r21,NA,53,0.9298245614035088,23,8.5,9.5,31,22,8,6.5,5,6.5,26,18,14,17,16,19,18,14,98,84,43,53,43,39,38,102,35,52,45,42,54,50.5,NA,NA,11,10 or more,block12,TRUE
IT_Pavia,21m23e19,female,19,13,musician,Italy,Pavia University – Department of Psychology,17n5d20,NA,52,0.9122807017543859,18,7.5,6.5,31,20,6,7,6,5.5,24.5,18.5,20,19,17,19,20,18,113,95,48,57,41,36,31,93,52,43,41,42,54,56.5,NA,NA,11,10 or more,block12,TRUE
IT_Pavia,18n23d30,male,30,21,nonmusician,Italy,Pavia University – Department of Psychology,1m19a30,NA,56,0.9824561403508771,25,11,7,14,22,5.5,1.5,5.5,4,16.5,11,14,19,18,10,12,9,82,73,32,41,7,32,15,46,30,27,49,36,40,33,NA,NA,NA,0,block12,TRUE
IT_Pavia,19n4f23,male,23,16,nonmusician,Italy,Pavia University – Department of Psychology,18m9a23,NA,51,0.8947368421052632,14,14,11,20,20,6,4,5.5,5,20.5,14.5,17,20,20,20,20,20,117,97,50,49,7,35,40,77,47,58,52,37,55,31,NA,NA,NA,0,block12,TRUE
IT_Pavia,20n8l20,male,20,14,nonmusician,Italy,Pavia University – Department of Psychology,17m11m20,NA,47,0.8245614035087719,26,8,7.5,22,29,7,4.5,5.5,6.5,23.5,16.5,14,16,14,11,15,11,81,70,41,42,17,35,21,62,35,43,24,58,50,29,1,5,NA,1,block12,TRUE
IT_Pavia,21n6g26,male,26,19,nonmusician,Italy,Pavia University – Department of Psychology,10m16g26,NA,53,0.9298245614035088,20,12.5,9.5,23,12,6,7,6.5,5.5,25,19,17,14,13,16,14,12,86,74,33,52,17,33,20,63,42,39,55,33,36,37,2,5,NA,0,block12,TRUE
NL_Groningen,1m01m26,male,26,20,musician,Netherlands,Groningen University - Department of Otorhinolaryngology,22n11t25,NA,43,0.7543859649122807,20,9.5,11.5,37,-11,8.5,5.5,8.5,6.5,29,20.5,18,19,18,11,13,20,99,79,42,60,47,42,33,99,30,47,48,26,49,61,NA,NA,16,10 or more,block12,TRUE
NL_Groningen,2m19s24,male,24,20,musician,Netherlands,Groningen University - Department of Otorhinolaryngology,6n29k24,NA,37,0.6491228070175439,26,5.5,8,19,27,5.5,6.5,7,4,23,17.5,20,16,20,20,18,20,114,94,60,62,44,42,39,113,54,42,47,20,60,53,NA,NA,11,10 or more,block12,TRUE
NL_Groningen,4m06m24,male,24,16,musician,Netherlands,Groningen University - Department of Otorhinolaryngology,2n12c23,NA,29,0.5087719298245614,15,13.5,27.5,17.5,19,6.5,7,5,7,25.5,19,20,20,19,20,20,20,119,99,57,53,38,41,40,108,41,44,45,31,54,32,NA,NA,8,6-9,block12,FALSE
NL_Groningen,5m05l22,female,22,18,musician,Netherlands,Groningen University - Department of Otorhinolaryngology,15n20m23,NA,24,0.42105263157894735,21,11,10.5,20.5,-20,7,6.5,5.5,5.5,24.5,17.5,14,19,18,20,19,20,110,90,37,52,43,37,41,101,41,46,52,27,46,38,NA,NA,11,10 or more,block12,TRUE
NL_Groningen,6m05a21,female,21,18,musician,Netherlands,Groningen University - Department of Otorhinolaryngology,21n3e22,NA,26,0.45614035087719296,21,9.5,7,25,18,8.5,6,7,5.5,27,18.5,20,20,20,20,20,20,120,100,57,63,45,42,49,116,56,55,49,21,57,56.5,NA,NA,16,10 or more,block12,TRUE
NL_Groningen,8m06c27,male,27,20,musician,Netherlands,Groningen University - Department of Otorhinolaryngology,1n2r27,NA,49,0.8596491228070176,16,10.5,10,28,17,7.5,6.5,5.5,6,25.5,18,9,18,16,10,17,15,85,70,33,53,39,31,36,94,28,50,29,44,56,61,NA,NA,11,10 or more,block12,TRUE
NL_Groningen,9m23l26,female,26,21,musician,Netherlands,Groningen University - Department of Otorhinolaryngology,16n30y25,NA,42,0.7368421052631579,20,9.5,11,29,7,8.5,6.5,4.5,7,26.5,18,17,16,16,16,18,18,101,83,43,53,42,35,39,97,34,48,45,26,48,60.5,NA,NA,18,10 or more,block12,TRUE
NL_Groningen,10m19l20,female,20,16,musician,Netherlands,Groningen University - Department of Otorhinolaryngology,10n28s21,NA,40,0.7017543859649122,28,12,10,33,29,8,6,7,6.5,27.5,19.5,18,16,20,18,18,17,107,90,53,50,39,37,34,98,44,52,51,29,43,66,NA,NA,13,10 or more,block12,TRUE
NL_Groningen,11m02j25,male,25,21,musician,Netherlands,Groningen University - Department of Otorhinolaryngology,19n9m24,NA,38,0.6666666666666666,26,6.5,9,25.5,6,8.5,7,8,7,30.5,22,20,19,19,18,19,18,113,95,58,57,45,40,41,113,45,49,45,31,50,37.5,NA,NA,3,10 or more,block12,FALSE
NL_Groningen,12m5j22,male,22,18,musician,Netherlands,Groningen University - Department of Otorhinolaryngology,3n18l22,NA,36,0.631578947368421,19,8.5,7,27,13,6.5,6,6.5,6,25,18.5,17,11,20,17,16,15,96,81,39,57,43,35,30,89,38,45,49,41,59,33,NA,NA,10,10 or more,block12,TRUE
NL_Groningen,13m01b20,male,20,14,musician,Netherlands,Groningen University - Department of Otorhinolaryngology,9n13m20,NA,39,0.6842105263157895,23,10,10,35.5,24,7.5,4.5,8,8,28,20.5,19,19,20,20,18,19,115,96,58,55,31,42,36,98,56,50,46,22,55,66,NA,NA,10,10 or more,block12,TRUE
NL_Groningen,14m18s23,female,23,19,musician,Netherlands,Groningen University - Department of Otorhinolaryngology,14n28f23,NA,42,0.7368421052631579,14,6,8.5,21,24,8,6,6,4,24,16,16,20,20,20,16,19,111,92,47,61,41,36,48,108,43,50,40,42,54,35,NA,NA,8,6-9,block12,FALSE
NL_Groningen,15m10s25,male,25,20,musician,Netherlands,Groningen University - Department of Otorhinolaryngology,23n26k25,NA,44,0.7719298245614035,26,8.5,8,23,12,7,8,6.5,6,27.5,20.5,20,18,17,11,20,18,104,86,49,59,45,36,44,111,46,47,49,30,52,44.5,NA,NA,17,10 or more,block12,TRUE
NL_Groningen,16m24a19,female,19,14,musician,Netherlands,Groningen University - Department of Otorhinolaryngology,4n25j19,NA,27,0.47368421052631576,17,10,7,21.5,6,5,4.5,4,2.5,16,11,17,20,20,18,19,19,113,94,36,57,32,39,42,98,46,58,55,25,54,53.5,NA,NA,11,10 or more,block12,TRUE
NL_Groningen,17m23d21,female,21,17,musician,Netherlands,Groningen University - Department of Otorhinolaryngology,17n18s20,NA,19,0.3333333333333333,19,8,9.5,16,-16,7,6,5.5,6.5,25,18,16,16,20,17,16,15,100,85,39,47,42,39,36,94,48,48,33,46,51,63,NA,NA,17,10 or more,block12,TRUE
NL_Groningen,19m20s26,male,26,20,musician,Netherlands,Groningen University - Department of Otorhinolaryngology,8n08t25,NA,49,0.8596491228070176,27,14,9.5,38,27,8,7.5,8.5,8,32,24,16,18,16,17,19,18,104,86,42,54,38,36,39,96,44,47,34,28,51,45.5,NA,NA,6,3-5,block12,FALSE
NL_Groningen,20m02a23,male,23,18,musician,Netherlands,Groningen University - Department of Otorhinolaryngology,18n27j22,NA,39,0.6842105263157895,15,11.5,9,36.5,9,8,8,8,7,31,23,19,17,20,20,19,20,115,95,56,62,44,41,36,107,37,46,42,31,58,45.5,NA,NA,12,10 or more,block12,TRUE
NL_Groningen,21m17c23,female,23,18,musician,Netherlands,Groningen University - Department of Otorhinolaryngology,11n13c23,NA,25,0.43859649122807015,25,11,8.5,31.5,25,7.5,8,8,7.5,31,23.5,17,17,16,17,18,13,98,85,49,55,44,37,37,103,43,50,45,37,52,37.5,NA,NA,15,10 or more,block12,TRUE
NL_Groningen,22m2m24,female,24,17,musician,Netherlands,Groningen University - Department of Otorhinolaryngology,13n18d26,NA,28,0.49122807017543857,16,9,9,27,27,8,7,8,6.5,29.5,21.5,15,15,18,18,15,15,96,81,49,46,37,38,39,99,47,49,40,45,56,38,NA,NA,8,10 or more,block12,FALSE
NL_Groningen,23m5a22,female,22,17,musician,Netherlands,Groningen University - Department of Otorhinolaryngology,24n3t22,NA,24,0.42105263157894735,10,8,8.5,26,-11,6,6,5,5.5,22.5,16.5,14,15,16,16,16,16,93,77,44,51,38,32,39,95,49,47,49,32,47,35,NA,NA,12,10 or more,block12,TRUE
NL_Groningen,24m17n21,female,21,17,musician,Netherlands,Groningen University - Department of Otorhinolaryngology,25n14m22,NA,15,0.2631578947368421,17,10,7.5,22.5,19,7,6,7,6.5,26.5,19.5,17,17,19,18,13,16,100,84,50,54,39,36,42,102,43,54,36,38,53,43,NA,NA,15,10 or more,block12,TRUE
NL_Groningen,1n2r27,male,27,21,nonmusician,Netherlands,Groningen University - Department of Otorhinolaryngology,8m06c27,NA,27,0.47368421052631576,11,9.5,8.5,16,20,3,6,4.5,5.5,19,16,15,20,20,17,12,16,100,84,39,42,8,37,29,58,48,58,50,15,58,8,NA,NA,NA,0,block12,TRUE
NL_Groningen,2n12c23,male,23,17,nonmusician,Netherlands,Groningen University - Department of Otorhinolaryngology,4m06m24,NA,28,0.49122807017543857,13,7.5,8.5,21.5,-14,5,3,4.5,4.5,17,12,17,16,16,15,16,13,93,80,44,47,18,36,25,67,38,44,42,30,52,53,2,5,NA,2,block12,FALSE
NL_Groningen,3n18l22,male,22,17,nonmusician,Netherlands,Groningen University - Department of Otorhinolaryngology,12m5j22,NA,28,0.49122807017543857,8,8,7,20,-4,5,4,4.5,5,18.5,13.5,11,17,19,17,13,13,90,77,32,23,7,30,17,40,38,47,32,26,37,44,1,5,NA,0,block12,TRUE
NL_Groningen,4n25j19,female,19,15,nonmusician,Netherlands,Groningen University - Department of Otorhinolaryngology,16m24a19,NA,49,0.8596491228070176,23,8.5,9.5,19,22,4.5,3.5,3,3,14,9.5,10,11,12,7,12,4,56,52,20,36,11,21,12,31,38,42,43,27,44,26,1,5,NA,0.5,block12,TRUE
NL_Groningen,6n29k24,male,24,20,nonmusician,Netherlands,Groningen University - Department of Otorhinolaryngology,2m19s24,NA,17,0.2982456140350877,21,7.5,9.5,20,9,4,5.5,4.5,7,21,17,17,14,17,20,17,18,103,85,40,50,9,28,35,68,46,52,44,27,54,13,NA,NA,NA,0,block12,TRUE
NL_Groningen,8n08t25,male,25,19,nonmusician,Netherlands,Groningen University - Department of Otorhinolaryngology,19m20s26,NA,41,0.7192982456140351,24,8,7,15.5,23,7,5,2.5,7,21.5,14.5,14,20,11,20,17,17,99,82,24,58,13,39,28,62,47,53,48,30,44,53.5,2,5,NA,2,block12,FALSE
NL_Groningen,9n13m20,male,20,15,nonmusician,Netherlands,Groningen University - Department of Otorhinolaryngology,13m01b20,NA,29,0.5087719298245614,24,9.5,9,21,6,3,4,4,4.5,15.5,12.5,10,12,18,10,13,18,81,63,23,46,7,33,23,45,40,40,52,31,40,20.5,NA,NA,NA,0,block12,TRUE
NL_Groningen,10n28s21,female,21,15,nonmusician,Netherlands,Groningen University - Department of Otorhinolaryngology,10m19l20,NA,22,0.38596491228070173,15,9.5,8.5,30,27,6,5,5,6,22,16,14,16,16,20,15,17,98,81,36,43,15,33,27,61,49,49,30,21,46,38.5,2,5,NA,2,block12,TRUE
NL_Groningen,11n13c23,female,23,19,nonmusician,Netherlands,Groningen University - Department of Otorhinolaryngology,21m17c23,NA,31,0.543859649122807,21,12,7.5,23.5,17,3.5,5,7,5,20.5,17,15,20,20,16,20,19,110,91,32,54,14,30,35,77,43,47,38,39,49,38,1,5,NA,1,block12,TRUE
NL_Groningen,13n18d26,female,26,18,nonmusician,Netherlands,Groningen University - Department of Otorhinolaryngology,22m2m24,NA,22,0.38596491228070173,25,8,10.5,21,12,5,3.5,5,7,20.5,15.5,7,14,14,11,10,8,64,56,18,34,7,22,12,31,34,48,54,37,36,18.5,NA,NA,NA,0,block12,FALSE
NL_Groningen,14n28f23,female,23,19,nonmusician,Netherlands,Groningen University - Department of Otorhinolaryngology,14m18s23,NA,20,0.3508771929824561,25,7.5,8,17.5,-12,3,1.5,5,4,13.5,10.5,9,15,15,14,11,8,72,64,19,24,15,27,9,29,39,53,51,29,40,50,NA,NA,NA,0,block12,FALSE
NL_Groningen,15n20m23,female,23,19,nonmusician,Netherlands,Groningen University - Department of Otorhinolaryngology,5m05l22,NA,15,0.2631578947368421,13,8.5,11,12,26,4.5,3.5,4,3.5,15.5,11,15,14,17,19,14,13,92,79,35,44,7,31,32,62,43,51,41,33,42,56,NA,NA,NA,0,block12,TRUE
NL_Groningen,16n30y25,female,25,21,nonmusician,Netherlands,Groningen University - Department of Otorhinolaryngology,9m23l26,NA,43,0.7543859649122807,23,10.5,10.5,21.5,23,5.5,4.5,4.5,6,20.5,15,7,13,13,16,11,9,69,60,23,40,8,26,34,54,46,37,25,46,49,29,NA,NA,NA,0,block12,TRUE
NL_Groningen,17n18s20,female,20,16,nonmusician,Netherlands,Groningen University - Department of Otorhinolaryngology,17m23d21,NA,32,0.5614035087719298,32,10.5,8.5,24.5,22,4.5,3.5,3.5,4,15.5,11,10,15,18,15,12,11,81,70,20,35,16,27,24,46,30,42,40,38,43,59.5,1,5,NA,1,block12,TRUE
NL_Groningen,18n27j22,male,22,18,nonmusician,Netherlands,Groningen University - Department of Otorhinolaryngology,20m02a23,NA,23,0.40350877192982454,22,9.5,9.5,27,-19,5.5,3.5,3,3.5,15.5,10,9,11,13,15,12,14,74,60,19,38,22,25,30,66,51,51,50,26,38,27,1,5,NA,0.5,block12,TRUE
NL_Groningen,19n9m24,male,24,20,nonmusician,Netherlands,Groningen University - Department of Otorhinolaryngology,11m02j25,NA,29,0.5087719298245614,29,10.5,9.5,28.5,28,6,4,7,7,24,18,10,7,13,12,6,4,52,48,25,17,12,19,20,44,52,54,44,15,39,55,1,5,NA,0.5,block12,FALSE
NL_Groningen,21n3e22,female,22,18,nonmusician,Netherlands,Groningen University - Department of Otorhinolaryngology,6m05a21,NA,30,0.5263157894736842,25,7.5,10,24,20,2.5,5.5,3.5,5.5,17,14.5,15,13,17,7,13,14,79,65,25,29,14,18,15,34,39,48,47,27,37,58,NA,NA,NA,0,block12,TRUE
NL_Groningen,22n11t25,male,25,20,nonmusician,Netherlands,Groningen University - Department of Otorhinolaryngology,1m01m26,NA,36,0.631578947368421,26,13,11,20.5,20,3.5,4,5,6,18.5,15,6,7,10,8,10,4,45,41,18,33,7,13,12,31,43,45,37,13,35,62,NA,NA,NA,0,block12,TRUE
NL_Groningen,23n26k25,male,25,21,nonmusician,Netherlands,Groningen University - Department of Otorhinolaryngology,15m10s25,NA,25,0.43859649122807015,24,8,10,19.5,13,4,5,5,5,19,15,15,14,16,15,14,13,87,74,39,47,21,34,23,66,34,28,21,38,49,27.5,NA,NA,1,1,block12,TRUE
NL_Groningen,24n3t22,female,22,17,nonmusician,Netherlands,Groningen University - Department of Otorhinolaryngology,23m5a22,NA,24,0.42105263157894735,17,9,8.5,12.5,20,3,5,4.5,6,18.5,15.5,11,12,16,12,7,10,68,58,19,30,10,25,16,36,47,43,27,38,32,56.5,NA,NA,NA,0,block12,TRUE
NL_Groningen,25n14m22,female,22,17,nonmusician,Netherlands,Groningen University - Department of Otorhinolaryngology,24m17n21,NA,17,0.2982456140350877,20,10.5,9.5,21.5,-10,4,2,3.5,5,14.5,10.5,8,6,9,12,5,5,45,40,16,24,7,10,20,41,47,48,50,43,41,53,NA,NA,NA,0,block12,TRUE
NL_Groningen,20n2l23,male,23,19,nonmusician,Netherlands,Groningen University - Department of Otorhinolaryngology,NA,NA,31,0.543859649122807,23,15.5,9.5,31,27,10,7,8,8,33,23,15,17,16,16,17,18,99,81,33,55,24,37,41,91,37,47,36,34,39,35,NA,NA,1,0.5,block12,TRUE
NL_Groningen,5n3g20,female,20,15,nonmusician,Netherlands,Groningen University - Department of Otorhinolaryngology,NA,NA,20,0.3508771929824561,19,9,8.5,17.5,-8,7,5.5,7,7.5,27,20,13,18,20,20,12,19,102,83,38,37,11,37,31,66,49,50,52,33,53,48.5,NA,NA,NA,0,block12,TRUE
NL_Groningen,7n27d24,male,24,18,nonmusician,Netherlands,Groningen University - Department of Otorhinolaryngology,NA,NA,38,0.6666666666666666,28,7,9,16,25,5.5,5,7,6,23.5,18,16,9,11,10,8,7,61,54,27,42,14,28,11,46,43,39,31,23,57,8,NA,NA,NA,0,block12,TRUE
NL_Groningen,10n12k18,female,18,15,nonmusician,Netherlands,Groningen University - Department of Otorhinolaryngology,NA,NA,20,0.3508771929824561,24,9,9,15,21,3,2.5,3.5,3.5,12.5,9.5,17,15,18,16,15,13,94,81,43,43,26,32,34,76,38,46,43,40,48,53,4,5,NA,3-5,block12,FALSE
NL_Groningen,12n31a20,male,20,14,nonmusician,Netherlands,Groningen University - Department of Otorhinolaryngology,NA,NA,33,0.5789473684210527,24,9,7.5,21.5,-2,7,5.5,7.5,5,25,18,10,12,17,11,9,6,65,59,22,44,7,17,12,37,37,44,48,28,42,40.5,NA,NA,NA,0,block12,TRUE
NL_Groningen,18m13m22,female,22,18,musician,Netherlands,Groningen University - Department of Otorhinolaryngology,NA,NA,25,0.43859649122807015,9,5.5,7.5,21.5,-2,5.5,5.5,3.5,7,21.5,16,14,17,19,19,19,20,108,88,42,61,39,40,37,100,49,39,49,48,53,63,NA,NA,16,10 or more,block12,TRUE
NL_Groningen,7m02s18,female,18,12,musician,Netherlands,Groningen University - Department of Otorhinolaryngology,NA,NA,34,0.5964912280701754,21,10.5,11,26.5,-7,7,6,6,5.5,24.5,17.5,19,14,16,18,17,18,102,84,52,52,43,37,37,105,39,34,42,42,50,32.5,NA,NA,11,10 or more,block12,TRUE
NL_Groningen,3m06m25,male,25,21,musician,Netherlands,Groningen University - Department of Otorhinolaryngology,NA,NA,45,0.7894736842105263,14,8.5,10.5,24,17,5,6,5,6,22,17,14,12,15,18,19,13,91,78,36,56,41,38,36,93,48,36,40,32,56,66,NA,NA,9,10 or more,block12,FALSE
NL_Leiden,2m2k21,female,21,17,musician,Netherlands,Leiden University,1n6l22,NA,41,0.7192982456140351,23,13,11,31,22,8.5,5,8,5.5,27,18.5,16,15,16,16,15,16,94,78,40,51,37,34,21,77,42,53,47,31,52,58,NA,NA,12,10 or more,block12,TRUE
NL_Leiden,3m11f20,female,20,17,musician,Netherlands,Leiden University,6n6a21,NA,51,0.8947368421052632,22,10,6.5,27,26,9,7,5.5,7.5,29,20,17,20,17,19,20,16,109,93,47,55,42,38,42,106,45,47,42,42,55,58,NA,NA,15,10 or more,block12,TRUE
NL_Leiden,5m10h19,female,19,16,musician,Netherlands,Leiden University,11n3j18,NA,28,0.49122807017543857,28,12.5,10.5,33.5,26,6.5,6.5,8.5,6.5,28,21.5,13,19,18,13,17,16,96,80,37,43,30,37,28,80,29,50,46,43,46,33,NA,NA,13,10 or more,block12,TRUE
NL_Leiden,6m22f20,female,20,16,musician,Netherlands,Leiden University,8n8r20,NA,46,0.8070175438596491,23,10,8,30.5,23,7.5,7,6.5,7,28,20.5,14,17,17,20,17,11,96,85,39,53,38,34,41,102,49,59,51,24,46,63.5,NA,NA,13,10 or more,block12,TRUE
NL_Leiden,7m14j20,female,20,14,musician,Netherlands,Leiden University,7n24f19,NA,51,0.8947368421052632,25,10,9.5,26.5,23,7.5,7.5,7,3.5,25.5,18,12,17,20,18,18,14,99,85,33,45,32,31,32,78,40,55,45,25,49,41.5,NA,NA,14,10 or more,block12,TRUE
NL_Leiden,8m6e19,female,19,15,musician,Netherlands,Leiden University,3n10i18,NA,41,0.7192982456140351,27,11.5,7.5,26,28,5.5,8,7,7,27.5,22,14,19,20,18,18,19,108,89,35,48,37,34,27,76,49,54,45,32,49,58.5,NA,NA,11,10 or more,block12,TRUE
NL_Leiden,9m4p22,male,22,18,musician,Netherlands,Leiden University,5n26j23,NA,45,0.7894736842105263,22,11.5,10,26.5,23,7,5,7,6.5,25.5,18.5,14,15,16,16,19,9,89,80,37,48,37,32,36,84,30,53,55,22,47,66,NA,NA,13,10 or more,block12,TRUE
NL_Leiden,10m23o25,female,25,17,musician,Netherlands,Leiden University,2n22j24,NA,41,0.7192982456140351,29,11.5,12,31,27,8.5,7.5,8,6,30,21.5,13,18,17,18,17,18,101,83,35,61,42,40,45,103,30,41,27,47,48,56,NA,NA,11,10 or more,block12,FALSE
NL_Leiden,12m27l19,female,19,15,musician,Netherlands,Leiden University,10n19f20,NA,51,0.8947368421052632,33,8.5,9,15.5,16,3,3.5,5,4.5,16,13,14,16,19,20,13,16,98,82,26,21,31,39,10,51,41,50,37,28,46,58,NA,NA,11,10 or more,block12,TRUE
NL_Leiden,13m29a19,female,19,15,musician,Netherlands,Leiden University,9n1d18,NA,46,0.8070175438596491,26,9.5,8.5,28,26,8,7,5.5,6,26.5,18.5,16,18,16,15,18,12,95,83,43,47,35,37,30,89,45,49,37,34,48,62,NA,NA,14,10 or more,block12,TRUE
NL_Leiden,14m22a22,female,22,19,musician,Netherlands,Leiden University,12n25e22,NA,52,0.9122807017543859,30,12,8.5,42,24,8,6.5,6.5,5.5,26.5,18.5,12,20,17,17,17,10,93,83,38,55,38,31,40,102,24,55,43,33,51,52,NA,NA,14,10 or more,block12,FALSE
NL_Leiden,15m8m20,female,20,16,musician,Netherlands,Leiden University,4n21m20,NA,51,0.8947368421052632,28,13,8.5,36.5,28,6,7.5,8,7,28.5,22.5,13,20,17,15,18,18,101,83,43,59,40,40,37,100,49,53,38,17,51,61,NA,NA,11,10 or more,block12,TRUE
NL_Leiden,1n6l22,female,22,18,nonmusician,Netherlands,Leiden University,2m2k21,NA,26,0.45614035087719296,27,8,9,23.5,16,2.5,4,5,5.5,17,14.5,14,14,16,17,15,14,90,76,30,45,13,27,24,54,40,45,46,38,34,61,NA,NA,NA,0.5,block12,TRUE
NL_Leiden,2n22j24,female,24,18,nonmusician,Netherlands,Leiden University,10m23o25,NA,46,0.8070175438596491,18,7.5,9,23,18,4,6,6.5,6,22.5,18.5,12,19,19,17,18,17,102,85,28,39,11,32,19,52,36,51,37,48,59,53,3,5,NA,3-5,block12,FALSE
NL_Leiden,3n10i18,female,18,14,nonmusician,Netherlands,Leiden University,8m6e19,NA,27,0.47368421052631576,25,8,10,27,5,7.5,5.5,5.5,4.5,23,15.5,17,18,20,18,17,17,107,90,42,47,12,37,28,72,31,54,39,49,60,49,NA,NA,NA,1,block12,TRUE
NL_Leiden,4n21m20,female,20,16,nonmusician,Netherlands,Leiden University,15m8m20,NA,40,0.7017543859649122,18,7.5,9.5,16,-8,3.5,2,3,5,13.5,10,12,13,18,19,14,8,84,76,24,37,7,33,13,43,37,51,46,43,36,30,NA,NA,NA,0,block12,TRUE
NL_Leiden,5n26j23,male,23,17,nonmusician,Netherlands,Leiden University,9m4p22,NA,31,0.543859649122807,15,6,7.5,17,-8,4,6,6,5.5,21.5,17.5,17,19,16,17,15,18,102,84,41,54,12,35,34,75,49,52,45,31,50,66,NA,NA,NA,1,block12,TRUE
NL_Leiden,6n6a21,female,21,17,nonmusician,Netherlands,Leiden University,3m11f20,NA,30,0.5263157894736842,13,8,7,26,13,5,3.5,3.5,4,16,11,5,16,5,17,9,4,56,52,14,38,7,28,35,55,50,46,46,24,29,51.5,NA,NA,NA,0,block12,TRUE
NL_Leiden,7n24f19,female,19,14,nonmusician,Netherlands,Leiden University,7m14j20,NA,44,0.7719298245614035,15,9,9,23,0,5,6,5.5,6,22.5,17.5,15,18,18,17,14,8,90,82,28,39,7,28,24,43,48,48,35,31,55,66,NA,NA,NA,0,block12,TRUE
NL_Leiden,8n8r20,female,20,15,nonmusician,Netherlands,Leiden University,6m22f20,NA,40,0.7017543859649122,17,10,9,22.5,20,4.5,2,3,4,13.5,9,13,13,16,16,14,10,82,72,29,38,22,28,27,62,47,50,50,28,44,53.5,2,5,NA,2,block12,TRUE
NL_Leiden,9n1d18,female,18,14,nonmusician,Netherlands,Leiden University,13m29a19,NA,28,0.49122807017543857,21,11,8.5,17.5,11,4.5,5,4.5,5,19,14.5,10,16,19,18,15,11,89,78,23,39,13,32,29,54,38,48,55,39,46,37.5,NA,NA,NA,2,block12,TRUE
NL_Leiden,10n19f20,female,20,16,nonmusician,Netherlands,Leiden University,12m27l19,NA,42,0.7368421052631579,28,10,12,26,8,7.5,5.5,7,7,27,19.5,13,14,18,19,10,7,81,74,21,54,11,14,33,53,34,57,49,42,38,63.5,NA,NA,NA,0,block12,TRUE
NL_Leiden,11n3j18,female,18,15,nonmusician,Netherlands,Leiden University,5m10h19,NA,31,0.543859649122807,20,8,6.5,18.5,22,4,4.5,6,4.5,19,15,11,15,14,20,15,8,83,75,19,49,17,34,26,56,47,50,37,29,38,63.5,2,5,NA,2,block12,TRUE
NL_Leiden,12n25e22,female,22,18,nonmusician,Netherlands,Leiden University,14m22a22,NA,39,0.6842105263157895,14,9,8.5,21.5,-1,7.5,6.5,6,7.5,27.5,20,17,18,20,18,16,17,106,89,48,49,25,37,35,88,41,50,41,46,35,63.5,1,1,NA,0.5,block12,FALSE
NL_Leiden,1m31p21,male,21,17,musician,Netherlands,Leiden University,NA,NA,46,0.8070175438596491,16,11,11,28.5,-1,9.5,6,8,6,29.5,20,14,20,18,18,16,16,102,86,40,58,41,40,47,111,37,48,55,46,58,64.5,NA,NA,14,10 or more,block12,TRUE
NL_Leiden,4m1s25,female,25,16,musician,Netherlands,Leiden University,NA,NA,24,0.42105263157894735,27,10,9,19.5,21,6,6,6,5.5,23.5,17.5,14,17,15,19,18,14,97,83,35,40,29,35,27,73,49,57,51,33,48,66,NA,NA,15,10 or more,block12,TRUE
NL_Leiden,11m17e19,female,19,11,musician,Netherlands,Leiden University,NA,NA,47,0.8245614035087719,19,9.5,8,28,-2,9,7,7.5,5,28.5,19.5,18,16,16,17,15,16,98,82,55,55,43,38,43,109,41,49,44,39,48,51.5,NA,NA,14,10 or more,block12,TRUE
NL_Maastricht,1m4M20,female,20,16,musician,Netherlands,Maastricht University - Department of Neuropsychology and Psychopharmacology,1n10B21,NA,29,0.5087719298245614,29,7.5,8.5,17.5,20,3,5.5,7.5,7,23,20,17,14,17,16,13,13,90,77,42,46,33,30,24,73,38,46,42,32,43,46,NA,NA,10,10 or more,block12,TRUE
NL_Maastricht,1n10B21,female,21,16,nonmusician,Netherlands,Maastricht University - Department of Neuropsychology and Psychopharmacology,1m4M20,NA,45,0.7894736842105263,34,8,8.5,18.5,23,6,3.5,4.5,5,19,13,17,17,16,17,16,15,98,83,42,47,13,32,39,79,42,46,41,35,43,51.5,NA,NA,NA,0,block12,TRUE
NL_Maastricht,2m5P20,female,20,15,musician,Netherlands,Maastricht University - Department of Neuropsychology and Psychopharmacology,2n13J20,NA,48,0.8421052631578947,20,6.5,8,21.5,12,5,5.5,5.5,5.5,21.5,16.5,15,18,19,17,18,17,104,87,47,57,39,39,43,106,44,46,39,27,57,8,NA,NA,10,10 or more,block12,TRUE
NL_Maastricht,2n13J20,female,20,15,nonmusician,Netherlands,Maastricht University - Department of Neuropsychology and Psychopharmacology,2m5P20,NA,23,0.40350877192982454,18,11.5,7,18,2,3,3,4.5,3,13.5,10.5,12,16,16,12,11,10,77,67,22,44,7,31,13,45,31,41,45,51,42,8,NA,NA,NA,0,block12,TRUE
NL_Maastricht,3m29R24,male,24,18,musician,Netherlands,Maastricht University - Department of Neuropsychology and Psychopharmacology,NA,NA,40,0.7017543859649122,14,10,10,23.5,24,6.5,7,9,6,28.5,22,15,14,17,13,15,11,85,74,37,51,35,35,27,81,31,46,34,28,39,48,NA,NA,13,10 or more,block12,TRUE
NL_Maastricht,3n15K27,male,27,17,nonmusician,Netherlands,Maastricht University - Department of Neuropsychology and Psychopharmacology,NA,NA,43,0.7543859649122807,29,7.5,8.5,22.5,NA,6.5,4,6,7,23.5,17,13,13,18,14,11,15,84,69,28,31,7,30,13,38,36,41,32,44,51,26,NA,NA,NA,0,block12,TRUE
NL_Maastricht,4m23J23,male,23,18,musician,Netherlands,Maastricht University - Department of Neuropsychology and Psychopharmacology,NA,NA,43,0.7543859649122807,28,9,7.5,24,19,8.5,7.5,7.5,8,31.5,23,13,17,16,20,16,16,98,82,40,56,45,34,46,110,50,46,38,29,53,66,NA,NA,11,10 or more,block12,TRUE
NL_Maastricht,14n7A23,female,23,17,nonmusician,Netherlands,Maastricht University - Department of Neuropsychology and Psychopharmacology,NA,NA,20,0.3508771929824561,19,9,7,11,21,4,3,1,4.5,12.5,8.5,14,15,20,18,15,9,91,82,31,34,8,27,22,50,49,43,51,26,49,46.5,NA,NA,NA,0,block12,TRUE
NL_Maastricht,5m5V21,female,21,14,musician,Netherlands,Maastricht University - Department of Neuropsychology and Psychopharmacology,8n23M21,NA,42,0.7368421052631579,24,12.5,12,23,25,4.5,4.5,3.5,1.5,14,9.5,16,20,20,20,16,12,104,92,39,22,26,38,28,69,49,59,42,28,49,49.5,NA,NA,12,10 or more,block12,TRUE
NL_Maastricht,8n23M21,female,21,15,nonmusician,Netherlands,Maastricht University - Department of Neuropsychology and Psychopharmacology,5m5V21,NA,47,0.8245614035087719,28,13.5,11,30.5,26,7,6,10,8,31,24,8,7,15,5,4,4,43,39,16,31,7,17,7,22,33,55,54,21,32,58,NA,NA,NA,0,block12,TRUE
NL_Maastricht,6m10C18,male,18,14,musician,Netherlands,Maastricht University - Department of Neuropsychology and Psychopharmacology,15n25M19,NA,44,0.7719298245614035,24,8,6.5,19.5,24,5.5,6.5,7.5,7,26.5,21,9,8,11,15,15,14,72,58,36,54,33,20,47,87,52,49,45,15,43,44,NA,NA,10,10 or more,block12,FALSE
NL_Maastricht,15n25M19,male,19,14,nonmusician,Netherlands,Maastricht University - Department of Neuropsychology and Psychopharmacology,6m10C18,NA,47,0.8245614035087719,24,12,9.5,28,24,6,5,7.5,8,26.5,20.5,16,13,20,19,14,11,93,82,41,34,15,34,17,54,40,38,48,40,47,62,3,1,NA,3-5,block12,FALSE
NL_Maastricht,7m18J20,female,20,16,musician,Netherlands,Maastricht University - Department of Neuropsychology and Psychopharmacology,4n18A20,NA,36,0.631578947368421,24,10,8,19,17,7,6,6,8,27,20,17,18,17,20,18,15,105,90,41,50,31,37,39,86,48,50,49,52,55,38,NA,NA,13,10 or more,block12,TRUE
NL_Maastricht,4n18A20,female,20,16,nonmusician,Netherlands,Maastricht University - Department of Neuropsychology and Psychopharmacology,7m18J20,NA,35,0.6140350877192983,31,9.5,8.5,24.5,20,3.5,4.5,6,5.5,19.5,16,16,16,19,18,15,12,96,84,37,42,13,34,21,50,52,47,25,45,29,53.5,2,5,NA,2,block12,TRUE
NL_Maastricht,8m27C21,female,21,16,musician,Netherlands,Maastricht University - Department of Neuropsychology and Psychopharmacology,12n23J21,NA,36,0.631578947368421,27,6.5,10,32,13,6.5,5.5,8,7.5,27.5,21,17,20,20,12,20,20,109,89,54,62,38,42,38,102,50,41,40,45,47,45,NA,NA,7,6-9,block12,FALSE
NL_Maastricht,12n23J21,female,21,16,nonmusician,Netherlands,Maastricht University - Department of Neuropsychology and Psychopharmacology,8m27C21,NA,22,0.38596491228070173,21,13,8.5,28.5,20,3,3,2,5.5,13.5,10.5,15,15,16,14,11,9,80,71,34,39,26,30,28,65,43,53,48,30,31,66,4,5,NA,3-5,block12,FALSE
NL_Maastricht,9m11M20,female,20,15,musician,Netherlands,Maastricht University - Department of Neuropsychology and Psychopharmacology,11n17M20,NA,31,0.543859649122807,19,8.5,9.5,29,25,7,4.5,5.5,5,22,15,16,20,19,19,19,15,108,93,44,50,38,36,39,94,34,55,40,37,54,37.5,NA,NA,10,10 or more,block12,TRUE
NL_Maastricht,11n17M20,female,20,15,nonmusician,Netherlands,Maastricht University - Department of Neuropsychology and Psychopharmacology,9m11M20,NA,25,0.43859649122807015,22,9,10,21.5,25,2,2,2,2,8,6,9,16,16,15,14,8,78,70,20,33,11,30,21,45,42,47,46,35,34,43.5,1,5,NA,1,block12,TRUE
NL_Maastricht,5n29P23,female,23,16,nonmusician,Netherlands,Maastricht University - Department of Neuropsychology and Psychopharmacology,NA,NA,29,0.5087719298245614,16,8,5.5,17.5,25,3,5.5,5,6,19.5,16.5,12,16,16,16,14,15,89,74,34,30,9,29,23,51,39,48,48,31,42,54.5,NA,NA,NA,0,block12,TRUE
NL_Maastricht,6n30N28,female,28,17,nonmusician,Netherlands,Maastricht University - Department of Neuropsychology and Psychopharmacology,NA,NA,38,0.6666666666666666,8,10.5,8.5,21,23,7.5,6.5,6.5,5.5,26,18.5,19,20,20,20,20,20,119,99,49,47,10,37,31,66,59,45,48,25,58,43,2,5,NA,0,block12,TRUE
NL_Maastricht,7n19A22,female,22,15,nonmusician,Netherlands,Maastricht University - Department of Neuropsychology and Psychopharmacology,NA,NA,47,0.8245614035087719,22,9.5,7,24.5,26,7,6,5.5,6,24.5,17.5,11,10,16,16,10,6,69,63,28,43,19,23,24,60,41,53,45,22,44,58.5,2,5,NA,2,block12,TRUE
NL_Maastricht,9n13E19,female,19,14,nonmusician,Netherlands,Maastricht University - Department of Neuropsychology and Psychopharmacology,NA,NA,30,0.5263157894736842,15,10,7,31.5,22,6,3,7.5,4,20.5,14.5,12,17,17,12,14,11,83,72,29,46,20,38,27,67,38,47,48,29,49,59.5,2,5,NA,2,block12,TRUE
NL_Maastricht,10n2C19,female,19,14,nonmusician,Netherlands,Maastricht University - Department of Neuropsychology and Psychopharmacology,NA,NA,20,0.3508771929824561,15,8,6.5,14,3,4.5,2.5,5.5,3.5,16,11.5,12,17,20,17,14,16,96,80,35,36,21,27,27,65,45,43,42,35,43,55.5,5,5,NA,3-5,block12,FALSE
NL_Maastricht,13n8A18,female,18,14,nonmusician,Netherlands,Maastricht University - Department of Neuropsychology and Psychopharmacology,NA,NA,39,0.6842105263157895,19,11,8,20.5,24,2,2.5,4,4.5,13,11,14,19,19,20,14,11,97,86,33,44,7,34,26,54,46,55,40,46,42,53,NA,NA,NA,0,block12,TRUE
NL_Maastricht,16n24B20,female,20,15,nonmusician,Netherlands,Maastricht University - Department of Neuropsychology and Psychopharmacology,NA,NA,39,0.6842105263157895,15,9.5,7.5,15.5,21,3.5,2.5,2.5,2.5,11,7.5,20,20,20,20,20,18,118,100,56,52,26,40,25,78,43,52,42,39,54,66,NA,NA,NA,3-5,block12,FALSE
NL_Maastricht,17n7F20,female,20,15,nonmusician,Netherlands,Maastricht University - Department of Neuropsychology and Psychopharmacology,NA,NA,38,0.6666666666666666,12,9.5,7,19,26,5,4,4.5,5.5,19,14,15,13,17,13,13,14,85,71,51,39,10,37,15,59,46,48,43,39,46,56,1,1,NA,0,block12,FALSE
NL_Maastricht,18n20E21,female,21,15,nonmusician,Netherlands,Maastricht University - Department of Neuropsychology and Psychopharmacology,NA,NA,34,0.5964912280701754,23,7,8.5,28.5,22,5,6.5,5.5,5.5,22.5,17.5,12,13,16,10,8,10,69,59,23,35,8,23,21,45,29,49,44,30,36,46.5,NA,NA,NA,0,block12,TRUE
NO_Oslo,1m25t21,male,21,13,musician,Norway,Oslo University - RITMO,20n17f20,NA,33,0.5789473684210527,25,10,11,26.5,25,8,8,8.5,6,30.5,22.5,15,15,19,16,19,20,104,84,56,59,45,40,38,110,42,53,42,18,52,53.5,NA,NA,11,10 or more,block12,TRUE
NO_Oslo,2m15h25,female,25,17,musician,Norway,Oslo University - RITMO,2n20n24,NA,47,0.8245614035087719,24,15,10,30.5,26,8.5,5,7,6,26.5,18,13,16,16,18,18,9,90,81,40,52,39,33,35,96,39,49,48,32,40,66,NA,NA,8,10 or more,block12,FALSE
NO_Oslo,3m9j26,male,26,15,musician,Norway,Oslo University - RITMO,4n4o26,NA,16,0.2807017543859649,15,8,9,16,22,6,6.5,6,8,26.5,20.5,19,19,19,18,15,19,109,90,51,61,43,42,36,104,47,44,37,29,57,52,NA,NA,12,3-5,block12,FALSE
NO_Oslo,4m11s24,male,24,16,musician,Norway,Oslo University - RITMO,16n18l24,NA,38,0.6666666666666666,21,9,10.5,30.5,0,8.5,7.5,7,7,30,21.5,14,14,17,16,15,13,89,76,38,52,41,31,31,92,42,46,51,25,47,48,NA,NA,13,10 or more,block12,TRUE
NO_Oslo,5m8a23,female,23,17,musician,Norway,Oslo University - RITMO,6n3j23,NA,47,0.8245614035087719,19,8.5,10.5,31.5,22,8,6.5,5.5,7,27,19,15,16,17,11,14,8,81,73,43,59,46,36,31,99,31,52,55,37,41,42.5,NA,NA,17,10 or more,block12,TRUE
NO_Oslo,6m8s26,male,26,18,musician,Norway,Oslo University - RITMO,17n12s25,NA,48,0.8421052631578947,20,14,11,43.5,20,7,6,8,6.5,27.5,20.5,16,20,20,17,19,18,110,92,50,58,42,41,42,108,40,49,46,34,52,48,NA,NA,15,10 or more,block12,TRUE
NO_Oslo,7m28k23,female,23,17,musician,Norway,Oslo University - RITMO,13n28k24,NA,39,0.6842105263157895,26,8,11,32.5,26,6,5,9,7.5,27.5,21.5,17,19,20,20,18,17,111,94,46,51,35,34,37,91,38,49,48,46,55,27,NA,NA,17,10 or more,block12,TRUE
NO_Oslo,8m5h23,male,23,15,musician,Norway,Oslo University - RITMO,7n20k22,NA,33,0.5789473684210527,27,14,4,21,11,9.5,7,5.5,6,28,18.5,14,18,17,17,17,14,97,83,48,61,43,37,39,107,41,57,25,13,48,48,NA,NA,14,10 or more,block12,TRUE
NO_Oslo,9m26m24,female,24,17,musician,Norway,Oslo University - RITMO,1n20n24,NA,43,0.7543859649122807,30,16.5,13,47,22,10,8,10,8,36,26,18,20,20,14,19,19,110,91,54,61,48,42,43,121,35,52,36,45,56,66,NA,NA,21,10 or more,block12,TRUE
NO_Oslo,10m12l28,female,28,18,musician,Norway,Oslo University - RITMO,14n12e28,NA,45,0.7894736842105263,18,8.5,7,27.5,16,7,6.5,8,6.5,28,21,18,19,20,17,19,18,111,93,47,55,44,40,40,112,38,41,46,52,60,36,NA,NA,16,6-9,block12,FALSE
NO_Oslo,11m6h24,male,24,15,musician,Norway,Oslo University - RITMO,11n26p24,NA,38,0.6666666666666666,10,7,6.5,23,21,6.5,6,5.5,6.5,24.5,18,18,17,20,18,20,20,113,93,56,61,44,41,41,113,37,50,38,36,58,22.5,NA,NA,15,10 or more,block12,TRUE
NO_Oslo,12m2l21,female,21,15,musician,Norway,Oslo University - RITMO,8n28k22,NA,28,0.49122807017543857,20,7,11,24.5,1,5,6.5,6,7,24.5,19.5,10,18,14,14,14,16,86,70,27,56,42,36,35,93,42,48,54,29,48,46,NA,NA,12,10 or more,block12,TRUE
NO_Oslo,13m4k20,female,20,14,musician,Norway,Oslo University - RITMO,10n03s21,NA,33,0.5789473684210527,22,9.5,10.5,25,22,8.5,5.5,6.5,6,26.5,18,10,16,16,17,15,13,87,74,40,59,42,33,47,108,38,52,41,25,37,55.5,NA,NA,14,10 or more,block12,TRUE
NO_Oslo,14m12a20,male,20,15,musician,Norway,Oslo University - RITMO,18n20e20,NA,28,0.49122807017543857,27,9.5,10,26.5,22,6.5,4.5,8,5.5,24.5,18,20,20,20,19,20,16,115,99,59,54,36,41,39,105,41,54,31,55,58,58,NA,NA,12,10 or more,block12,TRUE
NO_Oslo,15m5u20,female,20,14,musician,Norway,Oslo University - RITMO,15n14s19,NA,35,0.6140350877192983,17,7.5,6.5,22.5,23,8,7,6,4,25,17,18,19,19,15,20,17,108,91,49,63,44,42,40,111,48,45,39,38,56,66,NA,NA,14,10 or more,block12,TRUE
NO_Oslo,16m2t24,male,24,16,musician,Norway,Oslo University - RITMO,9n30c25,NA,42,0.7368421052631579,26,8,9,30.5,29,8,2.5,6.5,5.5,22.5,14.5,16,14,14,19,13,15,91,76,48,52,39,34,31,92,33,34,29,45,49,58,NA,NA,7,6-9,block12,FALSE
NO_Oslo,17m18i22,female,22,16,musician,Norway,Oslo University - RITMO,19n1i23,NA,44,0.7719298245614035,27,7,9.5,31,-16,5.5,2.5,5.5,5.5,19,13.5,15,14,16,19,15,12,91,79,40,52,29,34,38,82,43,43,36,18,43,58,NA,NA,11,6-9,block12,FALSE
NO_Oslo,18m04u25,female,25,17,musician,Norway,Oslo University - RITMO,3n2a25,NA,32,0.5614035087719298,14,9,10.5,37,17,6.5,7.5,7,7,28,21.5,16,18,19,18,18,19,108,89,49,54,45,38,42,112,35,44,44,44,47,63,NA,NA,16,10 or more,block12,TRUE
NO_Oslo,19m20i24,female,24,17,musician,Norway,Oslo University - RITMO,5n2s25,NA,44,0.7719298245614035,24,14.5,12,39.5,7,9,7,8,6,30,21,14,18,14,19,16,8,89,81,44,61,41,33,43,109,33,40,43,38,47,66,NA,NA,8,10 or more,block12,FALSE
NO_Oslo,20m1e20,male,20,15,musician,Norway,Oslo University - RITMO,21n17e19,NA,35,0.6140350877192983,27,12.5,15,33.5,26,8.5,8,8,6,30.5,22,13,17,16,9,15,18,88,70,42,49,44,31,22,88,22,47,34,47,48,55.5,NA,NA,14,10 or more,block12,TRUE
NO_Oslo,21m13w25,male,25,18,musician,Norway,Oslo University - RITMO,12n17f25,NA,40,0.7017543859649122,21,7,7.5,31.5,17,8,6,6.5,6,26.5,18.5,16,19,17,16,18,15,101,86,51,62,42,41,42,112,30,46,29,35,56,53,NA,NA,12,10 or more,block12,TRUE
NO_Oslo,1n20n24,female,24,17,nonmusician,Norway,Oslo University - RITMO,9m26m24,NA,29,0.5087719298245614,12,6.5,8,18,5,2.5,2,6.5,5,16,13.5,11,15,16,14,14,13,83,70,36,38,10,27,20,50,45,51,49,48,43,13,NA,NA,NA,0,block12,TRUE
NO_Oslo,2n20n24,female,24,17,nonmusician,Norway,Oslo University - RITMO,2m15h25,NA,29,0.5087719298245614,15,7.5,5.5,19,1,2,2.5,2.5,3,10,8,14,14,16,15,13,13,85,72,27,39,8,33,22,45,40,52,57,41,35,8,3,5,NA,0,block12,FALSE
NO_Oslo,3n2a25,female,25,17,nonmusician,Norway,Oslo University - RITMO,18m04u25,NA,42,0.7368421052631579,19,10,7,24.5,24,5,5,6,5,21,16,16,20,20,20,18,19,113,94,46,53,13,39,27,71,41,50,43,36,57,8,1,5,NA,1,block12,TRUE
NO_Oslo,4n4o26,male,26,14,nonmusician,Norway,Oslo University - RITMO,3m9j26,NA,20,0.3508771929824561,10,8.5,4.5,20.5,11,5,4.5,3,6,18.5,13.5,13,19,18,16,13,15,94,79,31,40,10,35,23,51,45,45,35,35,49,43,NA,NA,NA,0,block12,FALSE
NO_Oslo,5n2s25,female,25,18,nonmusician,Norway,Oslo University - RITMO,19m20i24,NA,38,0.6666666666666666,28,11,8.5,10.5,19,5,1,2.5,4,12.5,7.5,12,14,14,15,12,10,77,67,31,31,11,30,14,40,42,43,41,34,48,63.5,1,5,NA,1,block12,FALSE
NO_Oslo,6n3j23,female,23,17,nonmusician,Norway,Oslo University - RITMO,5m8a23,NA,46,0.8070175438596491,20,8.5,8,20,26,3,4,3,7.5,17.5,14.5,10,12,10,15,11,10,68,58,31,38,7,33,21,44,46,37,51,39,50,66,NA,NA,NA,0,block12,TRUE
NO_Oslo,7n20k22,male,22,16,nonmusician,Norway,Oslo University - RITMO,8m5h23,NA,33,0.5789473684210527,21,9.5,7,12.5,24,3,3,5,3.5,14.5,11.5,11,11,15,4,8,6,55,49,27,38,7,24,14,35,27,44,37,25,28,55.5,NA,NA,NA,0,block12,TRUE
NO_Oslo,8n28k22,female,22,16,nonmusician,Norway,Oslo University - RITMO,12m2l21,NA,33,0.5789473684210527,18,8.5,11.5,17,24,5,3.5,4.5,5,18,13,12,19,16,15,13,9,84,75,28,23,9,32,14,35,43,53,32,45,47,57,NA,NA,NA,0,block12,TRUE
NO_Oslo,9n30c25,male,25,15,nonmusician,Norway,Oslo University - RITMO,16m2t24,NA,37,0.6491228070175439,20,9,9.5,19.5,22,7,4.5,5.5,7,24,17,14,16,13,20,13,12,88,76,37,43,13,34,21,52,32,46,19,38,40,63,NA,NA,NA,0,block12,FALSE
NO_Oslo,10n03s21,female,21,15,nonmusician,Norway,Oslo University - RITMO,13m4k20,NA,18,0.3157894736842105,18,7,6,29.5,24,5,3,5.5,5,18.5,13.5,16,20,20,16,18,15,105,90,41,55,13,37,10,59,47,43,46,48,51,42,NA,NA,NA,0,block12,TRUE
NO_Oslo,11n26p24,male,24,15,nonmusician,Norway,Oslo University - RITMO,11m6h24,NA,30,0.5263157894736842,13,8.5,8,19.5,19,6,4.5,6.5,7,24,18,16,17,20,10,16,17,96,79,35,44,19,33,21,67,49,37,49,26,48,61,NA,NA,NA,0.5,block12,TRUE
NO_Oslo,12n17f25,male,25,17,nonmusician,Norway,Oslo University - RITMO,21m13w25,NA,46,0.8070175438596491,20,9,7.5,17.5,22,3.5,3,4.5,2,13,9.5,9,16,16,11,12,10,74,64,21,40,12,30,26,50,33,41,33,38,60,60.5,1,5,NA,0,block12,TRUE
NO_Oslo,13n28k24,female,24,16,nonmusician,Norway,Oslo University - RITMO,7m28k23,NA,30,0.5263157894736842,19,12.5,7.5,33,20,7,4,7,5,23,16,7,8,15,16,8,5,59,54,19,31,19,24,16,45,28,43,43,38,42,30,NA,NA,NA,0,block12,TRUE
NO_Oslo,14n12e28,female,28,19,nonmusician,Norway,Oslo University - RITMO,10m12l28,NA,41,0.7192982456140351,15,6.5,9,27.5,15,5.5,4,4,4.5,18,12.5,15,15,17,12,11,9,79,70,30,40,16,34,25,50,44,54,51,45,46,53,3,5,NA,2,block12,FALSE
NO_Oslo,15n14s19,female,19,14,nonmusician,Norway,Oslo University - RITMO,15m5u20,NA,29,0.5087719298245614,8,6.5,5.5,7.5,6,3.5,2,1.5,2.5,9.5,6,13,11,13,14,13,10,74,64,32,34,15,25,26,59,39,52,41,31,42,37,NA,NA,NA,0,block12,TRUE
NO_Oslo,16n18l24,male,24,15,nonmusician,Norway,Oslo University - RITMO,4m11s24,NA,32,0.5614035087719298,10,7.5,7,18.5,-7,6.5,3,4,3,16.5,10,11,13,15,12,12,13,76,63,23,37,9,31,26,45,36,47,32,31,29,48,NA,NA,NA,0,block12,TRUE
NO_Oslo,17n12s25,male,25,17,nonmusician,Norway,Oslo University - RITMO,6m8s26,NA,42,0.7368421052631579,11,8.5,5.5,13,-5,3,3,2,3.5,11.5,8.5,8,14,15,6,12,11,66,55,30,38,9,35,27,47,22,43,49,29,40,66,NA,NA,NA,0,block12,TRUE
NO_Oslo,18n20e20,male,20,14,nonmusician,Norway,Oslo University - RITMO,14m12a20,NA,19,0.3333333333333333,17,7.5,8,9.5,6,6,3.5,4,4.5,18,12,9,16,14,17,15,14,85,71,25,50,17,34,34,69,59,33,33,27,37,41,NA,NA,NA,0,block12,TRUE
NO_Oslo,19n1i23,female,23,17,nonmusician,Norway,Oslo University - RITMO,17m18i22,NA,46,0.8070175438596491,17,7.5,8,18.5,15,7.5,6,5.5,6.5,25.5,18,19,20,20,20,16,18,113,95,45,52,19,39,32,78,38,54,48,48,55,56.5,NA,NA,NA,0,block12,FALSE
NO_Oslo,20n17f20,male,20,13,nonmusician,Norway,Oslo University - RITMO,1m25t21,NA,35,0.6140350877192983,20,12,8,18.5,18,1.5,4.5,3,5,14,12.5,13,17,17,18,11,14,90,76,30,44,12,34,16,46,44,54,49,24,43,59.5,1,5,NA,1,block12,TRUE
NO_Oslo,21n17e19,male,19,14,nonmusician,Norway,Oslo University - RITMO,20m1e20,NA,35,0.6140350877192983,21,8.5,8,15.5,7,6.5,2.5,4,3.5,16.5,10,16,13,14,12,16,16,87,71,41,45,8,29,29,60,41,40,40,25,30,42.5,NA,NA,NA,0,block12,TRUE
PT_Lisbon,1m12c20,female,20,14,musician,Portugal,Lisbon University - Iscte,1nm03a20,53,NA,0.803030303030303,21,9.5,7.5,22.5,8,4.5,4,5,5,18.5,14,15,20,15,10,20,15,95,80,45,49,39,39,31,90,33,43,50,43,49,24,NA,NA,13,10 or more,block12,TRUE
PT_Lisbon,2m29m21,female,21,14,musician,Portugal,Lisbon University - Iscte,6nm08o21,51,NA,0.7727272727272727,19,13.5,7.5,37,24,8,7.5,7.5,6,29,21,17,20,20,19,20,17,113,96,53,59,45,41,46,115,48,51,42,54,56,55.5,NA,NA,12,10 or more,block12,TRUE
PT_Lisbon,3m12s21,male,21,15,musician,Portugal,Lisbon University - Iscte,13nm12d21,38,NA,0.5757575757575758,25,8,7,30.5,25,9.5,8,6,7.5,31,21.5,18,18,11,13,18,17,95,78,43,58,44,36,33,97,22,41,26,36,45,58.5,NA,NA,15,10 or more,block12,TRUE
PT_Lisbon,4m14f19,female,19,14,musician,Portugal,Lisbon University - Iscte,2nm13m20,37,NA,0.5606060606060606,23,11,12,47,23,10,8,10,7.5,35.5,25.5,14,17,17,18,19,13,98,85,47,57,45,28,41,103,26,41,44,41,43,60.5,NA,NA,13,10 or more,block12,TRUE
PT_Lisbon,5m25a23,male,23,15,musician,Portugal,Lisbon University - Iscte,20nm25a23,44,NA,0.6666666666666666,25,10,9,23.5,24,7.5,6.5,6.5,5.5,26,18.5,16,17,20,12,18,13,96,83,37,54,42,37,28,88,34,49,53,40,54,66,NA,NA,10,10 or more,block12,FALSE
PT_Lisbon,6m31j20,male,20,13,musician,Portugal,Lisbon University - Iscte,16nm08f20,38,NA,0.5757575757575758,17,8,6.5,27.5,23,7.5,7,8,7,29.5,22,13,13,16,14,16,7,79,72,33,47,46,34,45,100,48,44,43,39,38,40,NA,NA,14,10 or more,block12,TRUE
PT_Lisbon,7m8n24,female,24,16,musician,Portugal,Lisbon University - Iscte,9nm18a23,36,NA,0.5454545454545454,20,11.5,10,30,18,9,8,8,8,33,24,17,20,19,15,20,15,106,91,51,56,45,40,41,111,40,43,49,33,47,63.5,NA,NA,20,10 or more,block12,TRUE
PT_Lisbon,8m27a25,male,25,16,musician,Portugal,Lisbon University - Iscte,14nm01f25,42,NA,0.6363636363636364,13,9,7,23,9,6.5,6.5,5.5,7,25.5,19,14,14,13,12,16,11,80,69,43,55,44,29,31,90,37,47,43,45,38,50,NA,NA,21,10 or more,block12,TRUE
PT_Lisbon,9m14o21,male,21,15,musician,Portugal,Lisbon University - Iscte,17nm28o20,59,NA,0.8939393939393939,21,10,9,28,18,8,8,5,7,28,20,16,20,19,15,19,12,101,89,44,63,44,34,39,106,37,40,40,32,60,48,NA,NA,15,10 or more,block12,TRUE
PT_Lisbon,10m17m23,male,23,17,musician,Portugal,Lisbon University - Iscte,7nm13j24,43,NA,0.6515151515151515,29,16,11,35,30,8.5,6,7,6,27.5,19,11,14,17,7,17,11,77,66,32,49,39,31,32,84,35,46,33,22,53,60.5,NA,NA,10,10 or more,block12,TRUE
PT_Lisbon,11m1j21,female,21,15,musician,Portugal,Lisbon University - Iscte,4nm03j20,43,NA,0.6515151515151515,21,9.5,9,27,29,6.5,7.5,5.5,4.5,24,17.5,15,20,17,11,18,14,95,81,38,58,42,38,28,85,27,45,44,42,49,52.5,NA,NA,12,10 or more,block12,TRUE
PT_Lisbon,12m14s20,female,20,14,musician,Portugal,Lisbon University - Iscte,5nm3o21,33,NA,0.5,18,10,12,30,22,6,6.5,6.5,5,24,18,20,20,9,10,19,14,92,78,54,61,41,38,28,96,38,56,27,12,45,34.5,NA,NA,13,10 or more,block12,TRUE
PT_Lisbon,13m12s21,male,21,14,musician,Portugal,Lisbon University - Iscte,10nm26j20,44,NA,0.6666666666666666,17,7,8,27,17,7,3,3.5,6.5,20,13,18,16,16,13,19,17,99,82,52,53,39,35,34,96,33,42,33,30,49,37.5,NA,NA,12,10 or more,block12,TRUE
PT_Lisbon,14m6n25,female,25,17,musician,Portugal,Lisbon University - Iscte,11nm04n26,42,NA,0.6363636363636364,27,8,6.5,28.5,22,8.5,7.5,6,7.5,29.5,21,15,16,19,12,17,10,89,79,46,57,42,36,40,102,44,52,49,36,56,53,NA,NA,6,6-9,block12,FALSE
PT_Lisbon,15m17d22,male,22,16,musician,Portugal,Lisbon University - Iscte,8nm20f23,43,NA,0.6515151515151515,22,14,9,30.5,24,9,6,8.5,7.5,31,22,13,20,20,12,19,14,98,84,46,48,40,31,36,94,39,51,56,23,46,42,NA,NA,13,6-9,block12,FALSE
PT_Lisbon,16m30a25,female,25,17,musician,Portugal,Lisbon University - Iscte,12nm23m26,40,NA,0.6060606060606061,16,10.5,7.5,20.5,17,6,5,6,5.5,22.5,16.5,16,20,20,17,16,16,105,89,46,51,38,35,36,89,43,48,59,25,51,58,NA,NA,7,10 or more,block12,FALSE
PT_Lisbon,17m26s21,male,21,14,musician,Portugal,Lisbon University - Iscte,19nm04m21,40,NA,0.6060606060606061,26,11,8,27,24,9.5,7.5,7,7,31,21.5,13,19,20,20,19,17,108,91,32,55,42,40,39,93,44,49,25,12,49,60.5,NA,NA,12,10 or more,block12,TRUE
PT_Lisbon,18m05m20,female,20,12,musician,Portugal,Lisbon University - Iscte,15nm22a19,34,NA,0.5151515151515151,26,6.5,7.5,16.5,8,5,4.5,5.5,7,22,17,14,19,18,17,18,18,104,86,41,51,39,37,34,94,48,31,27,34,56,34.5,NA,NA,11,3-5,block12,FALSE
PT_Lisbon,19m25o26,female,26,15,musician,Portugal,Lisbon University - Iscte,18nm02s25,41,NA,0.6212121212121212,22,15.5,11.5,36,20,8.5,5,9,6,28.5,20,14,20,15,17,18,13,97,84,49,56,42,38,39,105,32,40,41,47,56,58,NA,NA,9,6-9,block12,FALSE
PT_Lisbon,20m01j23,female,23,17,musician,Portugal,Lisbon University - Iscte,3nm21j22,44,NA,0.6666666666666666,16,8.5,7,28.5,19,8,6,5.5,5.5,25,17,14,18,20,17,20,17,106,89,50,55,40,38,41,108,42,53,56,36,53,43,NA,NA,13,10 or more,block12,TRUE
PT_Lisbon,21m29m22,male,22,17,musician,Portugal,Lisbon University - Iscte,21nm26d22,43,NA,0.6515151515151515,19,9,8.5,27.5,20,9,6,7,7,29,20,19,20,17,17,19,17,109,92,51,45,36,34,32,87,42,46,37,36,52,42.5,NA,NA,13,10 or more,block12,TRUE
PT_Lisbon,1nm03a20,female,20,14,nonmusician,Portugal,Lisbon University - Iscte,1m12c20,45,NA,0.6818181818181818,22,8,7.5,14.5,17,2,3,4.5,4.5,14,12,14,16,16,14,14,10,84,74,33,33,12,32,31,58,46,43,49,46,31,37,NA,NA,NA,1,block12,TRUE
PT_Lisbon,2nm13m20,female,20,13,nonmusician,Portugal,Lisbon University - Iscte,4m14f19,34,NA,0.5151515151515151,21,10,9.5,21,-1,4,3.5,4,4,15.5,11.5,13,19,16,19,16,14,97,83,30,39,22,40,25,64,48,40,42,41,50,24,2,5,NA,2,block12,TRUE
PT_Lisbon,3nm21j22,female,22,16,nonmusician,Portugal,Lisbon University - Iscte,20m01j23,45,NA,0.6818181818181818,23,8,6.5,22,0,6,2.5,3.5,4,16,10,16,16,20,20,14,14,100,86,37,49,19,31,29,71,38,48,55,48,55,37,2,5,NA,2,block12,TRUE
PT_Lisbon,4nm03j20,female,20,14,nonmusician,Portugal,Lisbon University - Iscte,11m1j21,29,NA,0.4393939393939394,6,6,6,9,3,3,2,1,3,9,6,16,20,20,19,14,14,103,89,43,39,8,31,16,51,39,45,51,37,44,20.5,NA,NA,NA,0,block12,TRUE
PT_Lisbon,5nm3o21,female,21,15,nonmusician,Portugal,Lisbon University - Iscte,12m14s20,47,NA,0.7121212121212122,26,10.5,9,24,28,3,4,4,4.5,15.5,12.5,11,14,17,16,13,10,81,71,17,37,13,30,25,53,32,36,33,48,42,66,1,5,NA,0,block12,TRUE
PT_Lisbon,6nm08o21,female,21,15,nonmusician,Portugal,Lisbon University - Iscte,2m29m21,45,NA,0.6818181818181818,19,8.5,7,22,21,5,3,4,6.5,18.5,13.5,15,20,20,19,17,20,111,91,47,43,7,38,28,66,32,28,26,52,42,8,NA,NA,NA,0,block12,TRUE
PT_Lisbon,7nm13j24,male,24,18,nonmusician,Portugal,Lisbon University - Iscte,10m17m23,57,NA,0.8636363636363636,31,10,13.5,27,25,7.5,2.5,6,6,22,14.5,12,19,20,15,14,13,93,80,27,42,21,36,25,64,36,45,45,35,52,51,2,5,NA,2,block12,TRUE
PT_Lisbon,8nm20f23,male,23,16,nonmusician,Portugal,Lisbon University - Iscte,15m17d22,40,NA,0.6060606060606061,18,11,11,25,-1,6,3,4.5,7,20.5,14.5,12,17,16,17,14,10,86,76,17,53,8,37,30,58,48,31,46,36,36,52,NA,NA,NA,0,block12,FALSE
PT_Lisbon,9nm18a23,female,23,15,nonmusician,Portugal,Lisbon University - Iscte,7m8n24,47,NA,0.7121212121212122,10,9,7,16.5,11,6,4,5,7,22,16,16,20,20,20,19,19,114,95,31,53,13,36,27,57,33,48,41,36,39,22,NA,NA,NA,0,block12,TRUE
PT_Lisbon,10nm26j20,male,20,14,nonmusician,Portugal,Lisbon University - Iscte,13m12s21,43,NA,0.6515151515151515,22,10.5,11,24.5,24,3,6,5.5,6,20.5,17.5,6,14,7,9,8,5,49,44,16,23,7,18,12,29,30,35,30,28,47,22,NA,NA,NA,0,block12,TRUE
PT_Lisbon,11nm04n26,female,26,17,nonmusician,Portugal,Lisbon University - Iscte,14m6n25,56,NA,0.8484848484848485,17,11,7.5,30,11,4,5,7,4,20,16,15,19,20,20,20,18,112,94,41,54,15,42,34,75,44,53,44,30,45,32,NA,NA,NA,0,block12,FALSE
PT_Lisbon,12nm23m26,female,26,17,nonmusician,Portugal,Lisbon University - Iscte,16m30a25,53,NA,0.803030303030303,18,7,6,18,-6,2.5,2.5,4,5,14,11.5,13,20,20,18,16,16,103,87,37,32,14,36,18,48,52,48,29,37,58,66,NA,NA,NA,0.5,block12,FALSE
PT_Lisbon,13nm12d21,male,21,14,nonmusician,Portugal,Lisbon University - Iscte,3m12s21,42,NA,0.6363636363636364,23,11,10,18,18,6,4,6,6.5,22.5,16.5,18,20,20,14,17,20,109,89,59,47,7,37,23,65,55,38,42,41,57,44.5,NA,NA,NA,0,block12,TRUE
PT_Lisbon,14nm01f25,male,25,16,nonmusician,Portugal,Lisbon University - Iscte,8m27a25,48,NA,0.7272727272727273,13,10.5,5.5,19,11,7,3.5,4.5,4,19,12,14,12,17,15,15,11,84,73,33,48,8,28,29,56,40,52,46,30,42,63,NA,NA,NA,0,block12,TRUE
PT_Lisbon,15nm22a19,female,19,13,nonmusician,Portugal,Lisbon University - Iscte,18m05m20,41,NA,0.6212121212121212,15,10.5,7.5,18.5,2,4,1.5,3,3.5,12,8,14,19,20,17,15,20,105,85,44,46,13,40,26,69,46,47,54,33,56,35.5,NA,NA,NA,1,block12,FALSE
PT_Lisbon,16nm08f20,male,20,13,nonmusician,Portugal,Lisbon University - Iscte,6m31j20,36,NA,0.5454545454545454,17,10,9.5,15.5,9,2.5,2,5,4,13.5,11,11,14,18,10,9,12,74,62,21,41,10,33,16,43,39,36,45,36,37,23,NA,NA,NA,1,block12,TRUE
PT_Lisbon,17nm28o20,male,20,15,nonmusician,Portugal,Lisbon University - Iscte,9m14o21,45,NA,0.6818181818181818,29,10.5,8,18.5,24,4,4,7,5.5,20.5,16.5,11,10,15,11,9,9,65,56,34,33,11,26,34,67,30,31,41,41,44,56.5,NA,NA,1,0,block12,TRUE
PT_Lisbon,18nm02s25,female,25,15,nonmusician,Portugal,Lisbon University - Iscte,19m25o26,47,NA,0.7121212121212122,19,13.5,9.5,23.5,11,5,4,3.5,5,17.5,12.5,16,17,17,16,17,17,100,83,41,42,13,32,34,74,31,40,49,28,49,36,NA,NA,NA,0,block12,FALSE
PT_Lisbon,19nm04m21,male,21,13,nonmusician,Portugal,Lisbon University - Iscte,17m26s21,48,NA,0.7272727272727273,25,8.5,9,22,18,4,3,4.5,5.5,17,13,9,16,15,14,11,10,75,65,28,42,9,28,19,51,24,38,33,32,31,48,NA,NA,NA,0,block12,TRUE
PT_Lisbon,20nm25a23,male,23,16,nonmusician,Portugal,Lisbon University - Iscte,5m25a23,41,NA,0.6212121212121212,25,10.5,9.5,22.5,22,5.5,5,6,5,21.5,16,16,16,19,19,16,17,103,86,45,47,22,37,24,69,46,36,35,33,49,63,1,1,NA,2,block12,FALSE
PT_Lisbon,21nm26d22,male,22,16,nonmusician,Portugal,Lisbon University - Iscte,21m29m22,48,NA,0.7272727272727273,17,14,8.5,20,17,5,3.5,4.5,6,19,14,10,18,20,11,11,4,74,70,25,32,7,26,25,44,41,35,31,36,39,36,NA,NA,NA,0,block12,TRUE
PT_Lisbon,2m07a20,female,20,14,musician,Portugal,Lisbon University - Iscte,NA,46,NA,0.696969696969697,11,8,8.5,23.5,11,7,3,3.5,4.5,18,11,17,17,20,20,19,20,113,93,41,56,30,37,43,104,39,43,49,49,57,36.5,NA,NA,8,0,block12,FALSE
PT_Lisbon,2m1m27,female,27,18,musician,Portugal,Lisbon University - Iscte,NA,53,NA,0.803030303030303,19,NA,8.5,27.5,25,7.5,7.5,5.5,7,27.5,20,15,16,18,17,18,15,99,84,40,52,42,31,30,88,44,40,38,43,49,53,NA,NA,12,10 or more,block12,TRUE
PT_Lisbon,20nm18a22,male,23,16,nonmusician,Portugal,Lisbon University - Iscte,NA,48,NA,0.7272727272727273,14,10,5.5,21,NA,5,2,3.5,3.5,14,9,14,18,19,17,16,18,102,84,34,53,27,38,31,78,37,59,44,30,39,64.5,3,5,NA,3-5,block12,FALSE
UK_Durham,10n16r20,male,20,16,nonmusician,UK,Durham University,20m18e20,NA,48,0.8421052631578947,22,8,9.5,25,21,6.5,2.5,7.5,6.5,23,16.5,5,5,16,11,5,4,46,42,11,41,16,14,32,51,45,51,40,21,29,54,1,5,NA,2,block12,FALSE
UK_Durham,11m5r19,female,19,15,musician,UK,Durham University,5n23m19,NA,38,0.6666666666666666,23,9.5,8.5,15,17,6.5,2.5,6.5,4.5,20,13.5,11,12,15,15,17,9,79,70,28,46,30,24,29,70,49,47,44,28,32,64.5,NA,NA,7,6-9,block12,FALSE
UK_Durham,11n11t20,male,20,15,nonmusician,UK,Durham University,12m1s19,NA,40,0.7017543859649122,10,12.5,6.5,22.5,15,3.5,3,6,6.5,19,15.5,14,12,18,13,15,10,82,72,38,49,8,37,23,51,41,51,28,29,49,61,NA,NA,NA,0,block12,TRUE
UK_Durham,12n8l19,female,19,15,nonmusician,UK,Durham University,2m1l18,NA,53,0.9298245614035088,33,13,11,18.5,-13,3.5,3,5,3,14.5,11,17,15,15,17,14,13,91,78,41,40,12,28,24,58,43,37,42,44,45,52,1,5,NA,1,block12,TRUE
UK_Durham,13n13n20,female,20,16,nonmusician,UK,Durham University,19m25r21,NA,47,0.8245614035087719,14,10.5,9.5,18,25,4,5.5,7,8,24.5,20.5,15,16,18,19,13,9,90,81,43,50,11,33,33,68,47,47,51,37,48,51,NA,NA,NA,0,block12,TRUE
UK_Durham,14m6f20,male,20,15,musician,UK,Durham University,7n8n20,NA,50,0.8771929824561403,21,11,7.5,23,20,7.5,5,6.5,6.5,25.5,18,14,16,18,15,17,15,95,80,46,53,38,42,40,94,36,36,40,34,39,40.5,NA,NA,10,10 or more,block12,FALSE
UK_Durham,5m7n19,female,19,15,musician,UK,Durham University,6n25s19,NA,49,0.8596491228070176,20,8.5,9.5,29.5,18,6,5.5,5,6,22.5,16.5,13,15,14,8,12,14,76,62,33,46,37,33,30,84,22,38,38,43,38,58,NA,NA,12,10 or more,block12,TRUE
UK_Durham,15m21o19,male,19,15,musician,UK,Durham University,15n20o20,NA,51,0.8947368421052632,20,11,10.5,12.5,21,7,5.5,6.5,7.5,26.5,19.5,17,16,16,9,16,12,86,74,44,51,34,31,28,89,31,50,46,27,42,66,NA,NA,13,0.5,block12,FALSE
UK_Durham,15n20o20,male,20,15,nonmusician,UK,Durham University,15m21o19,NA,42,0.7368421052631579,23,10.5,12,20,24,6.5,4.5,5.5,6.5,23,16.5,10,12,16,10,12,9,69,60,24,45,15,26,19,45,26,52,41,25,42,42.5,1,5,NA,1,block12,FALSE
UK_Durham,16m25r20,male,20,13,musician,UK,Durham University,19n14l19,NA,43,0.7543859649122807,15,12.5,8.5,31,-1,9,6,8,6,29,20,19,20,19,19,19,19,115,96,61,52,41,40,36,105,42,47,39,41,54,53,NA,NA,13,10 or more,block12,TRUE
UK_Durham,7m27j21,male,21,15,musician,UK,Durham University,21n10g21,NA,50,0.8771929824561403,19,12,7.5,25,19,6,5,5.5,4.5,21,15,17,11,18,19,15,14,94,80,51,49,35,29,31,92,25,50,12,27,46,53,NA,NA,7,6-9,block12,FALSE
UK_Durham,16n27i20,female,20,15,nonmusician,UK,Durham University,22m6r20,NA,46,0.8070175438596491,11,7.5,4.5,13.5,4,2,3.5,3.5,2,11,9,13,14,19,19,14,13,92,79,24,27,7,29,22,40,38,35,29,48,41,50,NA,NA,NA,0,block12,TRUE
UK_Durham,17m19r21,male,21,17,musician,UK,Durham University,18n2j22,NA,54,0.9473684210526315,28,10,11,24.5,24,9,7.5,5.5,7,29,20,15,17,18,16,16,17,99,82,40,53,41,37,39,95,43,56,35,40,48,57,NA,NA,12,10 or more,block12,TRUE
UK_Durham,14n5h21,female,21,16,nonmusician,UK,Durham University,18m23d21,NA,45,0.7894736842105263,16,12.5,7,17.5,19,6,5,7,5.5,23.5,17.5,19,20,20,19,18,18,114,96,53,47,12,38,33,73,44,51,33,48,53,46,NA,NA,NA,0,block12,TRUE
UK_Durham,18m23d21,female,21,17,musician,UK,Durham University,14n5h21,NA,57,1,23,10,9,16.5,19,6.5,3,7.5,6.5,23.5,17,19,14,19,20,20,12,104,92,55,62,37,39,41,111,56,35,33,57,59,58,NA,NA,11,10 or more,block12,TRUE
UK_Durham,8m8c18,male,18,14,musician,UK,Durham University,22n2w19,NA,47,0.8245614035087719,32,14.5,13.5,23.5,27,8.5,5.5,4.5,7,25.5,17,16,13,17,13,13,8,80,72,42,48,39,30,34,90,39,50,35,28,37,60.5,NA,NA,9,10 or more,block12,FALSE
UK_Durham,18n2j22,male,22,17,nonmusician,UK,Durham University,17m19r21,NA,52,0.9122807017543859,25,9,10,14,22,3,3,7,5.5,18.5,15.5,18,20,17,17,17,18,107,89,57,38,8,41,34,71,42,52,41,32,59,66,NA,NA,NA,0,block12,TRUE
UK_Durham,19m25r21,female,21,17,musician,UK,Durham University,13n13n20,NA,55,0.9649122807017544,25,9,10.5,16.5,22,7,8,6,5,26,19,17,18,20,20,18,19,112,93,47,58,39,39,36,100,59,43,36,42,53,44,NA,NA,14,10 or more,block12,TRUE
UK_Durham,19n14l19,male,19,14,nonmusician,UK,Durham University,16m25r20,NA,42,0.7368421052631579,18,10.5,7,23,27,6.5,4,4,5,19.5,13,15,15,15,9,9,9,72,63,25,38,7,22,21,39,42,48,46,24,35,21.5,NA,NA,NA,0,block12,TRUE
UK_Durham,1m23r21,male,21,18,musician,UK,Durham University,1n56c21,NA,51,0.8947368421052632,28,13,8,33,20,10,7,9,6,32,22,16,18,17,16,18,15,100,85,47,63,45,41,47,121,51,55,56,40,60,55.5,NA,NA,8,10 or more,block12,FALSE
UK_Durham,1n56c21,male,21,17,nonmusician,UK,Durham University,1m23r21,NA,46,0.8070175438596491,14,11.5,10.5,24,27,6.5,4,6,5.5,22,15.5,11,17,16,16,11,11,82,71,24,35,11,31,22,50,27,52,30,34,44,53,NA,NA,NA,0,block12,FALSE
UK_Durham,20m18e20,male,20,17,musician,UK,Durham University,10n16r20,NA,50,0.8771929824561403,28,15,9,29,26,7,5,5,5,22,15,16,19,19,20,17,14,105,91,38,50,33,30,38,96,49,54,49,20,49,58.5,NA,NA,7,10 or more,block12,FALSE
UK_Durham,20n17m21,male,21,15,nonmusician,UK,Durham University,3m28t21,NA,50,0.8771929824561403,7,11,8.5,15.5,-5,4.5,2.5,3.5,3,13.5,9,19,20,19,20,16,17,111,94,53,17,7,36,19,56,32,47,23,44,36,66,NA,NA,NA,0,block12,TRUE
UK_Durham,21m31g20,female,20,17,musician,UK,Durham University,9n8a19,NA,48,0.8421052631578947,25,9,10,28,21,9.5,8,4.5,6.5,28.5,19,19,20,20,19,20,20,118,98,59,63,46,42,49,123,43,45,31,43,60,59,NA,NA,11,10 or more,block12,TRUE
UK_Durham,21n10g21,male,21,16,nonmusician,UK,Durham University,7m27j21,NA,54,0.9473684210526315,12,9.5,4.5,19,-5,3,3.5,7,7,20.5,17.5,13,10,13,11,10,15,72,57,21,40,7,29,21,42,48,41,48,28,43,58,NA,NA,NA,0,block12,FALSE
UK_Durham,22m6r20,female,20,15,musician,UK,Durham University,16n27i20,NA,49,0.8596491228070176,31,10.5,9,24.5,20,7,3,2.5,4,16.5,9.5,14,19,18,14,17,14,96,82,38,53,41,40,37,96,44,50,43,30,51,46,NA,NA,13,10 or more,block12,TRUE
UK_Durham,22n2w19,male,19,15,nonmusician,UK,Durham University,8m8c18,NA,47,0.8245614035087719,23,15,11.5,20.5,20,6.5,4,6,3.5,20,13.5,14,8,14,14,12,8,70,62,29,44,15,30,28,61,33,44,34,46,43,38.5,1,5,NA,1,block12,FALSE
UK_Durham,2m1l18,female,18,16,musician,UK,Durham University,12n8l19,NA,51,0.8947368421052632,25,8,6,24,15,6,4,3,6,19,13,14,12,14,17,16,10,83,73,48,51,41,26,37,104,35,38,38,49,51,58.5,NA,NA,12,10 or more,block12,TRUE
UK_Durham,2n7a19,female,19,13,nonmusician,UK,Durham University,10m22i19,NA,38,0.6666666666666666,32,14.5,9,36,-1,5,5,5,4,19,14,15,11,15,10,6,11,68,57,26,22,16,19,14,42,24,24,24,41,48,58,NA,NA,NA,1,block12,TRUE
UK_Durham,3m28t21,male,21,14,musician,UK,Durham University,20n17m21,NA,44,0.7719298245614035,14,10.5,8,32.5,-4,7,7,7.5,7.5,29,22,18,20,18,16,18,17,107,90,46,61,45,38,26,98,56,55,51,18,52,63,NA,NA,12,10 or more,block12,TRUE
UK_Durham,4m27r20,female,20,15,musician,UK,Durham University,4n7r19,NA,46,0.8070175438596491,28,8,11,21,27,7,5.5,4.5,5.5,22.5,15.5,16,19,20,20,19,19,113,94,47,56,45,39,32,102,55,44,57,46,53,22,NA,NA,12,10 or more,block12,FALSE
UK_Durham,4n7r19,female,19,16,nonmusician,UK,Durham University,4m27r20,NA,44,0.7719298245614035,21,8,8,29.5,14,6.5,4.5,6.5,5.5,23,16.5,15,16,18,18,16,15,98,83,37,43,28,36,34,81,40,46,45,44,47,64.5,NA,NA,2,3-5,block12,FALSE
UK_Durham,9m28g19,female,19,14,musician,UK,Durham University,8n26t19,NA,55,0.9649122807017544,29,12.5,10.5,27.5,-13,7.5,6.5,5,7,26,18.5,19,17,20,16,17,16,105,89,51,61,37,39,44,111,31,43,31,49,56,55.5,NA,NA,16,10 or more,block12,TRUE
UK_Durham,5n23m19,female,19,15,nonmusician,UK,Durham University,11m5r19,NA,39,0.6842105263157895,16,7,4.5,14.5,19,1.5,5,6,4,16.5,15,15,16,19,20,18,16,104,88,39,52,19,33,33,78,43,46,48,28,47,8,2,1,NA,0,block12,FALSE
UK_Durham,10m22i19,female,19,12,musician,UK,Durham University,2n7a19,NA,48,0.8421052631578947,17,7.5,4.5,22.5,-9,6,7.5,4,5,22.5,16.5,20,18,20,20,20,19,117,98,57,60,41,39,46,114,44,58,40,27,59,8,NA,NA,12,10 or more,block12,TRUE
UK_Durham,6n25s19,female,19,15,nonmusician,UK,Durham University,5m7n19,NA,47,0.8245614035087719,20,8,7.5,16.5,-18,4.5,1,1,3,9.5,5,16,16,16,16,17,16,97,81,41,43,23,32,31,79,43,42,33,43,48,66,NA,NA,1,1,block12,TRUE
UK_Durham,12m1s19,male,19,14,musician,UK,Durham University,11n11T20,NA,51,0.8947368421052632,21,8.5,10,27,24,6,7,6,4.5,23.5,17.5,17,14,13,18,18,12,92,80,53,55,42,32,37,101,43,39,41,35,50,61,NA,NA,11,10 or more,block12,TRUE
UK_Durham,7n8n20,male,20,15,nonmusician,UK,Durham University,14m6f20,NA,50,0.8771929824561403,31,14,11,22,24,5,7,6,7.5,25.5,20.5,9,16,16,12,10,5,68,63,17,40,18,28,18,42,26,25,26,56,39,43.5,4,5,NA,3-5,block12,FALSE
UK_Durham,8n26t19,female,19,15,nonmusician,UK,Durham University,9m28g19,NA,46,0.8070175438596491,15,11,6,19.5,14,3,3.5,2,5.5,14,11,11,18,13,19,17,6,84,78,32,51,11,35,39,71,48,56,37,32,52,58,NA,NA,NA,0,block12,TRUE
UK_Durham,9n8a19,female,19,16,nonmusician,UK,Durham University,21m31g20,NA,53,0.9298245614035088,18,11.5,8,22,-8,6,2.5,4.5,5,18,12,15,13,17,14,16,15,90,75,45,50,10,36,35,71,49,28,32,44,42,66,NA,NA,NA,0,block12,TRUE
UK_Durham,3n28a23,male,23,16,nonmusician,UK,Durham University,NA,NA,49,0.8596491228070176,12,13,8.5,26,17,8.5,4.5,5.5,6,24.5,16,12,17,17,17,14,15,92,77,29,43,26,35,27,70,31,42,25,22,42,66,1,5,NA,1,block12,TRUE
UK_Durham,13m16b26,male,26,20,musician,UK,Durham University,NA,NA,48,0.8421052631578947,19,10.5,10,19,23,6,6.5,4.5,5.5,22.5,16.5,16,18,20,20,16,15,105,90,39,47,33,34,33,82,35,47,52,35,48,19,NA,NA,10,10 or more,block12,TRUE
UK_Durham,6m6l21,female,21,15,musician,UK,Durham University,NA,NA,39,0.6842105263157895,18,NA,7.5,23,14,7.5,8,5.5,7.5,28.5,21,20,16,19,16,18,17,106,89,58,56,48,41,49,122,48,37,40,40,58,63,NA,NA,15,10 or more,block12,TRUE
UK_Durham,17n15j21,female,21,15,nonmusician,UK,Durham University,NA,NA,45,0.7894736842105263,15,13,NA,21,27,3,5,4.5,5.5,18,15,14,14,14,16,13,14,85,71,38,46,15,33,33,73,34,43,31,26,32,58,1,5,NA,0.5,block12,TRUE
UK_Edinburgh,4m12a21,female,21,17,musician,UK,Edinburgh University,21n22n22,NA,55,0.9649122807017544,27,13,6,30.5,22,7.5,6,5.5,5.5,24.5,17,19,20,20,20,19,20,118,98,55,55,42,41,44,112,41,53,49,39,52,58.5,NA,NA,14,10 or more,block12,TRUE
UK_Edinburgh,5m5l19,female,19,15,musician,UK,Edinburgh University,17n3c20,NA,39,0.6842105263157895,22,14.5,10,29.5,26,7,7,6,6.5,26.5,19.5,16,20,20,20,20,18,114,96,56,58,43,37,38,111,55,53,38,50,57,58,NA,NA,11,10 or more,block12,TRUE
UK_Edinburgh,6m22r22,female,22,17,musician,UK,Edinburgh University,14n28x23,NA,51,0.8947368421052632,25,11.5,8.5,33.5,-2,8.5,7.5,6,5.5,27.5,19,18,20,20,20,20,16,114,98,47,61,41,42,32,104,45,47,44,49,58,17,NA,NA,17,10 or more,block12,TRUE
UK_Edinburgh,7m19r19,female,19,15,musician,UK,Edinburgh University,18n3n20,NA,33,0.5789473684210527,28,11.5,8,30,25,7,8,6,6,27,20,15,19,20,20,19,18,111,93,45,57,38,40,41,105,43,48,50,35,58,63,NA,NA,10,10 or more,block12,TRUE
UK_Edinburgh,8m20e22,female,22,16,musician,UK,Edinburgh University,8n3a21,NA,45,0.7894736842105263,30,7.5,11.5,26.5,29,6.5,5.5,5.5,4,21.5,15,14,20,20,20,19,18,111,93,49,57,42,41,30,101,51,39,39,47,56,50.5,NA,NA,10,10 or more,block12,TRUE
UK_Edinburgh,9m16a22,male,22,18,musician,UK,Edinburgh University,11n24a21,NA,49,0.8596491228070176,12,10,7,24,10,7,6.5,6.5,6.5,26.5,19.5,12,18,18,16,19,12,95,83,35,63,41,40,44,106,57,44,54,14,27,56,NA,NA,17,10 or more,block12,TRUE
UK_Edinburgh,11m24j20,female,20,16,musician,UK,Edinburgh University,5n20a21,NA,34,0.5964912280701754,9,10.5,9,28,24,6,5,4.5,5.5,21,15,14,12,19,18,16,12,91,79,37,48,32,33,41,90,45,52,45,30,43,66,NA,NA,13,10 or more,block12,TRUE
UK_Edinburgh,14m8a21,female,21,17,musician,UK,Edinburgh University,9n12n20,NA,39,0.6842105263157895,27,12,9,31.5,22,9,6,9.5,5.5,30,21,17,18,19,15,18,15,102,87,57,61,42,37,46,116,44,49,32,53,52,37,NA,NA,14,6-9,block12,FALSE
UK_Edinburgh,16m14j18,female,18,14,musician,UK,Edinburgh University,4n30a19,NA,43,0.7543859649122807,24,9,8,25.5,22,7,7,5.5,5.5,25,18,15,17,19,16,18,16,101,85,43,58,39,37,38,104,41,51,40,25,47,63.5,NA,NA,13,10 or more,block12,FALSE
UK_Edinburgh,17m25c21,female,21,15,musician,UK,Edinburgh University,15n29s21,NA,52,0.9122807017543859,12,7.5,2,22.5,16,7.5,4.5,3.5,5.5,21,13.5,18,19,19,15,20,17,108,91,47,61,41,39,42,107,40,51,46,47,56,60.5,NA,NA,12,10 or more,block12,TRUE
UK_Edinburgh,18m14j19,female,19,15,musician,UK,Edinburgh University,16n30y19,NA,48,0.8421052631578947,29,10.5,7,29.5,29,8,6,7,6.5,27.5,19.5,18,18,16,19,17,16,104,88,47,49,39,36,33,92,33,50,36,43,54,52,NA,NA,11,10 or more,block12,TRUE
UK_Edinburgh,19m11m19,female,19,14,musician,UK,Edinburgh University,20n16m19,NA,48,0.8421052631578947,17,12.5,8.5,31,22,8,7,6,6.5,27.5,19.5,17,19,15,16,20,10,97,87,53,59,44,38,35,105,50,46,48,37,46,61,NA,NA,12,10 or more,block12,TRUE
UK_Edinburgh,20m29a20,female,20,14,musician,UK,Edinburgh University,10n23a21,NA,49,0.8596491228070176,22,14,7.5,35.5,23,6,7.5,5.5,6.5,25.5,19.5,14,16,16,15,15,12,88,76,38,41,33,32,35,86,33,55,42,35,43,48,NA,NA,10,10 or more,block12,TRUE
UK_Edinburgh,21m4e28,female,28,17,musician,UK,Edinburgh University,1n11r28,NA,39,0.6842105263157895,15,8.5,7,19.5,14,7,7,6,5.5,25.5,18.5,17,16,16,20,17,12,98,86,47,48,38,34,39,98,48,50,41,18,47,51.5,NA,NA,17,10 or more,block12,FALSE
UK_Edinburgh,22m6s19,female,19,14,musician,UK,Edinburgh University,22n12m19,NA,53,0.9298245614035088,18,12,5,30.5,27,7.5,7.5,8.5,7.5,31,23.5,18,19,19,18,19,14,107,93,47,60,40,40,37,104,43,49,57,49,58,66,NA,NA,15,10 or more,block12,FALSE
UK_Edinburgh,24m9a18,male,18,15,musician,UK,Edinburgh University,13n15e19,NA,50,0.8771929824561403,20,9.5,9,25,16,6,7,5,6,24,18,13,19,20,17,17,18,104,86,43,51,37,39,29,94,36,41,50,24,49,66,NA,NA,10,10 or more,block12,TRUE
UK_Edinburgh,25m22m21,female,21,17,musician,UK,Edinburgh University,2n24e22,NA,41,0.7192982456140351,20,9,10,23,25,5,7,6,6,24,19,17,17,19,20,18,12,103,91,42,53,43,33,32,95,40,54,55,30,46,56,NA,NA,13,10 or more,block12,TRUE
UK_Edinburgh,26m25c25,female,25,19,musician,UK,Edinburgh University,7n25i25,NA,37,0.6491228070175439,12,7,7,29,12,7,6,6.5,4.5,24,17,19,20,20,20,20,16,115,99,45,60,41,40,44,107,45,54,44,36,54,66,NA,NA,20,10 or more,block12,TRUE
UK_Edinburgh,27m28i18,female,18,15,musician,UK,Edinburgh University,12n14c18,NA,34,0.5964912280701754,28,11.5,8.5,27.5,27,8.5,7.5,7,6,29,20.5,13,19,18,20,18,16,104,88,45,53,38,37,32,90,27,55,40,35,37,63,NA,NA,12,10 or more,block12,TRUE
UK_Edinburgh,28m25i22,female,22,17,musician,UK,Edinburgh University,19n4h21,NA,48,0.8421052631578947,16,11,8.5,26,18,8.5,6,8.5,6,29,20.5,17,12,17,19,16,11,92,81,37,51,39,32,34,89,36,60,53,14,51,63.5,NA,NA,10,10 or more,block12,TRUE
UK_Edinburgh,29m10l22,male,22,18,musician,UK,Edinburgh University,3n23e23,NA,49,0.8596491228070176,25,8.5,8,18.5,15,6.5,8,5.5,6,26,19.5,16,17,16,15,18,13,95,82,43,58,40,35,41,102,41,43,43,29,53,38,NA,NA,12,10 or more,block12,FALSE
UK_Edinburgh,31m25m18,male,18,13,musician,UK,Edinburgh University,6n30j19,NA,43,0.7543859649122807,25,12.5,9,28,25,8,7.5,6,7,28.5,20.5,17,18,18,15,18,13,99,86,54,53,41,38,34,101,44,50,47,39,49,61,NA,NA,4,10 or more,block12,FALSE
UK_Edinburgh,1n11r28,female,28,17,nonmusician,UK,Edinburgh University,21m4e28,NA,49,0.8596491228070176,27,11.5,12.5,26.5,21,4,4,6,4.5,18.5,14.5,13,17,19,18,14,13,94,81,31,41,17,34,16,50,42,56,40,25,51,58.5,1,3,NA,3-5,block12,FALSE
UK_Edinburgh,2n24e22,female,22,17,nonmusician,UK,Edinburgh University,25m22m21,NA,45,0.7894736842105263,25,12.5,8,18,27,4,4,4,3,15,11,12,16,16,16,12,9,81,72,28,37,9,28,26,49,42,48,50,38,39,52,NA,NA,NA,0,block12,TRUE
UK_Edinburgh,3n23e23,male,23,18,nonmusician,UK,Edinburgh University,29m10l22,NA,45,0.7894736842105263,5,8.5,7.5,18.5,15,6,5,5,6,22,16,15,13,17,13,15,18,91,73,37,47,22,35,22,64,38,47,24,16,51,66,5,5,NA,6-9,block12,FALSE
UK_Edinburgh,4n30a19,female,19,14,nonmusician,UK,Edinburgh University,16m14j18,NA,52,0.9122807017543859,21,10,6.5,24,11,6,4,5.5,5,20.5,14.5,15,15,15,17,15,16,93,77,39,44,26,35,23,67,42,45,24,37,58,61,2,5,NA,3-5,block12,FALSE
UK_Edinburgh,5n20a21,female,21,17,nonmusician,UK,Edinburgh University,11m24j20,NA,51,0.8947368421052632,26,13.5,9.5,16,26,4,5,6.5,6,21.5,17.5,15,14,18,17,16,17,97,80,42,35,10,27,27,55,36,48,34,33,44,43.5,1,5,NA,0.5,block12,TRUE
UK_Edinburgh,6n30j19,male,19,14,nonmusician,UK,Edinburgh University,31m25m18,NA,50,0.8771929824561403,30,13,7.5,23.5,28,7.5,6,6.5,6,26,18.5,16,12,15,13,17,10,83,73,33,53,20,35,25,74,32,50,36,20,43,61,2,1,NA,0,block12,FALSE
UK_Edinburgh,7n25i25,female,25,18,nonmusician,UK,Edinburgh University,26m25c25,NA,55,0.9649122807017544,19,13,10,22.5,17,6,6,5.5,6.5,24,18,17,18,18,17,14,18,102,84,42,49,7,39,34,68,38,43,33,48,57,59.5,NA,NA,NA,0,block12,TRUE
UK_Edinburgh,8n3a21,female,21,17,nonmusician,UK,Edinburgh University,8m20e22,NA,33,0.5789473684210527,17,10,8.5,16,-6,4.5,2,5.5,3,15,10.5,12,10,14,16,11,5,68,63,28,35,11,22,19,44,34,44,36,45,34,27,NA,NA,NA,2,block12,TRUE
UK_Edinburgh,9n12n20,female,20,16,nonmusician,UK,Edinburgh University,14m8a21,NA,48,0.8421052631578947,21,11.5,10,24.5,25,4,4.5,5.5,5.5,19.5,15.5,14,17,18,14,14,13,90,77,30,38,24,34,30,66,30,42,44,39,54,63,3,5,NA,2,block12,FALSE
UK_Edinburgh,10n23a21,female,21,15,nonmusician,UK,Edinburgh University,20m29a20,NA,46,0.8070175438596491,18,10.5,7.5,18.5,23,4.5,5,3,4,16.5,12,18,20,20,20,19,18,115,97,57,59,13,42,43,97,51,54,40,40,59,50.5,NA,NA,NA,0,block12,TRUE
UK_Edinburgh,11n24a21,male,21,17,nonmusician,UK,Edinburgh University,9m16a22,NA,42,0.7368421052631579,23,13.5,8.5,25.5,25,7,6,5,7,25,18,10,14,16,15,13,11,79,68,32,37,7,27,15,48,45,39,37,33,40,66,NA,NA,NA,0,block12,TRUE
UK_Edinburgh,12n14c18,female,18,14,nonmusician,UK,Edinburgh University,27m28i18,NA,41,0.7192982456140351,26,10,7,25.5,21,3.5,3.5,3,4.5,14.5,11,12,17,16,17,16,10,88,78,30,41,9,33,23,49,47,27,35,42,41,51.5,NA,NA,NA,0,block12,TRUE
UK_Edinburgh,13n15e19,male,19,15,nonmusician,UK,Edinburgh University,24m9a18,NA,48,0.8421052631578947,20,8,7.5,23,18,5,4,6.5,6,21.5,16.5,12,16,16,12,12,14,82,68,32,42,8,28,21,43,42,42,31,31,45,50.5,NA,NA,NA,0,block12,TRUE
UK_Edinburgh,14n28x23,female,23,18,nonmusician,UK,Edinburgh University,6m22r22,NA,49,0.8596491228070176,26,8,8,24,19,5,5,5,4.5,19.5,14.5,10,11,13,18,14,10,76,66,25,33,7,31,24,47,29,54,45,32,51,66,NA,NA,NA,0,block12,TRUE
UK_Edinburgh,15n29s21,female,21,16,nonmusician,UK,Edinburgh University,17m25c21,NA,40,0.7017543859649122,20,9.5,9.5,20.5,10,4.5,6,5,6,21.5,17,15,14,15,16,18,12,90,78,31,39,9,33,20,51,28,36,39,47,44,43,NA,NA,NA,0,block12,TRUE
UK_Edinburgh,16n30y19,female,19,14,nonmusician,UK,Edinburgh University,18m14j19,NA,36,0.631578947368421,7,9.5,8,22,1,4,4.5,4.5,6,19,15,17,18,20,16,19,18,108,90,51,52,8,41,33,75,55,52,52,22,54,32.5,NA,NA,NA,0,block12,TRUE
UK_Edinburgh,17n3c20,female,20,16,nonmusician,UK,Edinburgh University,5m5l19,NA,39,0.6842105263157895,27,11.5,12,16.5,24,3,3.5,4,4,14.5,11.5,17,14,20,18,15,13,97,84,34,37,17,29,23,53,31,44,39,34,40,38,2,5,NA,2,block12,TRUE
UK_Edinburgh,18n3n20,female,20,16,nonmusician,UK,Edinburgh University,7m19r19,NA,45,0.7894736842105263,22,7,7,27.5,10,4.5,3,4.5,3,15,10.5,14,16,17,14,16,12,89,77,36,32,13,33,13,47,37,47,42,41,55,47,1,5,NA,1,block12,TRUE
UK_Edinburgh,19n4h21,female,21,17,nonmusician,UK,Edinburgh University,28m25i22,NA,34,0.5964912280701754,20,8,9,20.5,17,3.5,5.5,4,5,18,14.5,11,14,17,13,13,7,75,68,22,38,8,30,29,47,39,46,34,47,42,55.5,NA,NA,NA,0,block12,TRUE
UK_Edinburgh,20n16m19,female,19,15,nonmusician,UK,Edinburgh University,19m11m19,NA,35,0.6140350877192983,17,10,10.5,21,26,6,8,7,6.5,27.5,21.5,11,14,16,16,14,8,79,71,33,48,11,28,27,62,46,48,41,37,34,58,NA,NA,NA,0,block12,TRUE
UK_Edinburgh,21n22n22,female,22,18,nonmusician,UK,Edinburgh University,4m12a21,NA,48,0.8421052631578947,22,11,9,19,24,5.5,6,7,7.5,26,20.5,12,14,13,13,7,5,64,59,37,49,9,33,11,47,27,38,37,40,51,48,NA,NA,NA,0,block12,TRUE
UK_Edinburgh,22n12m19,female,19,14,nonmusician,UK,Edinburgh University,22m6s19,NA,38,0.6666666666666666,27,10,9,29,13,4.5,4.5,6.5,5,20.5,16,9,16,19,15,15,14,88,74,24,33,23,30,8,43,29,39,51,51,27,59.5,5,4,NA,6-9,block12,FALSE
UK_Edinburgh,1m19o24,male,24,16,musician,UK,Edinburgh University,NA,NA,53,0.9298245614035088,25,12.5,11,30.5,27,9,7.5,8,7,31.5,22.5,16,18,17,17,16,15,99,84,50,53,40,38,34,99,31,32,37,45,47,58,NA,NA,13,10 or more,block12,TRUE
UK_Edinburgh,2m16s21,female,21,16,musician,UK,Edinburgh University,NA,NA,40,0.7017543859649122,19,11,8.5,24,19,5,6.5,8,7,26.5,21.5,15,16,19,18,13,11,92,81,40,53,43,33,32,98,25,48,46,44,38,63,NA,NA,12,10 or more,block12,TRUE
UK_Edinburgh,3m20j22,male,22,15,musician,UK,Edinburgh University,NA,NA,47,0.8245614035087719,29,14.5,11.5,25,25,8.5,8,8,5.5,30,21.5,17,14,16,18,15,9,89,80,51,53,41,38,40,102,33,34,35,35,45,49.5,NA,NA,12,10 or more,block12,TRUE
UK_Edinburgh,10m20m20,female,20,16,musician,UK,Edinburgh University,NA,NA,37,0.6491228070175439,25,9.5,4.5,21,19,7,5.5,5.5,5,23,16,16,15,18,13,14,15,91,76,47,51,40,37,26,84,28,45,37,35,46,66,NA,NA,11,10 or more,block12,TRUE
UK_Edinburgh,12m29g20,male,20,16,musician,UK,Edinburgh University,NA,NA,49,0.8596491228070176,26,12,10.5,18.5,26,8.5,7.5,6.5,6.5,29,20.5,18,16,20,19,19,16,108,92,53,58,44,37,40,111,55,50,54,16,50,66,NA,NA,10,10 or more,block12,TRUE
UK_Edinburgh,13m19d19,female,19,14,musician,UK,Edinburgh University,NA,NA,49,0.8596491228070176,20,16.5,12,40.5,24,9.5,4.5,8.5,6.5,29,19.5,20,14,20,17,17,9,97,88,57,62,43,36,31,105,24,48,25,55,57,59.5,NA,NA,13,10 or more,block12,TRUE
UK_Edinburgh,15m7m28,male,28,21,musician,UK,Edinburgh University,NA,NA,38,0.6666666666666666,13,9,8.5,22.5,18,6.5,4.5,6,7,24,17.5,19,19,19,18,19,18,112,94,56,54,42,36,35,103,37,50,44,46,57,51,NA,NA,11,10 or more,block12,TRUE
UK_Edinburgh,23m31h21,female,21,17,musician,UK,Edinburgh University,NA,NA,51,0.8947368421052632,20,12,10,35.5,26,9.5,8,6,8,31.5,22,17,19,20,18,20,19,113,94,52,57,43,41,40,109,38,48,33,43,58,66,NA,NA,9,6-9,block12,FALSE
UK_Edinburgh,30m28j23,male,23,19,musician,UK,Edinburgh University,NA,NA,48,0.8421052631578947,20,9.5,6.5,25,25,8,4,7,6,25,17,17,20,19,16,18,19,109,90,50,57,43,41,43,108,37,51,51,44,59,63.5,NA,NA,14,10 or more,block12,TRUE
UK_Goldsmiths,3m26j27,female,27,15,musician,UK,Goldsmiths University – Department of Psychology,5n07r26,NA,44,0.7719298245614035,20,9.5,8.5,30,7,8,7,9,5,29,21,18,19,19,20,20,19,115,96,50,63,41,41,49,112,54,58,52,25,60,40,NA,NA,10,10 or more,block12,TRUE
UK_Goldsmiths,5m12c19,female,19,13,musician,UK,Goldsmiths University – Department of Psychology,2n12o19,NA,36,0.631578947368421,17,12.5,10,19.5,27,7.5,5,8,7,27.5,20,16,17,20,19,18,20,110,90,51,58,37,38,41,112,34,45,48,44,55,61,NA,NA,9,3-5,block12,FALSE
UK_Goldsmiths,6m26l18,male,18,16,musician,UK,Goldsmiths University – Department of Psychology,3n22m18,NA,36,0.631578947368421,16,8,4.5,15.5,22,5,5,4,5,19,14,15,13,18,15,17,14,92,78,43,44,37,30,32,82,36,46,40,42,47,59,NA,NA,10,10 or more,block12,TRUE
UK_Goldsmiths,7m11m21,female,21,14,musician,UK,Goldsmiths University – Department of Psychology,4n12m21,NA,22,0.38596491228070173,11,10,8.5,25.5,18,7,6.5,6,5,24.5,17.5,16,20,20,20,18,20,114,94,55,59,44,35,43,112,44,60,43,36,57,64.5,NA,NA,10,10 or more,block12,TRUE
UK_Goldsmiths,8m27m21,female,21,16,musician,UK,Goldsmiths University – Department of Psychology,9n20c21,NA,52,0.9122807017543859,28,10.5,12,31,28,9,8,8,8,33,24,10,20,16,14,11,15,86,71,40,48,40,40,46,102,36,37,40,60,50,57,NA,NA,12,10 or more,block12,TRUE
UK_Goldsmiths,9m24a22,female,22,18,musician,UK,Goldsmiths University – Department of Psychology,13n29n22,NA,51,0.8947368421052632,26,14.5,8.5,41,24,7.5,7,9,7,30.5,23,14,18,20,16,19,13,100,87,38,59,37,38,43,101,31,48,54,42,50,55.5,NA,NA,17,10 or more,block12,TRUE
UK_Goldsmiths,2n12o19,female,19,14,nonmusician,UK,Goldsmiths University – Department of Psychology,5m12c19,NA,37,0.6491228070175439,17,9,9,24.5,14,5.5,4,4.5,4.5,18.5,13,16,18,17,17,18,18,104,86,34,44,10,30,34,64,36,45,31,40,46,27,NA,NA,NA,0,block12,FALSE
UK_Goldsmiths,3n22m18,male,18,14,nonmusician,UK,Goldsmiths University – Department of Psychology,6m26l18,NA,40,0.7017543859649122,14,9.5,8,18.5,-12,3,6,4,4.5,17.5,14.5,14,7,15,11,10,6,63,57,32,40,7,27,24,44,42,40,34,35,44,22,NA,NA,NA,0,block12,TRUE
UK_Goldsmiths,4n12m21,female,21,14,nonmusician,UK,Goldsmiths University – Department of Psychology,7m11m21,NA,33,0.5789473684210527,18,8,9.5,27,-20,6.5,5,3.5,8,23,16.5,16,20,18,16,16,15,101,86,36,45,21,31,32,76,42,48,32,48,43,49,NA,NA,1,0,block12,TRUE
UK_Goldsmiths,5n07r26,female,26,15,nonmusician,UK,Goldsmiths University – Department of Psychology,3m26j27,NA,37,0.6491228070175439,23,10,10,19,-10,2.5,5.5,4.5,4.5,17,14.5,19,18,18,19,16,16,106,90,44,33,18,40,34,71,43,30,28,59,59,55.5,2,5,NA,2,block12,TRUE
UK_Goldsmiths,9n20c21,female,21,16,nonmusician,UK,Goldsmiths University – Department of Psychology,8m27m21,NA,38,0.6666666666666666,19,9.5,8.5,25.5,16,7,8,6.5,7.5,29,22,15,14,17,19,15,11,91,80,38,44,27,33,23,78,16,42,29,57,46,40.5,NA,NA,1,0,block12,TRUE
UK_Goldsmiths,13n29n22,female,22,17,nonmusician,UK,Goldsmiths University – Department of Psychology,9m24a22,NA,38,0.6666666666666666,14,9.5,7.5,33,1,8,5,8.5,7.5,29,21,18,20,20,20,17,16,111,95,50,53,22,41,32,83,44,51,46,57,55,8,NA,NA,NA,1,block12,TRUE
UK_Goldsmiths,14n16m21,male,21,13,nonmusician,UK,Goldsmiths University – Department of Psychology,NA,NA,NA,NA,14,13.5,10.5,26.5,23,2.5,2.5,6.5,5,16.5,14,13,17,16,11,14,12,83,71,31,46,13,32,31,67,40,50,51,36,40,8,NA,NA,NA,0,block12,TRUE
UK_Goldsmiths,15n26v24,female,24,13,nonmusician,UK,Goldsmiths University – Department of Psychology,NA,NA,35,0.6140350877192983,15,7.5,7.5,24,13,6.5,4.5,5.5,7.5,24,17.5,16,20,20,20,20,20,116,96,37,52,20,40,33,81,48,40,43,39,52,8,NA,NA,1,0,block12,TRUE
UK_Goldsmiths,16n10r18,female,18,13,nonmusician,UK,Goldsmiths University – Department of Psychology,NA,NA,25,0.43859649122807015,16,10.5,8.5,30.5,-18,6,6,7,6,25,19,12,13,13,13,12,12,75,63,25,40,8,24,17,47,34,40,32,38,30,17,NA,NA,NA,0,block12,TRUE
UK_Goldsmiths,17n08t19,female,19,15,nonmusician,UK,Goldsmiths University – Department of Psychology,NA,NA,36,0.631578947368421,16,7.5,9.5,19.5,-11,6,4.5,8,7.5,26,20,18,16,17,17,17,16,101,85,53,49,13,37,33,82,25,56,55,27,58,20,NA,NA,NA,0,block12,TRUE
UK_Goldsmiths,18n21a19,male,19,14,nonmusician,UK,Goldsmiths University – Department of Psychology,NA,NA,NA,NA,19,11,10,31.5,15,7,5.5,5,6.5,24,17,13,16,19,14,14,17,93,76,34,49,19,34,26,65,37,48,36,24,46,57,2,1,NA,2,block12,FALSE
UK_Goldsmiths,1m17m30,female,30,19,musician,UK,Goldsmiths University – Department of Psychology,NA,NA,33,0.5789473684210527,25,9,8.5,34,-13,9,7,7.5,6,29.5,20.5,14,18,14,9,14,16,85,69,43,47,42,38,31,97,32,36,49,39,48,31,NA,NA,12,6-9,block1,FALSE
UK_Goldsmiths,2m27921,male,21,17,musician,UK,Goldsmiths University – Department of Psychology,NA,NA,41,0.7192982456140351,11,9,9.5,27,23,9.5,6,7,7,29.5,20,20,19,19,20,20,15,113,98,56,58,47,40,46,119,54,49,49,33,60,63.5,NA,NA,13,10 or more,block12,TRUE
UK_Goldsmiths,4m21m22,male,22,15,musician,UK,Goldsmiths University – Department of Psychology,NA,NA,39,0.6842105263157895,24,10.5,8,30,20,4.5,6.5,7.5,8,26.5,22,16,19,19,16,17,16,103,87,46,54,33,34,44,102,36,44,45,51,57,8,NA,NA,9,1,block12,FALSE
UK_Goldsmiths,10m14s26,female,26,19,musician,UK,Goldsmiths University – Department of Psychology,NA,NA,20,0.3508771929824561,10,8.5,7.5,22,1,8,5,6,5.5,24.5,16.5,14,20,20,16,19,17,106,89,48,39,32,36,28,85,40,59,56,46,55,66,NA,NA,14,10 or more,block12,TRUE
UK_Goldsmiths,1n18m18,female,18,14,nonmusician,UK,Goldsmiths University – Department of Psychology,NA,NA,44,0.7719298245614035,24,8,3.5,18,-25,4.5,5,6.5,8,24,19.5,13,18,16,20,11,14,92,78,28,46,22,33,29,55,38,51,37,45,44,58,2,1,NA,2,block12,FALSE
UK_Goldsmiths,6n13d20,female,20,13,nonmusician,UK,Goldsmiths University – Department of Psychology,NA,NA,37,0.6491228070175439,27,15,15,31,18,6,3,5.5,5,19.5,13.5,17,19,18,17,15,18,104,86,39,40,14,38,25,65,38,42,34,39,48,66,NA,NA,NA,2,block12,TRUE
UK_Goldsmiths,7n12s18,female,18,14,nonmusician,UK,Goldsmiths University – Department of Psychology,NA,NA,39,0.6842105263157895,19,10.5,7,20,13,4.5,3.5,3.5,6,17.5,13,14,14,16,11,15,16,86,70,36,42,9,28,9,44,28,27,43,52,48,61,NA,NA,NA,0,block12,TRUE
UK_Goldsmiths,8n21f18,female,18,15,nonmusician,UK,Goldsmiths University – Department of Psychology,NA,NA,31,0.543859649122807,9,9,8,22.5,-18,3,4,2.5,6.5,16,13,19,20,20,20,18,20,117,97,49,51,31,31,41,95,53,47,37,47,56,8,NA,NA,NA,3-5,block12,FALSE
UK_Goldsmiths,10n13i19,female,19,15,nonmusician,UK,Goldsmiths University – Department of Psychology,NA,NA,31,0.543859649122807,21,12.5,10,18.5,-10,6,7,7,7.5,27.5,21.5,10,16,20,19,12,20,97,77,36,53,29,32,35,83,18,25,45,58,34,43,NA,NA,NA,3-5,block12,FALSE
UK_Goldsmiths,11n03p18,female,18,15,nonmusician,UK,Goldsmiths University – Department of Psychology,NA,NA,33,0.5789473684210527,23,7.5,8.5,23,-32,6.5,5,5,5,21.5,15,15,10,16,16,14,13,84,71,41,41,28,28,25,67,27,36,35,32,47,63.5,5,5,NA,6-9,block12,FALSE
UK_Goldsmiths,12n23t19,female,19,15,nonmusician,UK,Goldsmiths University – Department of Psychology,NA,NA,36,0.631578947368421,10,8.5,6,19.5,-8,4.5,2.5,1.5,2.5,11,6.5,12,14,15,15,12,12,80,68,17,32,8,28,16,38,40,34,35,36,38,61,NA,NA,NA,0,block12,TRUE
UK_Sheffield,1m07e20,female,20,16,musician,UK,Sheffield University – Department of Music,4n06w21,NA,44,0.7719298245614035,23,8,8,26,-4,7,6.5,7.5,5.5,26.5,19.5,13,20,16,14,16,18,97,79,37,45,38,36,32,86,33,43,46,48,52,58.5,NA,NA,10,10 or more,block1,FALSE
UK_Sheffield,2m06s20,female,20,16,musician,UK,Sheffield University – Department of Music,3n17s19,NA,36,0.631578947368421,18,10.5,6.5,24,9,6.5,8,4,7,25.5,19,18,17,20,18,19,18,110,92,49,60,48,38,37,111,55,45,56,52,49,40.5,NA,NA,10,10 or more,block1,FALSE
UK_Sheffield,3m25a25,female,25,19,musician,UK,Sheffield University – Department of Music,13n08e25,NA,52,0.9122807017543859,27,9.5,7.5,27,18,7.5,5.5,5,3.5,21.5,14,16,20,20,20,20,20,116,96,45,55,34,38,42,104,42,56,46,33,57,58,NA,NA,5,10 or more,block1,FALSE
UK_Sheffield,4m06e20,male,20,14,musician,UK,Sheffield University – Department of Music,NA,NA,44,0.7719298245614035,25,9,8,22,26,4,7.5,5,5.5,22,18,20,18,19,9,19,16,101,85,57,50,43,37,14,78,20,54,23,44,50,66,NA,NA,14,10 or more,block12,TRUE
UK_Sheffield,5m08r20,female,20,13,musician,UK,Sheffield University – Department of Music,NA,NA,NA,NA,22,11.5,9,31,-8,8,7.5,8,5.5,29,21,19,19,20,8,19,18,103,85,45,58,39,35,31,96,48,47,56,46,51,61,NA,NA,10,10 or more,block12,TRUE
UK_Sheffield,6m13h19,female,19,15,musician,UK,Sheffield University – Department of Music,16n21r20,NA,40,0.7017543859649122,11,9.5,4.5,20.5,15,5,7.5,4.5,8,25,20,19,19,20,19,18,9,104,95,54,56,43,37,39,109,44,52,57,43,48,60,NA,NA,12,10 or more,block12,TRUE
UK_Sheffield,7m29l19,female,19,15,musician,UK,Sheffield University – Department of Music,5n28a19,NA,47,0.8245614035087719,23,8.5,7.5,26,23,7.5,6,6.5,8,28,20.5,19,17,20,20,18,15,109,94,53,52,42,35,32,100,28,54,36,37,47,47.5,NA,NA,10,10 or more,block12,TRUE
UK_Sheffield,8m31z19,female,19,16,musician,UK,Sheffield University – Department of Music,6n9p18,NA,45,0.7894736842105263,24,13.5,8,31.5,18,7,5.5,7.5,8,28,21,19,20,20,19,17,19,114,95,44,55,43,40,45,109,52,39,49,27,57,43,NA,NA,4,10 or more,block12,FALSE
UK_Sheffield,9m05t19,female,19,14,musician,UK,Sheffield University – Department of Music,15n6l18,NA,56,0.9824561403508771,24,13,8,32,18,9,7,7,6,29,20,20,20,20,13,20,18,111,93,59,58,43,42,45,117,37,47,31,41,57,53.5,NA,NA,12,10 or more,block12,TRUE
UK_Sheffield,10m21s18,female,18,14,musician,UK,Sheffield University – Department of Music,14n15k18,NA,52,0.9122807017543859,21,9.5,7,23.5,20,6.5,5,8,8,27.5,21,16,16,18,20,18,16,104,88,44,49,32,36,45,97,51,56,46,25,51,58.5,NA,NA,15,10 or more,block12,TRUE
UK_Sheffield,11m21b18,female,18,14,musician,UK,Sheffield University – Department of Music,8n04e20,NA,49,0.8596491228070176,27,9,10,20,27,9,7.5,6,7,29.5,20.5,19,17,20,19,19,17,111,94,53,59,42,35,39,108,36,55,47,29,50,56,NA,NA,8,10 or more,block12,FALSE
UK_Sheffield,12m25c19,male,19,15,musician,UK,Sheffield University – Department of Music,7n1j18,NA,49,0.8596491228070176,20,10.5,9.5,31,24,8.5,6.5,7,6,28,19.5,19,20,20,17,20,20,116,96,55,56,43,38,34,105,45,54,46,35,56,52,NA,NA,10,10 or more,block12,TRUE
UK_Sheffield,13m15l20,female,20,16,musician,UK,Sheffield University – Department of Music,9n17g21,NA,42,0.7368421052631579,24,9,11.5,23,20,8,6.5,6,5,25.5,17.5,19,18,20,18,16,15,106,91,41,46,42,29,32,94,40,47,36,50,52,61,NA,NA,11,10 or more,block12,TRUE
UK_Sheffield,14m28j22,male,22,18,musician,UK,Sheffield University – Department of Music,11n21a23,NA,52,0.9122807017543859,28,13,9,23.5,26,8,6.5,9,7.5,31,23,20,20,20,19,19,20,118,98,61,58,42,40,36,104,37,52,20,44,58,58,NA,NA,11,10 or more,block12,TRUE
UK_Sheffield,1n15s26,male,26,17,nonmusician,UK,Sheffield University – Department of Music,NA,NA,18,0.3157894736842105,12,13,6.5,21,12,4,3.5,6.5,5,19,15,12,16,18,14,14,15,89,74,32,36,14,26,32,64,43,43,34,35,43,38,NA,NA,NA,0,block1,TRUE
UK_Sheffield,2n27m25,female,25,17,nonmusician,UK,Sheffield University – Department of Music,NA,NA,30,0.5263157894736842,27,7.5,8.5,21,-16,5.5,5,6,3.5,20,14.5,13,15,16,16,15,15,90,75,29,28,9,33,21,48,47,47,44,42,41,66,2,5,NA,0,block1,TRUE
UK_Sheffield,3n17s19,female,19,15,nonmusician,UK,Sheffield University – Department of Music,2m06s20,NA,39,0.6842105263157895,22,9.5,7.5,21,21,5.5,4,4,5.5,19,13.5,16,17,18,12,8,14,85,71,49,49,25,37,31,89,45,35,28,38,53,58.5,5,4,NA,0,block1,FALSE
UK_Sheffield,4n06w21,female,21,17,nonmusician,UK,Sheffield University – Department of Music,1m07e20,NA,52,0.9122807017543859,25,5,6.5,21,28,6.5,6.5,8,7,28,21.5,13,20,20,20,20,20,113,93,35,47,17,38,36,75,31,57,40,48,50,66,3,5,NA,2,block1,FALSE
UK_Sheffield,5n28a19,female,19,15,nonmusician,UK,Sheffield University – Department of Music,7m29l19,NA,46,0.8070175438596491,26,10,7.5,18.5,18,5,4.5,5,2.5,17,12,12,20,18,17,19,15,101,86,42,39,13,34,26,58,46,39,33,35,51,54,1,5,NA,1,block12,TRUE
UK_Sheffield,6n9p18,female,18,15,nonmusician,UK,Sheffield University – Department of Music,8m31z19,NA,54,0.9473684210526315,26,11.5,9,20.5,20,4.5,5,7,5,21.5,17,14,15,17,15,15,11,87,76,35,43,7,28,25,53,31,41,37,48,33,34,NA,NA,NA,0,block12,FALSE
UK_Sheffield,7n1j18,male,18,14,nonmusician,UK,Sheffield University – Department of Music,12m25c19,NA,45,0.7894736842105263,27,8.5,8,27.5,0,2.5,6,7,6,21.5,19,9,13,16,16,12,8,74,66,22,32,7,28,12,34,34,30,31,50,49,45.5,NA,NA,NA,0,block12,TRUE
UK_Sheffield,8n04e20,female,20,15,nonmusician,UK,Sheffield University – Department of Music,11m21b18,NA,44,0.7719298245614035,14,8.5,5.5,27,-5,6.5,5,6.5,4,22,15.5,16,19,18,18,16,11,98,87,36,37,9,33,27,56,53,55,53,45,52,48,NA,NA,NA,0,block12,FALSE
UK_Sheffield,9n17g21,female,21,15,nonmusician,UK,Sheffield University – Department of Music,13m15l20,NA,40,0.7017543859649122,14,10.5,7,14.5,-10,4,3,6.5,2.5,16,12,17,17,15,15,14,15,93,78,41,42,11,34,36,73,49,39,51,35,50,43.5,NA,NA,NA,0,block12,TRUE
UK_Sheffield,10n17a22,female,22,17,nonmusician,UK,Sheffield University – Department of Music,NA,NA,53,0.9298245614035088,27,11,7.5,20.5,25,6,6,7.5,6,25.5,19.5,14,19,17,18,12,7,87,80,33,43,20,39,23,62,28,46,36,50,42,30,2,5,NA,2,block12,TRUE
UK_Sheffield,11n21a23,male,23,19,nonmusician,UK,Sheffield University – Department of Music,14m28j22,NA,57,1,19,9.5,8.5,18.5,10,1.5,4.5,4.5,5,15.5,14,13,15,19,7,13,11,78,67,36,42,7,22,17,41,24,40,34,32,38,23.5,NA,NA,NA,0,block12,TRUE
UK_Sheffield,12n25s22,female,22,15,nonmusician,UK,Sheffield University – Department of Music,NA,NA,46,0.8070175438596491,19,9,7,19,16,4.5,3.5,5,6.5,19.5,15,14,14,17,16,10,12,83,71,30,37,9,29,16,42,29,42,45,39,41,47,NA,NA,NA,0.5,block12,TRUE
UK_Sheffield,13n08e25,female,25,19,nonmusician,UK,Sheffield University – Department of Music,3m25a25,NA,57,1,21,16.5,8,16.5,19,6.5,4,3.5,4.5,18.5,12,18,20,19,17,20,11,105,94,40,46,9,40,26,63,41,42,46,39,49,45,NA,NA,NA,0,block12,FALSE
UK_Sheffield,14n15k18,female,18,14,nonmusician,UK,Sheffield University – Department of Music,10m21s18,NA,44,0.7719298245614035,8,6.5,6.5,18,-13,4,2.5,5,4,15.5,11.5,14,10,16,11,9,11,71,60,33,34,16,21,27,63,27,36,38,39,45,18,NA,NA,NA,0,block12,TRUE
UK_Sheffield,15n6l18,female,18,13,nonmusician,UK,Sheffield University – Department of Music,9m05t19,NA,43,0.7543859649122807,16,8.5,8.5,21.5,14,5.5,4.5,6.5,7,23.5,18,13,12,16,15,13,8,77,69,32,42,10,25,28,59,31,41,47,35,42,48.5,NA,NA,NA,0,block12,TRUE
UK_Sheffield,16n21r20,female,20,16,nonmusician,UK,Sheffield University – Department of Music,6m13h19,NA,52,0.9122807017543859,24,13,7.5,27.5,21,6.5,5,4.5,4.5,20.5,14,16,16,20,19,13,14,98,84,39,44,19,31,23,61,37,49,52,44,45,47.5,2,5,NA,2,block12,TRUE
US_Maryland,10m07e22,female,22,16,musician,USA,Maryland University – Department of Psychology,8n04l21,NA,43,0.7543859649122807,15,7.5,9.5,21.5,-5,6,5.5,7,5.5,24,18,20,15,18,14,16,19,102,83,59,44,44,35,31,96,35,41,40,52,53,61,NA,NA,17,10 or more,block12,FALSE
US_Maryland,11m01m21,female,21,15,musician,USA,Maryland University – Department of Psychology,15m04g20,NA,42,0.7368421052631579,16,10.5,8.5,26,25,6.5,4,6,5,21.5,15,14,17,16,16,18,13,94,81,42,52,35,37,41,104,42,55,53,27,55,56,NA,NA,9,6-9,block12,FALSE
US_Maryland,12m08a19,female,19,13,musician,USA,Maryland University – Department of Psychology,NA,NA,42,0.7368421052631579,22,8,11,20,18,7,6.5,7.5,4,25,18,16,17,19,16,13,14,95,81,55,54,36,42,35,103,55,41,50,36,51,61,NA,NA,10,10 or more,block12,TRUE
US_Maryland,13m31a20,female,20,14,musician,USA,Maryland University – Department of Psychology,12n01m20,NA,38,0.6666666666666666,19,13,10,23,21,8.5,7,7.5,7,30,21.5,14,10,19,18,15,12,88,76,38,53,35,34,38,93,45,47,55,25,53,62,NA,NA,15,10 or more,block12,FALSE
US_Maryland,14m05j23,male,23,16,musician,USA,Maryland University – Department of Psychology,2n25t22,NA,42,0.7368421052631579,17,12,10,32,26,8,8,7,5,28,20,16,18,20,18,19,20,111,91,41,59,45,39,41,110,45,52,37,22,57,66,NA,NA,14,10 or more,block12,TRUE
US_Maryland,1m12k19,female,19,13,musician,USA,Maryland University – Department of Psychology,5n18a19,NA,40,0.7017543859649122,24,9.5,7,29,20,6,8,5.5,5.5,25,19,14,16,19,18,18,16,101,85,39,53,42,34,35,94,29,48,48,28,47,54.5,NA,NA,10,6-9,block12,FALSE
US_Maryland,2m18e19,female,19,13,musician,USA,Maryland University – Department of Psychology,6n20s19,NA,42,0.7368421052631579,15,8,8,28,0,7,5,3.5,6,21.5,14.5,19,20,20,20,20,18,117,99,56,62,41,42,44,114,49,44,55,29,53,66,NA,NA,15,10 or more,block12,TRUE
US_Maryland,3m04h20,female,20,14,musician,USA,Maryland University – Department of Psychology,1n04e20,NA,34,0.5964912280701754,21,10.5,8,27.5,23,6,4,5.5,5.5,21,15,14,18,16,18,16,12,94,82,31,46,31,34,29,74,41,49,43,42,55,49.5,NA,NA,11,10 or more,block12,TRUE
US_Maryland,4m25v19,female,19,13,musician,USA,Maryland University – Department of Psychology,4n12h20,NA,42,0.7368421052631579,18,10.5,10.5,22,-5,4.5,6,7,8,25.5,21,17,20,20,20,20,19,116,97,52,58,41,39,35,99,47,32,50,41,52,61,NA,NA,11,10 or more,block12,TRUE
US_Maryland,5m08c19,female,19,13,musician,USA,Maryland University – Department of Psychology,3n11n19,NA,35,0.6140350877192983,22,7.5,9.5,17.5,16,7,4.5,6.5,6,24,17,16,17,19,16,14,18,100,82,43,39,32,35,31,85,41,53,57,28,52,66,NA,NA,4,3-5,block12,FALSE
US_Maryland,6m02a19,female,19,13,musician,USA,Maryland University – Department of Psychology,NA,NA,36,0.631578947368421,13,12.5,8,20,10,5.5,6.5,4,7,23,17.5,19,20,20,20,20,20,119,99,54,53,34,39,41,104,40,58,49,45,57,66,NA,NA,7,6-9,block12,FALSE
US_Maryland,7m30c18,female,18,12,musician,USA,Maryland University – Department of Psychology,NA,NA,35,0.6140350877192983,21,14,11,24.5,24,7.5,8,8,6,29.5,22,14,16,19,17,19,12,97,85,47,50,42,40,30,101,38,46,37,37,47,61,NA,NA,13,10 or more,block12,TRUE
US_Maryland,8m30c18,female,18,12,musician,USA,Maryland University – Department of Psychology,NA,NA,48,0.8421052631578947,26,11,7.5,29,18,8,7.5,5.5,6,27,19,18,15,19,18,17,16,103,87,49,53,42,38,35,103,35,39,44,46,52,56,NA,NA,10,10 or more,block12,TRUE
US_Maryland,9m05e22,female,22,16,musician,USA,Maryland University – Department of Psychology,7n09v21,NA,40,0.7017543859649122,14,10.5,7.5,23.5,4,5.5,6.5,4.5,4.5,21,15.5,16,16,20,12,16,12,92,80,43,47,45,40,33,102,30,33,53,39,32,66,NA,NA,15,10 or more,block12,FALSE
US_Maryland,10n11g21,male,21,15,nonmusician,USA,Maryland University – Department of Psychology,NA,NA,41,0.7192982456140351,10,12.5,9,22,9,6.5,5,6,3.5,21,14.5,11,9,14,13,11,4,62,58,30,50,26,25,17,64,50,50,59,20,49,56,5,5,NA,3-5,block12,FALSE
US_Maryland,11n06b21,female,21,15,nonmusician,USA,Maryland University – Department of Psychology,16m15v20,NA,31,0.543859649122807,8,8,7,21,0,4,3.5,3.5,5,16,12,8,10,20,17,10,11,76,65,27,46,11,28,14,42,19,48,50,49,47,48,NA,NA,NA,0,block12,FALSE
US_Maryland,12n01m20,female,20,14,nonmusician,USA,Maryland University – Department of Psychology,13m31a20,NA,31,0.543859649122807,16,9,5.5,19.5,20,4.5,3,6,4,17.5,13,19,20,18,20,18,14,109,95,46,53,13,39,22,68,35,42,26,53,51,39,3,5,NA,0,block12,FALSE
US_Maryland,13n24d20,male,20,15,nonmusician,USA,Maryland University – Department of Psychology,NA,NA,35,0.6140350877192983,18,10,11,19.5,19,5,5,6,5.5,21.5,16.5,14,16,20,17,16,18,101,83,34,43,16,32,29,68,25,40,33,44,43,40.5,NA,NA,NA,0,block12,TRUE
US_Maryland,14n04o22,male,22,15,nonmusician,USA,Maryland University – Department of Psychology,NA,NA,43,0.7543859649122807,11,11,8.5,19,13,4,3.5,4.5,5,17,13,14,14,15,10,14,12,79,67,30,40,17,29,23,57,24,39,36,37,42,18,NA,NA,NA,2,block12,TRUE
US_Maryland,15m04g20,female,20,14,nonmusician,USA,Maryland University – Department of Psychology,11m01m21,NA,47,0.8245614035087719,21,10,11,22.5,26,6.5,5.5,7,6.5,25.5,19,16,15,19,20,17,17,104,87,46,60,32,41,44,100,44,49,43,29,59,63.5,NA,NA,11,10 or more,block12,FALSE
US_Maryland,16m15v20,female,20,15,musician,USA,Maryland University – Department of Psychology,11n06b21,NA,40,0.7017543859649122,22,10,7,22,19,7,7,6,8,28,21,17,16,16,16,18,16,99,83,46,46,29,31,33,87,48,49,48,42,56,66,NA,NA,8,6-9,block12,FALSE
US_Maryland,1n04e20,female,20,14,nonmusician,USA,Maryland University – Department of Psychology,3m04h20,NA,32,0.5614035087719298,18,12.5,11.5,18,23,7,3,6.5,5,21.5,14.5,9,15,14,18,13,7,76,69,29,43,7,33,19,47,33,49,48,31,32,63,NA,NA,NA,0,block12,TRUE
US_Maryland,2n25t22,male,22,15,nonmusician,USA,Maryland University – Department of Psychology,14m05j23,NA,43,0.7543859649122807,10,8.5,9,28,14,3.5,5,6.5,5.5,20.5,17,14,18,18,15,15,17,97,80,38,48,16,36,25,67,43,42,43,48,45,62,NA,NA,NA,0,block12,TRUE
US_Maryland,3n11n19,female,19,13,nonmusician,USA,Maryland University – Department of Psychology,5m08c19,NA,24,0.42105263157894735,10,10,8,22,-9,2,5.5,5,6,18.5,16.5,16,16,16,15,16,16,95,79,39,43,13,29,27,64,49,35,44,34,43,8,NA,NA,NA,0,block12,FALSE
US_Maryland,4n12h20,female,20,14,nonmusician,USA,Maryland University – Department of Psychology,4m25v19,NA,34,0.5964912280701754,11,9.5,7.5,25,-1,7,3.5,6.5,4,21,14,14,14,16,14,11,15,84,69,27,43,11,31,20,53,34,42,40,38,35,48,NA,NA,NA,0,block12,TRUE
US_Maryland,5n18a19,female,19,13,nonmusician,USA,Maryland University – Department of Psychology,1m12k19,NA,39,0.6842105263157895,20,11,9,31,4,3.5,4.5,5,6.5,19.5,16,8,8,8,10,8,8,50,42,17,35,35,15,17,53,42,42,42,27,39,66,NA,NA,NA,3-5,block12,FALSE
US_Maryland,6n20s19,female,19,13,nonmusician,USA,Maryland University – Department of Psychology,2m18e19,NA,32,0.5614035087719298,26,10.5,10.5,17.5,23,6,6,5.5,6.5,24,18,11,14,16,12,7,9,69,60,27,39,17,26,23,53,34,42,27,23,40,55.5,1,5,NA,1,block12,TRUE
US_Maryland,7n09v21,female,21,15,nonmusician,USA,Maryland University – Department of Psychology,9m05e22,NA,32,0.5614035087719298,7,10,7,20,9,4,4.5,3.5,4.5,16.5,12.5,15,14,16,16,15,15,91,76,45,49,34,34,24,80,39,46,35,35,48,50,NA,NA,1,10 or more,block12,FALSE
US_Maryland,8n04l21,female,21,15,nonmusician,USA,Maryland University – Department of Psychology,10m07e22,NA,35,0.6140350877192983,15,16.5,10,27.5,21,7.5,4,8,6,25.5,18,17,14,19,15,14,12,91,79,40,35,22,33,23,61,42,50,47,21,54,61,NA,NA,8,6-9,block12,FALSE
US_Minnesota,1m30b30,male,30,23,musician,USA,Minnesota University - APC lab,1n30j30,NA,52,0.9122807017543859,6,14.5,10.5,32.5,17,10,7,6,6,29,19,14,16,11,8,16,10,75,65,51,56,45,37,33,105,40,51,38,35,55,57,NA,NA,16,10 or more,block12,TRUE
US_Minnesota,2m21g23,female,21,16,musician,USA,Minnesota University - APC lab,11n22a29,NA,43,0.7543859649122807,23,7,8,27,19,7,5,6,6,24,17,15,15,18,17,19,15,99,84,39,44,36,34,28,83,44,56,46,25,50,57,NA,NA,10,10 or more,block12,FALSE
US_Minnesota,3m18n09,female,18,13,musician,USA,Minnesota University - APC lab,15n19e11,NA,40,0.7017543859649122,22,10.5,10,23,18,5,7,5,5.5,22.5,17.5,20,13,18,16,19,11,97,86,35,43,34,33,23,66,44,56,46,49,55,66,NA,NA,11,6-9,block12,FALSE
US_Minnesota,4m19h28,female,19,14,musician,USA,Minnesota University - APC lab,7n18i18,NA,45,0.7894736842105263,27,11.5,11.5,23.5,21,6,5.5,8,5.5,25,19,15,18,18,15,19,15,100,85,40,53,39,34,33,92,47,50,51,36,43,66,NA,NA,8,10 or more,block12,FALSE
US_Minnesota,5m20g29,female,20,14,musician,USA,Minnesota University - APC lab,5n21n18,NA,47,0.8245614035087719,26,11.5,8,31,27,8,7,9,6,30,22,12,20,15,19,15,15,96,81,42,52,35,40,35,97,38,47,45,48,48,47,NA,NA,11,10 or more,block12,TRUE
US_Minnesota,6m23r20,male,23,18,musician,USA,Minnesota University - APC lab,9n23e01,NA,50,0.8771929824561403,23,12,8.5,26,21,7,5.5,6.5,5.5,24.5,17.5,15,20,20,18,18,19,110,91,42,50,41,40,35,96,38,44,58,47,57,40.5,NA,NA,13,10 or more,block12,TRUE
US_Minnesota,7m20k11,male,20,14,musician,USA,Minnesota University - APC lab,16n20l19,NA,44,0.7719298245614035,17,8.5,9,19,24,8,6,9,7,30,22,19,15,20,19,19,17,109,92,50,63,47,36,39,109,51,59,57,20,50,61,NA,NA,14,6-9,block12,FALSE
US_Minnesota,8m20j18,male,20,16,musician,USA,Minnesota University - APC lab,12n21b14,NA,48,0.8421052631578947,16,14.5,10,22,21,5,3.5,6,5,19.5,14.5,19,19,20,14,20,20,112,92,49,51,38,38,35,99,33,52,37,38,48,61,NA,NA,10,10 or more,block12,TRUE
US_Minnesota,9m20p27,female,20,15,musician,USA,Minnesota University - APC lab,4n20a17,NA,48,0.8421052631578947,12,10.5,6,29.5,19,8,7.5,7.5,5,28,20,15,17,16,14,17,10,89,79,46,50,39,35,32,98,19,40,50,37,47,66,NA,NA,17,10 or more,block12,TRUE
US_Minnesota,10m21c14,male,21,15,musician,USA,Minnesota University - APC lab,21n22a03,NA,46,0.8070175438596491,22,10,7.5,26,27,9.5,6.5,7,4.5,27.5,18,15,18,17,19,18,15,102,87,37,50,38,33,36,95,53,37,27,34,49,54.5,NA,NA,9,10 or more,block12,FALSE
US_Minnesota,11m18g06,male,18,13,musician,USA,Minnesota University - APC lab,6n18s11,NA,47,0.8245614035087719,28,13.5,11.5,27.5,25,7,7,7,7.5,28.5,21.5,18,17,20,20,16,19,110,91,50,63,41,38,34,106,24,47,24,37,60,39,NA,NA,9,6-9,block12,FALSE
US_Minnesota,12m26t17,female,26,17,musician,USA,Minnesota University - APC lab,20n26p05,NA,48,0.8421052631578947,16,8,9,23.5,-15,6,4,5,6,21,15,9,15,9,15,14,15,77,62,33,43,33,33,23,67,46,42,26,26,51,43,NA,NA,14,3-5,block12,FALSE
US_Minnesota,13m19n13,male,19,14,musician,USA,Minnesota University - APC lab,19n20r21,NA,48,0.8421052631578947,25,9.5,8.5,17.5,19,5,6,9,6,26,21,19,17,18,11,20,18,103,85,53,62,41,40,28,100,44,54,56,17,57,64.5,NA,NA,15,10 or more,block12,FALSE
US_Minnesota,14m21i20,male,21,15,musician,USA,Minnesota University - APC lab,10n22p10,NA,48,0.8421052631578947,33,11,11,27.5,23,8.5,6,7,7,28.5,20,17,13,18,20,19,19,106,87,42,56,41,28,44,106,49,47,37,21,50,45.5,NA,NA,10,10 or more,block12,TRUE
US_Minnesota,15m19e16,female,19,14,musician,USA,Minnesota University - APC lab,8n19s21,NA,50,0.8771929824561403,33,13,10,28,23,6.5,7,7.5,6.5,27.5,21,19,17,19,18,18,14,105,91,53,58,41,41,24,90,40,42,55,37,54,66,NA,NA,11,10 or more,block12,TRUE
US_Minnesota,16m27b11,male,27,17,musician,USA,Minnesota University - APC lab,3n26g09,NA,49,0.8596491228070176,25,12.5,9,29,27,5.5,2.5,6.5,5.5,20,14.5,20,20,18,14,20,17,109,92,62,63,45,41,47,123,56,31,43,22,55,61,NA,NA,10,10 or more,block12,TRUE
US_Minnesota,17m21c17,female,21,15,musician,USA,Minnesota University - APC lab,2n20a20,NA,48,0.8421052631578947,20,10.5,8,24.5,27,8,6,7,5,26,18,17,17,19,19,19,14,105,91,55,55,44,39,27,101,44,45,35,28,56,58,NA,NA,11,10 or more,block12,TRUE
US_Minnesota,18m21s13,female,21,16,musician,USA,Minnesota University - APC lab,13n20n30,NA,51,0.8947368421052632,26,12,9.5,31.5,21,7,3.5,9.5,5,25,18,18,20,19,19,20,17,113,96,43,55,44,40,47,113,31,44,40,31,53,63.5,NA,NA,12,10 or more,block12,FALSE
US_Minnesota,19m19t05,male,19,15,musician,USA,Minnesota University - APC lab,14n19n16,NA,48,0.8421052631578947,26,15,10,18,27,9,6,4,6.5,25.5,16.5,12,15,16,12,13,10,78,68,41,56,40,30,38,101,54,56,49,17,50,63.5,NA,NA,12,10 or more,block12,TRUE
US_Minnesota,20m30a06,female,30,19,musician,USA,Minnesota University - APC lab,18n29r25,NA,52,0.9122807017543859,18,7.5,9,26,24,7.5,3,5.5,6.5,22.5,15,12,14,14,18,17,9,84,75,32,44,37,29,30,80,30,45,44,35,44,8,NA,NA,12,2,block12,FALSE
US_Minnesota,21m19a23,female,19,14,musician,USA,Minnesota University - APC lab,17n20m15,NA,48,0.8421052631578947,16,12.5,11.5,19.5,17,7,5,7.5,5.5,25,18,16,20,20,16,19,15,106,91,48,58,40,40,37,101,34,49,45,44,49,60.5,NA,NA,10,10 or more,block12,TRUE
US_Minnesota,1n30j30,male,30,23,nonmusician,USA,Minnesota University - APC lab,1m30b30,NA,50,0.8771929824561403,26,11.5,12,28.5,28,4,4.5,7.5,7,23,19,14,14,15,12,16,12,83,71,29,39,9,35,18,47,37,52,48,19,39,59,NA,NA,NA,0.5,block12,TRUE
US_Minnesota,2n20a20,female,20,16,nonmusician,USA,Minnesota University - APC lab,17m21c17,NA,44,0.7719298245614035,24,10,9,26.5,21,6,2.5,3.5,4,16,10,13,19,19,17,13,14,95,81,24,41,10,33,21,47,49,45,50,47,21,63.5,NA,NA,NA,0,block12,TRUE
US_Minnesota,3n26g09,male,26,16,nonmusician,USA,Minnesota University - APC lab,16m27b11,NA,44,0.7719298245614035,22,8.5,9,14.5,-6,4,5.5,6,6,21.5,17.5,14,14,15,17,15,12,87,75,35,46,24,27,34,74,54,58,51,15,52,56,NA,NA,NA,2,block12,TRUE
US_Minnesota,4n20a17,female,20,15,nonmusician,USA,Minnesota University - APC lab,9m20p27,NA,46,0.8070175438596491,30,8,12,16.5,27,2.5,5,5,3,15.5,13,11,19,20,7,15,19,91,72,31,28,18,37,13,47,40,42,32,47,46,66,NA,NA,NA,1,block12,TRUE
US_Minnesota,5n21n18,female,21,14,nonmusician,USA,Minnesota University - APC lab,5m20g29,NA,44,0.7719298245614035,20,10.5,11.5,30,23,6.5,5,4,5.5,21,14.5,18,20,20,18,18,17,111,94,42,51,14,39,27,66,49,52,38,40,44,62,1,5,NA,0,block12,TRUE
US_Minnesota,6n18s11,male,18,13,nonmusician,USA,Minnesota University - APC lab,11m18g06,NA,47,0.8245614035087719,28,10,10,19.5,24,4.5,5,6,7,22.5,18,15,14,20,12,14,17,92,75,39,44,9,28,25,60,35,35,43,26,28,63.5,NA,NA,NA,0,block12,FALSE
US_Minnesota,7n18i18,female,18,13,nonmusician,USA,Minnesota University - APC lab,4m19h28,NA,43,0.7543859649122807,19,13,11.5,19.5,19,5,6.5,6,6,23.5,18.5,10,8,16,11,10,8,63,55,26,41,11,27,24,53,36,40,40,42,33,58,NA,NA,NA,0,block12,FALSE
US_Minnesota,8n19s21,female,19,14,nonmusician,USA,Minnesota University - APC lab,15m19e16,NA,50,0.8771929824561403,24,13.5,8,33.5,28,5,5,4.5,5,19.5,14.5,16,14,16,17,12,9,84,75,32,31,15,28,20,49,35,52,28,51,41,62,NA,NA,NA,2,block12,TRUE
US_Minnesota,9n23e01,male,23,17,nonmusician,USA,Minnesota University - APC lab,6m23r20,NA,46,0.8070175438596491,16,9,9.5,24.5,25,6.5,4.5,4,5.5,20.5,14,12,16,16,18,14,16,92,76,34,47,15,34,29,64,38,45,36,30,44,58,NA,NA,NA,0,block12,TRUE
US_Minnesota,10n22p10,male,22,14,nonmusician,USA,Minnesota University - APC lab,14m21i20,NA,43,0.7543859649122807,25,11.5,10,29.5,20,6.5,5.5,5.5,5.5,23,16.5,15,13,19,19,13,15,94,79,48,43,12,30,11,51,32,41,34,31,45,40,1,5,NA,1,block12,TRUE
US_Minnesota,11n22a29,female,22,15,nonmusician,USA,Minnesota University - APC lab,2m21g23,NA,46,0.8070175438596491,21,11.5,10,25,20,5.5,6,7.5,6,25,19.5,17,20,20,18,15,14,104,90,40,43,29,39,27,78,36,47,44,50,47,27,NA,NA,NA,6-9,block12,FALSE
US_Minnesota,12n21b14,male,21,16,nonmusician,USA,Minnesota University - APC lab,8m20j18,NA,49,0.8596491228070176,21,13.5,7.5,20.5,27,4.5,5.5,5.5,6.5,22,17.5,9,7,17,8,10,10,61,51,20,34,11,24,15,35,31,49,50,32,33,53,2,5,NA,0,block12,TRUE
US_Minnesota,13n20n30,female,20,15,nonmusician,USA,Minnesota University - APC lab,18m21s13,NA,43,0.7543859649122807,15,10.5,6.5,20,21,5,2,4.5,5.5,17,12,13,14,16,15,12,13,83,70,27,40,28,25,20,58,30,41,46,45,41,51,NA,NA,1,6-9,block12,FALSE
US_Minnesota,14n19n16,male,19,14,nonmusician,USA,Minnesota University - APC lab,19m19t05,NA,41,0.7192982456140351,13,11.5,12.5,18,25,6.5,6,3.5,6.5,22.5,16,14,9,16,16,15,12,82,70,29,33,12,32,22,46,41,50,38,28,34,50.5,NA,NA,NA,0,block12,TRUE
US_Minnesota,15n19e11,female,19,14,nonmusician,USA,Minnesota University - APC lab,3m18n09,NA,38,0.6666666666666666,19,12.5,10,15.5,28,4,3,4,4.5,15.5,11.5,11,9,15,15,11,10,71,61,22,33,10,23,26,47,49,49,52,28,45,52,NA,NA,NA,0,block12,FALSE
US_Minnesota,16n20l19,male,20,14,nonmusician,USA,Minnesota University - APC lab,7m20k11,NA,43,0.7543859649122807,18,11.5,8,15,23,5.5,4,7,3.5,20,14.5,16,10,17,15,16,14,88,74,36,39,25,33,31,76,49,53,38,16,51,59.5,2,5,NA,2,block12,FALSE
US_Minnesota,17n20m15,female,20,15,nonmusician,USA,Minnesota University - APC lab,21m19a23,NA,45,0.7894736842105263,16,10.5,9.5,17,-15,6,6,6,6.5,24.5,18.5,17,19,20,16,19,16,107,91,44,50,19,37,32,75,51,54,52,31,51,63.5,2,5,NA,2,block12,TRUE
US_Minnesota,18n29r25,female,29,18,nonmusician,USA,Minnesota University - APC lab,20m30a06,NA,46,0.8070175438596491,13,8.5,6.5,18.5,11,7,3.5,5,6,21.5,14.5,16,13,16,16,14,12,87,75,40,42,20,29,21,63,33,45,38,31,42,34,NA,NA,NA,0,block12,FALSE
US_Minnesota,19n20r21,male,20,14,nonmusician,USA,Minnesota University - APC lab,13m19n13,NA,49,0.8596491228070176,13,6.5,7,21.5,15,5.5,2.5,5,4,17,11.5,16,16,16,15,15,13,91,78,43,52,23,34,28,72,41,40,39,39,45,38,3,4,NA,3-5,block12,FALSE
US_Minnesota,20n26p05,female,26,18,nonmusician,USA,Minnesota University - APC lab,12m26t17,NA,47,0.8245614035087719,27,11,9,24,14,7.5,6,7,5.5,26,18.5,14,14,20,20,17,10,95,85,28,39,8,28,29,51,36,48,49,23,39,58,NA,NA,NA,0,block12,FALSE
US_Minnesota,21n22a03,male,22,14,nonmusician,USA,Minnesota University - APC lab,10m21c14,NA,42,0.7368421052631579,13,8.5,7,18.5,15,4,6,7.5,6.5,24,20,16,16,16,18,16,16,98,82,42,45,18,33,28,71,49,50,51,19,50,32.5,NA,NA,NA,1,block12,FALSE
US_NewYork,1m16j22,female,22,18,musician,USA,New York University - MARL,1n23i23,NA,48,0.8421052631578947,24,10,9,31.5,16,8.5,6.5,6.5,3.5,25,16.5,18,19,19,17,18,19,110,91,50,62,42,42,47,115,53,46,54,36,53,53.5,NA,NA,13,10 or more,block12,FALSE
US_NewYork,2m20s18,female,18,14,musician,USA,New York University - MARL,2n4t19,NA,39,0.6842105263157895,14,11,9.5,24.5,20,6.5,7,8.5,6.5,28.5,22,20,19,19,20,20,17,115,98,57,62,44,34,49,117,57,53,55,31,58,66,NA,NA,14,10 or more,block12,TRUE
US_NewYork,3m13e20,female,20,15,musician,USA,New York University - MARL,3n15e20,NA,42,0.7368421052631579,16,10.5,7.5,29.5,22,7.5,5,7,5.5,25,17.5,15,20,16,20,18,18,107,89,49,61,39,42,42,112,50,48,48,46,59,8,NA,NA,10,6-9,block12,FALSE
US_NewYork,4m1s25bis,male,25,18,musician,USA,New York University - MARL,4n9e24,NA,40,0.7017543859649122,17,11.5,9.5,16.5,26,8,8,6.5,6.5,29,21,19,17,18,20,17,15,106,91,57,62,47,39,42,117,55,47,48,19,55,66,NA,NA,20,10 or more,block12,TRUE
US_NewYork,5m23j23,female,23,19,musician,USA,New York University - MARL,5n27c23,NA,34,0.5964912280701754,9,10.5,7.5,15.5,-17,6,6,4,5,21,15,19,20,19,20,16,20,114,94,59,55,39,40,38,101,41,35,44,42,51,50,NA,NA,7,6-9,block12,FALSE
US_NewYork,6m22d22,male,22,16,musician,USA,New York University - MARL,6n30d22,NA,46,0.8070175438596491,28,9.5,11.5,26,23,9,6.5,7,7,29.5,20.5,16,18,20,13,20,10,97,87,51,43,38,39,18,76,33,41,56,59,54,58,NA,NA,14,10 or more,block12,TRUE
US_NewYork,7m7k20,female,20,15,musician,USA,New York University - MARL,7n5t19,NA,42,0.7368421052631579,14,11,8,23.5,14,5.5,5,4,6,20.5,15,17,11,16,15,15,8,82,74,50,57,43,36,36,105,46,52,39,30,37,61,NA,NA,14,10 or more,block12,TRUE
US_NewYork,8m9a23,female,23,18,musician,USA,New York University - MARL,NA,NA,32,0.5614035087719298,17,9,7.5,22.5,4,6,5,7,8,26,20,19,20,20,20,20,20,119,99,52,60,45,41,41,112,39,46,50,34,53,59.5,NA,NA,14,10 or more,block12,TRUE
US_NewYork,9m22c28,male,28,17,musician,USA,New York University - MARL,NA,NA,57,1,25,10.5,6,33,23,7.5,5,6.5,6,25,17.5,20,20,16,18,20,20,114,94,59,63,45,42,46,121,55,33,39,36,59,48,NA,NA,7,6-9,block12,FALSE
US_NewYork,10m30c21,female,21,17,musician,USA,New York University - MARL,10n16m21,NA,57,1,33,17,7.5,38.5,26,7.5,5.5,7,5,25,17.5,17,18,20,18,19,18,110,92,48,60,43,37,43,108,42,53,50,37,54,55.5,NA,NA,12,10 or more,block12,TRUE
US_NewYork,11m3r30,female,30,21,musician,USA,New York University - MARL,11n2s30,NA,53,0.9298245614035088,23,10,7,24,24,6,3,3.5,6.5,19,13,19,18,19,20,18,16,110,94,51,60,35,41,34,95,28,42,50,57,26,61,NA,NA,10,6-9,block12,FALSE
US_NewYork,12m2d26,male,26,21,musician,USA,New York University - MARL,12n24g26,NA,49,0.8596491228070176,14,7.5,11.5,23,26,7,3.5,4,3,17.5,10.5,16,16,14,15,17,16,94,78,52,43,44,33,38,106,41,42,45,30,45,49.5,NA,NA,10,6-9,block12,FALSE
US_NewYork,13m22k19,female,19,14,musician,USA,New York University - MARL,NA,NA,47,0.8245614035087719,16,12.5,9.5,29,29,8,7,8,6,29,21,17,18,20,19,20,17,111,94,48,58,41,35,43,107,37,42,48,37,44,50.5,NA,NA,15,10 or more,block12,TRUE
US_NewYork,14m10l22,male,22,18,musician,USA,New York University - MARL,14n27c23,NA,51,0.8947368421052632,24,14,11,35,25,8,5,10,5.5,28.5,20.5,20,20,20,18,20,19,117,98,59,63,48,42,47,121,58,57,53,20,59,56,NA,NA,16,10 or more,block12,TRUE
US_NewYork,15m14i28,male,28,17,musician,USA,New York University - MARL,15n11g29,NA,54,0.9473684210526315,23,14.5,9,39.5,30,8.5,3.5,8.5,7,27.5,19,16,18,19,16,20,18,107,89,46,59,39,42,32,94,32,49,45,34,57,63.5,NA,NA,15,10 or more,block12,TRUE
US_NewYork,16m20b26,male,26,17,musician,USA,New York University - MARL,NA,NA,51,0.8947368421052632,24,10,10.5,25.5,28,6.5,5.5,7.5,8,27.5,21,15,13,14,16,18,17,93,76,49,55,44,37,30,94,58,37,43,48,53,62,NA,NA,10,10 or more,block12,TRUE
US_NewYork,17m19d30,male,30,19,musician,USA,New York University - MARL,17n16m30,NA,53,0.9298245614035088,10,7,8,27,17,7,5.5,5,4,21.5,14.5,18,19,19,20,20,17,113,96,51,43,47,37,29,96,39,49,40,31,54,66,NA,NA,7,6-9,block12,FALSE
US_NewYork,18m13b28,male,28,21,musician,USA,New York University - MARL,18n6s26,NA,38,0.6666666666666666,22,11,11,30.5,23,7,6.5,8.5,7.5,29.5,22.5,19,20,20,17,18,19,113,94,58,63,35,41,45,118,56,53,41,32,58,36,NA,NA,2,0.5,block12,FALSE
US_NewYork,19m6k28,male,28,19,musician,USA,New York University - MARL,19n8d28,NA,52,0.9122807017543859,19,8.5,6.5,23,8,6,4,5.5,3.5,19,13,14,16,15,14,12,13,84,71,41,46,29,32,27,77,30,44,26,33,49,8,NA,NA,7,3-5,block12,FALSE
US_NewYork,20m19y22,male,22,17,musician,USA,New York University - MARL,20n7j23,NA,39,0.6842105263157895,22,10.5,7,32.5,29,9,6,8.5,5.5,29,20,13,17,14,16,15,11,86,75,46,45,40,31,35,93,38,39,48,32,46,32,NA,NA,10,10 or more,block12,FALSE
US_NewYork,21m8l27,female,27,20,musician,USA,New York University - MARL,21n22s27,NA,49,0.8596491228070176,23,13,9,29,18,8,5.5,6,6.5,26,18,16,14,14,17,18,15,94,79,56,61,43,40,44,114,53,48,58,44,49,17,NA,NA,7,10 or more,block12,FALSE
US_NewYork,1n23i23,female,23,17,nonmusician,USA,New York University - MARL,1m16j22,NA,47,0.8245614035087719,19,10,8.5,20.5,21,5,5,5,6,21,16,13,17,15,12,15,16,88,72,37,51,29,35,29,78,29,47,49,44,50,48,NA,NA,4,3-5,block12,FALSE
US_NewYork,2n4t19,female,19,14,nonmusician,USA,New York University - MARL,2m20s18,NA,41,0.7192982456140351,12,9.5,8,17,12,6,3,2.5,6.5,18,12,10,10,18,13,6,8,65,57,25,37,10,28,33,62,18,40,37,46,33,8,NA,NA,NA,0,block12,TRUE
US_NewYork,3n15e20,female,20,15,nonmusician,USA,New York University - MARL,3m13e20,NA,42,0.7368421052631579,16,11,8.5,21,18,4,3.5,3.5,5,16,12,17,20,20,20,15,18,110,92,46,53,22,42,27,79,38,47,43,43,51,57,NA,NA,NA,2,block12,FALSE
US_NewYork,4n9e24,male,24,18,nonmusician,USA,New York University - MARL,4m1s25bis,NA,43,0.7543859649122807,21,8.5,4.5,22.5,17,5,3,4,2.5,14.5,9.5,20,20,20,18,17,20,115,95,63,47,7,42,35,78,30,46,31,41,55,8,NA,NA,NA,0,block12,TRUE
US_NewYork,5n27c23,female,23,18,nonmusician,USA,New York University - MARL,5m23j23,NA,39,0.6842105263157895,11,10,7.5,22.5,9,6.5,5.5,6,6,24,17.5,16,17,20,19,18,19,109,90,43,45,22,37,39,88,45,53,39,44,54,8,2,1,NA,3-5,block12,FALSE
US_NewYork,6n30d22,male,22,17,nonmusician,USA,New York University - MARL,6m22d22,NA,35,0.6140350877192983,17,11,9,20.5,21,4,6,4,5.5,19.5,15.5,14,15,15,14,15,12,85,73,35,36,7,27,19,51,45,42,46,29,44,49.5,NA,NA,NA,0,block12,TRUE
US_NewYork,7n5t19,female,19,15,nonmusician,USA,New York University - MARL,7m7k20,NA,39,0.6842105263157895,12,11,10.5,17.5,15,3,4.5,3,3,13.5,10.5,11,20,20,18,16,19,104,85,24,34,11,39,27,57,41,40,39,32,41,56,NA,NA,NA,0,block12,TRUE
US_NewYork,9n19n29,male,29,17,nonmusician,USA,New York University - MARL,NA,NA,54,0.9473684210526315,21,12.5,NA,27,20,5,6.5,4,6,21.5,16.5,11,16,15,11,16,9,78,69,22,50,17,37,39,66,56,43,40,30,47,58,1,5,NA,1,block12,TRUE
US_NewYork,10n16m21,female,21,16,nonmusician,USA,New York University - MARL,10m30c21,NA,44,0.7719298245614035,17,11.5,5,23.5,22,2,2.5,5,5.5,15,13,19,19,17,20,20,17,112,95,44,41,9,35,25,59,52,49,46,31,48,55.5,NA,NA,NA,0,block12,TRUE
US_NewYork,11n2s30,female,30,20,nonmusician,USA,New York University - MARL,11m3r30,NA,51,0.8947368421052632,18,10.5,8,19.5,12,6.5,7.5,5.5,7.5,27,20.5,19,20,20,20,19,20,118,98,53,59,9,40,33,73,56,48,47,43,55,66,NA,NA,NA,1,block12,FALSE
US_NewYork,12n24g26,male,26,21,nonmusician,USA,New York University - MARL,12m2d26,NA,43,0.7543859649122807,30,11.5,8,22.5,23,5,2.5,5,4.5,17,12,4,6,13,13,9,5,50,45,20,14,12,17,11,30,39,50,40,25,50,63,1,5,NA,2,block12,FALSE
US_NewYork,14n27c23,male,23,17,nonmusician,USA,New York University - MARL,14m10l22,NA,45,0.7894736842105263,12,13,7,29.5,14,5,3.5,4,5.5,18,13,17,19,18,13,16,15,98,83,40,41,10,36,28,62,37,47,48,43,54,60.5,NA,NA,NA,0,block12,TRUE
US_NewYork,15n11g29,male,29,17,nonmusician,USA,New York University - MARL,15m14i28,NA,50,0.8771929824561403,14,13.5,6.5,12,21,5,5,7.5,5,22.5,17.5,10,18,13,12,15,8,76,68,23,30,9,35,12,28,38,40,21,49,39,55,1,5,NA,0.5,block12,TRUE
US_NewYork,17n16m30,male,30,20,nonmusician,USA,New York University - MARL,17m19d30,NA,53,0.9298245614035088,25,13,11,34.5,27,5.5,6,6,5.5,23,17.5,14,18,16,18,15,14,95,81,41,47,10,35,22,62,44,51,60,28,48,47,NA,NA,NA,0,block12,FALSE
US_NewYork,18n6s26,male,26,20,nonmusician,USA,New York University - MARL,18m13b28,NA,50,0.8771929824561403,26,10.5,8.5,23.5,26,1,1.5,2.5,3,8,7,10,17,17,12,11,12,79,67,31,25,11,29,10,28,49,38,51,31,53,66,1,5,NA,2,block12,FALSE
US_NewYork,19n8d28,male,28,20,nonmusician,USA,New York University - MARL,19m6k28,NA,45,0.7894736842105263,13,11.5,6.5,22.5,15,4.5,1.5,4.5,6,16.5,12,13,18,19,17,14,19,100,81,24,33,9,32,18,42,42,44,49,33,43,60,NA,NA,NA,0,block12,FALSE
US_NewYork,20n7j23,male,23,17,nonmusician,USA,New York University - MARL,20m19y22,NA,48,0.8421052631578947,23,11,8.5,25,20,7.5,5.5,5.5,5,23.5,16,14,15,16,14,16,14,89,75,35,42,15,30,22,56,38,41,47,40,48,59.5,1,1,NA,0.5,block12,FALSE
US_NewYork,21n22s27,female,27,19,nonmusician,USA,New York University - MARL,21m8l27,NA,50,0.8771929824561403,22,10,10.5,20,28,7.5,5.5,5.5,5.5,24,16.5,12,16,15,16,14,12,85,73,31,42,22,35,23,63,47,51,30,39,40,66,2,5,NA,2,block12,FALSE
US_SouthernCalifornia,1m28m20,male,20,14,musician,USA,Southern California University - Brain and Creativity Institute,8n28q20,NA,39,0.6842105263157895,20,11.5,7.5,27.5,-11,7.5,6.5,6.5,6,26.5,19,20,19,20,19,20,20,118,98,53,56,40,41,31,100,56,59,24,45,60,56,NA,NA,6,6-9,block12,FALSE
US_SouthernCalifornia,2m8a18,female,18,13,musician,USA,Southern California University - Brain and Creativity Institute,2n30c19,NA,30,0.5263157894736842,14,11.5,10,25,-16,7,5,8,5,25,18,15,16,16,16,15,16,94,78,45,45,38,33,32,86,38,46,42,26,45,66,NA,NA,11,10 or more,block12,TRUE
US_SouthernCalifornia,3m13j20,male,20,14,musician,USA,Southern California University - Brain and Creativity Institute,14n3m21,NA,41,0.7192982456140351,24,10.5,8,30,17,9.5,6,6.5,6.5,28.5,19,16,17,15,15,17,15,95,80,50,54,46,39,43,108,46,47,46,35,56,61,NA,NA,10,10 or more,block12,TRUE
US_SouthernCalifornia,4m25s19,female,19,14,musician,USA,Southern California University - Brain and Creativity Institute,9n5k19,NA,43,0.7543859649122807,28,12.5,11,20.5,24,5.5,2.5,7,5.5,20.5,15,20,20,20,19,20,20,119,99,56,51,49,40,37,107,42,48,55,36,55,63.5,NA,NA,16,10 or more,block12,TRUE
US_SouthernCalifornia,5m22b22,male,22,15,musician,USA,Southern California University - Brain and Creativity Institute,16n18j21,NA,30,0.5263157894736842,10,9.5,7,24,24,7.5,4,6,3.5,21,13.5,16,14,16,14,16,16,92,76,44,46,34,30,35,87,41,44,30,30,45,48,NA,NA,10,10 or more,block12,TRUE
US_SouthernCalifornia,6m6d18,female,18,12,musician,USA,Southern California University - Brain and Creativity Institute,3n10m19,NA,41,0.7192982456140351,24,12.5,12,22,27,5.5,5,5.5,5,21,15.5,18,17,18,18,18,17,106,89,47,55,41,41,28,91,46,44,46,42,53,59.5,NA,NA,11,10 or more,block12,TRUE
US_SouthernCalifornia,7m13c22,female,22,17,musician,USA,Southern California University - Brain and Creativity Institute,22n14t22,NA,39,0.6842105263157895,23,7,7,28.5,23,7.5,7,7,4.5,26,18.5,11,16,14,15,14,16,86,70,41,62,42,34,49,111,53,52,25,50,58,62,NA,NA,13,10 or more,block12,TRUE
US_SouthernCalifornia,8m27a20,female,20,15,musician,USA,Southern California University - Brain and Creativity Institute,10n22a20,NA,43,0.7543859649122807,21,11.5,7.5,21.5,21,5.5,4,4.5,3,17,11.5,16,13,14,10,15,13,81,68,40,53,39,31,18,77,48,53,46,25,46,66,NA,NA,15,10 or more,block12,TRUE
US_SouthernCalifornia,9m17i21,female,21,16,musician,USA,Southern California University - Brain and Creativity Institute,4n22s22,NA,32,0.5614035087719298,20,10.5,10.5,29.5,18,5,6.5,7,7,25.5,20.5,19,20,20,20,20,20,119,99,51,54,42,40,35,99,58,52,42,31,59,58,NA,NA,12,10 or more,block12,TRUE
US_SouthernCalifornia,10m20t19,male,19,14,musician,USA,Southern California University - Brain and Creativity Institute,11n9j18,NA,44,0.7719298245614035,20,11.5,9,28,23,9,8,5.5,6,28.5,19.5,20,20,20,20,20,17,117,100,53,63,44,42,44,115,40,48,49,49,60,53,NA,NA,14,10 or more,block12,TRUE
US_SouthernCalifornia,12m6s28,male,28,18,musician,USA,Southern California University - Brain and Creativity Institute,17n12k27,NA,30,0.5263157894736842,11,13,11,35.5,29,9.5,8,8,8,33.5,24,18,18,20,15,20,19,110,91,46,53,46,37,40,107,41,52,44,20,52,59.5,NA,NA,22,10 or more,block12,TRUE
US_SouthernCalifornia,13m7s24,female,24,16,musician,USA,Southern California University - Brain and Creativity Institute,12n11m23,NA,42,0.7368421052631579,22,12,10,30,21,8,6,7.5,5.5,27,19,15,15,20,18,17,15,100,85,49,56,41,39,36,98,45,45,26,34,52,58,NA,NA,14,10 or more,block12,FALSE
US_SouthernCalifornia,14m6d18,nonbinary,18,13,musician,USA,Southern California University - Brain and Creativity Institute,19n27m19,NA,41,0.7192982456140351,28,11,14.5,24,27,8.5,6,5,6,25.5,17,17,17,16,15,17,17,99,82,48,46,36,35,25,88,34,48,43,34,51,31.5,NA,NA,12,10 or more,block12,TRUE
US_SouthernCalifornia,15m1p22,female,22,16,musician,USA,Southern California University - Brain and Creativity Institute,1n4k23,NA,31,0.543859649122807,23,9,9,30.5,24,8.5,5.5,4.5,7,25.5,17,16,14,17,17,16,16,96,80,43,45,41,32,33,93,34,42,40,55,50,8,NA,NA,17,10 or more,block12,TRUE
US_SouthernCalifornia,16m15a21,female,21,15,musician,USA,Southern California University - Brain and Creativity Institute,20n4s20,NA,49,0.8596491228070176,29,13.5,12.5,30,18,10,7.5,8,8,33.5,23.5,14,19,16,18,19,20,106,86,45,58,45,42,48,116,33,42,43,42,59,59.5,NA,NA,7,10 or more,block12,FALSE
US_SouthernCalifornia,17M19R20,male,20,14,musician,USA,Southern California University - Brain and Creativity Institute,15n16p19,NA,48,0.8421052631578947,27,14,8.5,33,26,9,7.5,6,7,29.5,20.5,18,15,19,14,16,20,102,82,55,54,44,38,31,104,30,50,50,40,48,66,NA,NA,14,10 or more,block12,TRUE
US_SouthernCalifornia,18m23t20,female,20,14,musician,USA,Southern California University - Brain and Creativity Institute,5n28t19,NA,38,0.6666666666666666,20,7,5.5,24,15,7.5,6.5,8.5,8,30.5,23,19,19,18,19,20,16,111,95,55,61,42,40,47,116,49,55,51,28,54,49.5,NA,NA,11,10 or more,block12,TRUE
US_SouthernCalifornia,19m4l23,female,23,16,musician,USA,Southern California University - Brain and Creativity Institute,6n8m23,NA,33,0.5789473684210527,24,11,5.5,21,22,6.5,5.5,4,4.5,20.5,14,17,17,16,16,19,15,100,85,42,47,40,39,29,89,46,49,45,37,54,53,NA,NA,12,10 or more,block12,TRUE
US_SouthernCalifornia,20m03c23,male,23,16,musician,USA,Southern California University - Brain and Creativity Institute,7n2s22,NA,44,0.7719298245614035,23,9,6,28,15,9.5,7,4.5,5,26,16.5,20,20,20,19,18,20,117,97,57,60,46,42,40,116,34,57,47,32,60,41,NA,NA,15,10 or more,block12,TRUE
US_SouthernCalifornia,21m22l21,female,21,14,musician,USA,Southern California University - Brain and Creativity Institute,21n20m22,NA,28,0.49122807017543857,14,9,10.5,27.5,16,8,5,8,5,26,18,15,20,20,17,19,19,110,91,45,48,42,36,32,97,33,54,35,35,48,37,NA,NA,17,10 or more,block12,TRUE
US_SouthernCalifornia,22m22k19,female,19,13,musician,USA,Southern California University - Brain and Creativity Institute,24n21a20,NA,32,0.5614035087719298,17,7,8.5,21.5,26,5,8,6,7,26,21,15,16,19,19,20,13,102,89,47,54,42,33,43,104,54,53,43,34,53,35,NA,NA,7,6-9,block12,FALSE
US_SouthernCalifornia,1n4k23,female,23,17,nonmusician,USA,Southern California University - Brain and Creativity Institute,15m1p22,NA,10,0.17543859649122806,28,15.5,6,17,25,6,3.5,4.5,5,19,13,7,9,13,15,9,7,60,53,15,30,7,25,22,41,33,48,35,26,35,34.5,NA,NA,NA,0,block12,TRUE
US_SouthernCalifornia,2n30c19,female,19,14,nonmusician,USA,Southern California University - Brain and Creativity Institute,2m8a18,NA,33,0.5789473684210527,23,10,8,15,23,5,6,4.5,5,20.5,15.5,10,15,16,15,13,7,76,69,26,35,13,26,27,50,46,52,45,41,52,63.5,NA,NA,NA,0,block12,TRUE
US_SouthernCalifornia,3n10m19,female,19,13,nonmusician,USA,Southern California University - Brain and Creativity Institute,6m6d18,NA,33,0.5789473684210527,14,9.5,6.5,21.5,17,1,5.5,1.5,4.5,12.5,11.5,14,14,17,13,12,13,83,70,21,37,14,35,19,46,52,52,48,23,43,66,1,5,NA,0,block12,TRUE
US_SouthernCalifornia,4n22s22,female,22,15,nonmusician,USA,Southern California University - Brain and Creativity Institute,9m17i21,NA,36,0.631578947368421,16,8.5,6.5,18,16,4,3,6,7,20,16,12,12,18,18,15,10,85,75,26,31,7,26,19,38,43,54,59,16,41,47,NA,NA,NA,0,block12,TRUE
US_SouthernCalifornia,5n28t19,female,19,13,nonmusician,USA,Southern California University - Brain and Creativity Institute,18m23t20,NA,31,0.543859649122807,28,12,11.5,27.5,18,4.5,2,5,5.5,17,12.5,17,14,16,16,17,13,93,80,40,38,12,29,28,67,41,44,38,46,46,42,NA,NA,NA,0,block12,TRUE
US_SouthernCalifornia,6n8m23,female,23,16,nonmusician,USA,Southern California University - Brain and Creativity Institute,19m4l23,NA,31,0.543859649122807,26,10.5,8,24.5,30,5,2.5,5,3.5,16,11,5,16,8,12,10,11,62,51,15,32,7,27,14,36,50,45,46,43,42,66,NA,NA,NA,0,block12,TRUE
US_SouthernCalifornia,7n2s22,male,22,17,nonmusician,USA,Southern California University - Brain and Creativity Institute,20m03c23,NA,20,0.3508771929824561,13,14.5,8.5,20.5,18,2.5,2.5,5.5,2,12.5,10,18,18,20,7,17,16,96,80,44,40,13,32,32,71,46,52,46,31,44,13,NA,NA,NA,0,block12,TRUE
US_SouthernCalifornia,8n28q20,male,20,14,nonmusician,USA,Southern California University - Brain and Creativity Institute,1m28m20,NA,41,0.7192982456140351,21,12,6.5,19,10,3,5,5.5,5.5,19,16,17,20,19,18,17,15,106,91,49,52,14,39,22,68,43,55,42,15,57,45.5,NA,NA,NA,0.5,block12,FALSE
US_SouthernCalifornia,9n5k19,female,19,14,nonmusician,USA,Southern California University - Brain and Creativity Institute,4m25s19,NA,26,0.45614035087719296,18,9,4,19.5,20,3.5,2.5,6.5,4.5,17,13.5,17,19,20,19,16,19,110,91,51,49,7,40,32,69,29,42,37,39,49,8,NA,NA,NA,0,block12,TRUE
US_SouthernCalifornia,10n22a20,female,20,14,nonmusician,USA,Southern California University - Brain and Creativity Institute,8m27a20,NA,37,0.6491228070175439,33,15.5,12.5,36.5,23,7,7,6,4,24,17,10,10,16,9,7,8,60,52,24,41,11,32,19,48,27,47,40,43,46,66,NA,NA,NA,0,block12,TRUE
US_SouthernCalifornia,11n9j18,male,18,13,nonmusician,USA,Southern California University - Brain and Creativity Institute,10m20t19,NA,38,0.6666666666666666,30,14,9,19.5,27,8,6,8.5,7,29.5,21.5,13,18,17,17,13,12,90,78,31,53,14,35,21,63,51,32,48,35,45,27,NA,NA,NA,0,block12,TRUE
US_SouthernCalifornia,12n11m23,female,23,17,nonmusician,USA,Southern California University - Brain and Creativity Institute,13m7s24,NA,32,0.5614035087719298,16,7.5,4.5,24.5,2,7,6.5,4.5,5,23,16,15,16,17,15,16,10,89,79,38,49,20,33,30,75,34,48,46,43,39,43,5,1,NA,0,block12,FALSE
US_SouthernCalifornia,14n3m21,male,21,15,nonmusician,USA,Southern California University - Brain and Creativity Institute,3m13j20,NA,31,0.543859649122807,21,11.5,8.5,24,-13,4.5,3,6.5,5.5,19.5,15,15,10,16,16,13,11,81,70,38,48,10,31,25,56,44,44,49,21,50,25,NA,NA,NA,0,block12,TRUE
US_SouthernCalifornia,15n16p19,male,19,13,nonmusician,USA,Southern California University - Brain and Creativity Institute,17M19R20,NA,30,0.5263157894736842,11,10,11.5,20,28,5,3.5,4.5,4,17,12,10,16,16,7,7,6,62,56,20,31,7,31,13,34,22,41,27,49,41,43,NA,NA,NA,0,block12,TRUE
US_SouthernCalifornia,16n18j21,male,21,15,nonmusician,USA,Southern California University - Brain and Creativity Institute,5m22b22,NA,35,0.6140350877192983,25,12,4.5,26,19,6,7,5,7,25,19,12,16,16,20,12,17,93,76,20,41,9,33,16,38,58,45,56,17,48,59.5,NA,NA,NA,0,block12,TRUE
US_SouthernCalifornia,17n12k27,male,27,19,nonmusician,USA,Southern California University - Brain and Creativity Institute,12m6s28,NA,28,0.49122807017543857,9,14,8,29,21,6.5,2.5,8.5,8,25.5,19,16,18,16,17,16,15,98,83,42,42,10,32,31,66,32,48,38,23,35,62,NA,NA,NA,1,block12,TRUE
US_SouthernCalifornia,19n27m19,nonbinary,19,14,nonmusician,USA,Southern California University - Brain and Creativity Institute,14m6d18,NA,38,0.6666666666666666,29,11,6.5,18.5,22,4,2,4.5,3.5,14,10,11,14,16,17,12,15,85,70,24,33,7,29,25,46,45,37,41,39,56,61,NA,NA,NA,0,block12,TRUE
US_SouthernCalifornia,20n4s20,female,20,14,nonmusician,USA,Southern California University - Brain and Creativity Institute,16m15a21,NA,31,0.543859649122807,20,10,9.5,22.5,17,2.5,3.5,3.5,6,15.5,13,19,20,20,20,16,17,112,95,44,48,9,35,29,68,46,38,41,39,51,42.5,NA,NA,NA,0,block12,FALSE
US_SouthernCalifornia,21n20m22,female,22,15,nonmusician,USA,Southern California University - Brain and Creativity Institute,21m22l21,NA,33,0.5789473684210527,20,8.5,8.5,22,14,4.5,5.5,5.5,6,21.5,17,15,18,17,17,14,13,94,81,25,42,13,35,16,40,52,53,50,15,43,64.5,1,5,NA,1,block12,TRUE
US_SouthernCalifornia,22n14t22,female,22,16,nonmusician,USA,Southern California University - Brain and Creativity Institute,7m13c22,NA,23,0.40350877192982454,13,10.5,5,16.5,23,4,5.5,5.5,6,21,17,18,19,20,20,20,19,116,97,54,46,16,37,24,77,38,50,47,32,54,57,NA,NA,NA,0,block12,TRUE
US_SouthernCalifornia,24n21a20,female,20,14,nonmusician,USA,Southern California University - Brain and Creativity Institute,22m22k19,NA,25,0.43859649122807015,15,7.5,5,11,7,4.5,4,3,4,15.5,11,12,16,16,18,16,13,91,78,29,27,7,26,7,32,40,46,39,54,53,24,1,5,NA,0,block12,FALSE
US_SouthernCalifornia,11m21p19,male,19,14,musician,USA,Southern California University - Brain and Creativity Institute,NA,NA,39,0.6842105263157895,29,13.5,11.5,34.5,28,8,8,9,7,32,24,13,18,19,9,14,17,90,73,34,57,37,32,17,75,33,60,37,33,42,61,NA,NA,11,6-9,block12,FALSE
US_SouthernCalifornia,13n9j21,female,21,14,nonmusician,USA,Southern California University - Brain and Creativity Institute,NA,NA,29,0.5087719298245614,11,9,5.5,16,18,5.5,4,5,5,19.5,14,15,20,20,15,19,20,109,89,49,49,19,40,36,88,45,52,41,41,52,55,1,4,NA,1,block12,FALSE
US_SouthernCalifornia,18n26j18,female,18,13,nonmusician,USA,Southern California University - Brain and Creativity Institute,NA,NA,30,0.5263157894736842,20,9,6.5,18.5,14,6.5,6.5,6,4.5,23.5,17,16,17,20,10,4,12,79,67,37,40,14,29,17,49,51,41,53,29,60,58,NA,NA,NA,1,block12,TRUE
US_SouthernCalifornia,23n22g19,female,19,14,nonmusician,USA,Southern California University - Brain and Creativity Institute,NA,NA,32,0.5614035087719298,25,18.5,5.5,37,26,6.5,6.5,9,5,27,20.5,15,16,16,16,16,16,95,79,34,36,11,26,20,50,37,40,36,39,45,63.5,NA,NA,NA,0,block12,TRUE
US_Vanderbilt,2N1K21,male,21,16,nonmusician,USA,Vanderbilt University - Vanderbilt Music Cognition Lab,10M6S21,NA,42,0.7368421052631579,20,7.5,9,11.5,21,2,1,4,3.5,10.5,8.5,15,10,17,13,10,7,72,65,14,13,7,23,11,23,39,30,27,41,19,23.5,NA,NA,NA,0,block12,TRUE
US_Vanderbilt,5M12J30,female,30,19,musician,USA,Vanderbilt University - Vanderbilt Music Cognition Lab,12N14H30,NA,47,0.8245614035087719,21,11.5,10,22.5,15,6.5,2,5,4.5,18,11.5,19,17,20,20,20,11,107,96,55,55,38,35,37,102,54,50,60,39,56,59,NA,NA,10,10 or more,block12,TRUE
US_Vanderbilt,16M12L23,female,23,16,musician,USA,Vanderbilt University - Vanderbilt Music Cognition Lab,13N11T23,NA,53,0.9298245614035088,25,8,8.5,34,16,7.5,6,7,5.5,26,18.5,12,17,16,14,17,14,90,76,39,54,40,33,35,94,42,55,44,51,60,63,NA,NA,14,10 or more,block12,TRUE
US_Vanderbilt,15N21E23,female,23,16,nonmusician,USA,Vanderbilt University - Vanderbilt Music Cognition Lab,14M31A24,NA,46,0.8070175438596491,22,10,10.5,17.5,19,6.5,3.5,6,4,20,13.5,17,11,18,17,16,8,87,79,33,41,9,35,25,55,44,48,58,35,37,61,1,5,NA,0.5,block12,TRUE
US_Vanderbilt,18M24J23,male,28,17,musician,USA,Vanderbilt University - Vanderbilt Music Cognition Lab,14N24C25,NA,47,0.8245614035087719,25,11.5,8.5,27.5,29,7,8,9,5,29,22,17,20,20,17,20,19,113,94,54,58,48,41,38,115,43,41,41,41,55,57,NA,NA,17,10 or more,block12,TRUE
US_Vanderbilt,14M31A24,female,24,17,musician,USA,Vanderbilt University - Vanderbilt Music Cognition Lab,15N21E23,NA,50,0.8771929824561403,26,9,9.5,21,17,7,6,4,6,23,16,12,16,16,16,14,8,82,74,36,51,44,34,35,93,43,53,58,28,46,66,NA,NA,12,10 or more,block12,TRUE
US_Vanderbilt,13N11T23,female,23,16,nonmusician,USA,Vanderbilt University - Vanderbilt Music Cognition Lab,16M12L23,NA,39,0.6842105263157895,18,9.5,7,16.5,14,4.5,2.5,3,6,16,11.5,16,18,18,13,16,13,94,81,43,41,13,34,30,67,43,42,32,43,47,66,NA,NA,NA,0,block12,TRUE
US_Vanderbilt,17N27Z27,female,27,16,nonmusician,USA,Vanderbilt University - Vanderbilt Music Cognition Lab,17M31K30,NA,51,0.8947368421052632,18,8,6.5,22,18,5.5,6,5.5,7,24,18.5,12,14,14,16,14,9,79,70,29,38,13,29,16,42,33,46,37,37,55,45,1,5,NA,1,block12,TRUE
US_Vanderbilt,17M31K30,female,30,17,musician,USA,Vanderbilt University - Vanderbilt Music Cognition Lab,17N27Z27,NA,57,1,16,8.5,8,29.5,24,8.5,8,6.5,6,29,20.5,13,20,17,19,18,10,97,87,44,63,43,42,31,103,26,48,41,59,52,57,NA,NA,18,10 or more,block12,TRUE
US_Vanderbilt,14N24C25,male,25,16,nonmusician,USA,Vanderbilt University - Vanderbilt Music Cognition Lab,18M24J23,NA,55,0.9649122807017544,27,11.5,9.5,11,25,4.5,6,7.5,6,24,19.5,12,17,16,11,13,9,78,69,33,38,8,32,14,38,31,48,47,20,45,56,NA,NA,NA,0,block12,TRUE
US_Vanderbilt,2M6C21,female,21,15,musician,USA,Vanderbilt University - Vanderbilt Music Cognition Lab,18N4S22,NA,51,0.8947368421052632,25,8.5,8.5,22.5,14,8,8,6,7,29,21,15,15,19,16,18,14,97,83,47,58,41,34,40,107,40,49,52,22,52,57,NA,NA,18,10 or more,block12,TRUE
US_Vanderbilt,4N11D20,female,20,14,nonmusician,USA,Vanderbilt University - Vanderbilt Music Cognition Lab,1M9C19,NA,21,0.3684210526315789,18,10,10.5,21.5,-10,7.5,4,5.5,7,24,16.5,15,13,19,16,16,13,92,79,31,43,20,35,20,65,39,55,51,31,49,61,NA,NA,NA,2,block12,TRUE
US_Vanderbilt,8M24C19,female,19,13,musician,USA,Vanderbilt University - Vanderbilt Music Cognition Lab,1N15H20,NA,50,0.8771929824561403,23,9,10.5,21.5,19,8,6,6.5,6.5,27,19,14,12,16,16,14,14,86,72,42,45,34,30,27,82,45,38,39,34,48,27,NA,NA,10,6-9,block12,FALSE
US_Vanderbilt,18N4S22,female,22,15,nonmusician,USA,Vanderbilt University - Vanderbilt Music Cognition Lab,2M6C21,NA,37,0.6491228070175439,20,7.5,6.5,23.5,15,5,6,5.5,6.5,23,18,15,17,20,17,14,14,97,83,35,40,14,30,31,66,23,56,31,34,34,44,NA,NA,NA,0,block12,TRUE
US_Vanderbilt,10M6S21,male,21,16,musician,USA,Vanderbilt University - Vanderbilt Music Cognition Lab,2N1K21,NA,51,0.8947368421052632,25,8.5,9,27,25,6.5,6,6,7,25.5,19,17,16,16,17,18,16,100,84,48,50,46,39,29,97,53,42,40,26,52,32.5,NA,NA,11,10 or more,block12,TRUE
US_Vanderbilt,4M22A18,male,18,13,musician,USA,Vanderbilt University - Vanderbilt Music Cognition Lab,3N26I18,NA,40,0.7017543859649122,22,8.5,11.5,23.5,30,6,7.5,6.5,8,28,22,17,19,20,12,17,16,101,85,45,55,39,38,25,86,39,46,44,34,44,66,NA,NA,10,10 or more,block12,TRUE
US_Vanderbilt,3N26I18,male,18,13,nonmusician,USA,Vanderbilt University - Vanderbilt Music Cognition Lab,4M22A18,NA,54,0.9473684210526315,25,10,11,26,20,4.5,3,5.5,6,19,14.5,13,17,15,10,11,10,76,66,30,41,7,35,18,46,45,42,32,30,41,53,NA,NA,NA,0,block12,TRUE
US_Vanderbilt,1M9C19,female,19,15,musician,USA,Vanderbilt University - Vanderbilt Music Cognition Lab,4N11D20,NA,41,0.7192982456140351,16,12.5,7.5,25.5,15,7.5,4,7.5,5.5,24.5,17,19,17,19,19,20,20,114,94,59,61,42,42,43,115,49,49,60,24,58,66,NA,NA,12,10 or more,block12,TRUE
US_Vanderbilt,12N14H30,female,30,20,nonmusician,USA,Vanderbilt University - Vanderbilt Music Cognition Lab,5M12J30,NA,40,0.7017543859649122,15,10,8,19,14,3,3,6,6.5,18.5,15.5,15,19,20,18,17,16,105,89,32,52,24,37,26,74,23,46,56,50,32,22,NA,NA,NA,0,block12,TRUE
US_Vanderbilt,1N15H20,female,20,14,nonmusician,USA,Vanderbilt University - Vanderbilt Music Cognition Lab,8M24C19,NA,47,0.8245614035087719,25,9,9,35.5,24,8,7.5,5.5,6.5,27.5,19.5,14,10,16,9,15,8,72,64,37,45,25,24,31,79,29,47,45,27,39,61,1,5,NA,1,block12,FALSE
US_Vanderbilt,9N17S20,female,20,15,nonmusician,USA,Vanderbilt University - Vanderbilt Music Cognition Lab,9M3C20,NA,46,0.8070175438596491,27,11,8.5,23.5,15,4.5,4,5,5.5,19,14.5,19,16,16,16,14,12,93,81,43,49,19,35,31,77,40,55,45,34,55,58,NA,NA,NA,0.5,block12,FALSE
US_Vanderbilt,9M3C20,female,20,16,musician,USA,Vanderbilt University - Vanderbilt Music Cognition Lab,9N17S20,NA,46,0.8070175438596491,15,9.5,9.5,31,27,8.5,6.5,7,7.5,29.5,21,19,20,18,13,19,11,100,89,52,53,43,35,32,99,38,51,52,32,49,58,NA,NA,9,10 or more,block12,FALSE
US_Vanderbilt,3M12A20,female,20,14,musician,USA,Vanderbilt University - Vanderbilt Music Cognition Lab,NA,NA,NA,NA,30,11.5,11,31,29,8,7,8,6,29,21,17,20,19,19,16,16,107,91,53,59,45,39,40,106,35,42,50,41,58,58,NA,NA,16,10 or more,block12,TRUE
US_Vanderbilt,6M20M20,female,20,14,musician,USA,Vanderbilt University - Vanderbilt Music Cognition Lab,NA,NA,50,0.8771929824561403,29,11,12,25.5,19,8.5,6,6,5.5,26,17.5,9,12,15,12,15,8,71,63,31,38,37,29,13,61,28,37,52,45,39,8,NA,NA,13,6-9,block12,FALSE
US_Vanderbilt,7M17C19,female,19,13,musician,USA,Vanderbilt University - Vanderbilt Music Cognition Lab,NA,NA,45,0.7894736842105263,26,11,8.5,33,23,9.5,7,6,7,29.5,20,19,20,20,16,20,18,113,95,54,59,39,40,35,104,27,53,46,39,56,53,NA,NA,16,10 or more,block12,TRUE
US_Vanderbilt,13M30A24,female,24,16,musician,USA,Vanderbilt University - Vanderbilt Music Cognition Lab,NA,NA,49,0.8596491228070176,12,10.5,8.5,25.5,25,8,6,4.5,7,25.5,17.5,12,19,14,20,18,13,96,83,35,58,43,33,39,100,41,48,51,27,54,62,NA,NA,13,10 or more,block12,TRUE
US_Vanderbilt,15M17E22,female,22,16,musician,USA,Vanderbilt University - Vanderbilt Music Cognition Lab,NA,NA,39,0.6842105263157895,29,11,NA,31,30,7,7,7,7.5,28.5,21.5,20,20,20,18,20,20,118,98,59,63,44,42,46,119,50,60,55,32,59,63,NA,NA,14,10 or more,block12,TRUE
US_Vanderbilt,10N18X20,female,20,14,nonmusician,USA,Vanderbilt University - Vanderbilt Music Cognition Lab,NA,NA,NA,NA,16,14.5,10,26,25,5,3.5,6.5,6,21,16,12,16,17,12,14,16,87,71,22,44,16,35,17,45,50,47,30,25,55,47.5,NA,NA,NA,0.5,block12,TRUE
US_Vanderbilt,8N4Y20,female,20,14,nonmusician,USA,Vanderbilt University - Vanderbilt Music Cognition Lab,NA,NA,NA,NA,22,12.5,8.5,20,21,5,4.5,4,5,18.5,13.5,14,15,18,17,13,14,91,77,28,51,21,31,32,75,48,44,33,30,49,66,NA,NA,NA,0,block12,TRUE
US_Vanderbilt,7N13Y19,female,19,14,nonmusician,USA,Vanderbilt University - Vanderbilt Music Cognition Lab,NA,NA,NA,NA,26,18,8,34,25,5.5,3,7,5.5,21,15.5,14,20,20,18,16,17,105,88,38,47,19,38,37,82,25,52,23,51,54,59.5,2,5,NA,3-5,block12,FALSE
US_Vanderbilt,12M21T19,male,19,14,musician,USA,Vanderbilt University - Vanderbilt Music Cognition Lab,NA,NA,NA,NA,19,15.5,8,29,-16,9,5,6,6.5,26.5,17.5,16,16,16,13,16,16,93,77,46,49,40,32,37,102,37,44,35,36,40,45.5,NA,NA,13,10 or more,block12,TRUE
US_Vanderbilt,11M25A19,male,19,13,musician,USA,Vanderbilt University - Vanderbilt Music Cognition Lab,NA,NA,NA,NA,25,13,8,31.5,25,9,5,8,4.5,26.5,17.5,13,16,15,16,16,17,93,76,39,52,41,37,31,93,37,51,23,27,51,66,NA,NA,13,10 or more,block12,TRUE
US_Vanderbilt,19N27T21,male,21,15,nonmusician,USA,Vanderbilt University - Vanderbilt Music Cognition Lab,NA,NA,48,0.8421052631578947,27,10.5,9.5,19,21,5,4,4,5,18,13,17,19,13,18,17,7,91,84,36,48,18,33,30,67,35,32,48,36,37,58,NA,NA,NA,1,block12,TRUE
US_Vanderbilt,6N29B19,male,19,12,nonmusician,USA,Vanderbilt University - Vanderbilt Music Cognition Lab,NA,NA,34,0.5964912280701754,27,17.5,13,29,23,9,5,6,7,27,18,17,10,16,8,16,8,75,67,35,46,21,29,31,76,27,36,28,23,52,66,1,2,NA,1,block12,FALSE
US_Vanderbilt,5N24A20,male,20,14,nonmusician,USA,Vanderbilt University - Vanderbilt Music Cognition Lab,NA,NA,NA,NA,8,9.5,7,18,13,5,2.5,4,2.5,14,9,15,11,16,12,11,12,77,65,33,32,14,30,25,57,44,45,47,25,52,22.5,1,5,NA,0,block12,TRUE
US_Vanderbilt,11N19I18,male,18,13,nonmusician,USA,Vanderbilt University - Vanderbilt Music Cognition Lab,NA,NA,NA,NA,14,12,9,14,11,2.5,2.5,3.5,5,13.5,11,13,12,17,11,12,12,77,65,35,45,12,34,11,42,45,50,48,33,48,25,1,5,NA,1,block12,TRUE
